shift,MAE,RMSE,R2,mean_error,overestimation_share,max_overestimation,near_failure_MAE,warning_zone_MAE,candidate_hash
0.0,12.4039938909521,15.773862476611,0.8559157347891024,-4.507451444938912,0.43,30.14295000753515,5.853021137488986,8.423227046374107,13f7d88e1fc03c0d617fef0c7e05aaed
0.5,12.476789744126702,15.923950165583145,0.8531607778167063,-5.007451444938912,0.42,29.64295000753515,5.724204550187398,8.45263881107999,13f7d88e1fc03c0d617fef0c7e05aaed
1.0,12.56818130098881,16.08818325109813,0.8501162795842174,-5.507451444938911,0.4,29.14295000753515,5.648167097084945,8.482050575785872,13f7d88e1fc03c0d617fef0c7e05aaed
1.5,12.670564808314818,16.266133276407558,0.8467822400916356,-6.007451444938911,0.39,28.64295000753515,5.597701126388975,8.511462340491754,13f7d88e1fc03c0d617fef0c7e05aaed
2.0,12.782131594029103,16.457355292111554,0.843158659338961,-6.507451444938911,0.38,28.14295000753515,5.577701126388974,8.550090491752256,13f7d88e1fc03c0d617fef0c7e05aaed
2.5,12.902131594029104,16.661392338449122,0.8392455373261936,-7.007451444938911,0.38,27.64295000753515,5.557701126388975,8.638325785869903,13f7d88e1fc03c0d617fef0c7e05aaed
3.0,13.034021842280334,16.87777965553141,0.8350428740533332,-7.507451444938911,0.36,27.14295000753515,5.57368398353183,8.72656107998755,13f7d88e1fc03c0d617fef0c7e05aaed
3.5,13.191594828826394,17.106048566095236,0.8305506695203801,-8.00745144493891,0.31,26.64295000753515,5.627683983531831,8.814796374105198,13f7d88e1fc03c0d617fef0c7e05aaed
4.0,13.38404460585365,17.345729993014068,0.8257689237273342,-8.50745144493891,0.3,26.14295000753515,5.767683983531831,8.903031668222845,13f7d88e1fc03c0d617fef0c7e05aaed
4.5,13.577249323115554,17.593214311681947,0.8207616893500409,-9.000656162200817,0.3,25.64295000753515,5.8805028525794505,8.991266962340491,13f7d88e1fc03c0d617fef0c7e05aaed
5.0,13.772879927814358,17.849281385506007,0.8155061355072952,-9.490656162200816,0.29,25.14295000753515,5.98050285257945,9.079502256458138,13f7d88e1fc03c0d617fef0c7e05aaed
5.5,13.983662687554618,18.11029624811711,0.8100708761133065,-9.976420965591869,0.27,24.64295000753515,6.123633891540489,9.167737550575785,13f7d88e1fc03c0d617fef0c7e05aaed
6.0,14.194615329546448,18.378121648344298,0.8044117776343152,-10.457373607583701,0.27,24.14295000753515,6.2674444595078125,9.255972844693432,13f7d88e1fc03c0d617fef0c7e05aaed
6.5,14.407387313673432,18.654563219998607,0.7984834935255535,-10.937373607583702,0.26,23.64295000753515,6.418532396015751,9.34420813881108,13f7d88e1fc03c0d617fef0c7e05aaed
7.0,14.640681816655754,18.93763613367899,0.7923212833605825,-11.413243898942671,0.22,23.14295000753515,6.584945466213526,9.472828937130409,13f7d88e1fc03c0d617fef0c7e05aaed
7.5,14.895681816655754,19.22848944224602,0.7858930366076473,-11.88824389894267,0.22,22.64295000753515,6.784945466213526,9.61988776065982,13f7d88e1fc03c0d617fef0c7e05aaed
8.0,15.150681816655753,19.52717465814011,0.7791897256576238,-12.363243898942672,0.22,22.14295000753515,6.984945466213526,9.766946584189231,13f7d88e1fc03c0d617fef0c7e05aaed
8.5,15.411930705544643,19.833337944694332,0.7722113505105122,-12.838243898942672,0.19,21.64295000753515,7.20196102176908,9.925740701836292,13f7d88e1fc03c0d617fef0c7e05aaed
9.0,15.718916674714363,20.14478719814191,0.7650011030025532,-13.310003161763186,0.16,21.14295000753515,7.468269898447956,10.226143713040774,13f7d88e1fc03c0d617fef0c7e05aaed
9.5,16.022724921051356,20.457901757851367,0.7576390572085477,-13.77381140810018,0.16,20.64295000753515,7.703502883795941,10.54967312480548,13f7d88e1fc03c0d617fef0c7e05aaed
10.0,16.33006778445408,20.77593694017187,0.7500450782491057,-14.23381140810018,0.15,20.14295000753515,7.9235028837959405,10.873202536570188,13f7d88e1fc03c0d617fef0c7e05aaed
10.5,16.64056111778741,21.100079790135826,0.7421847213303782,-14.69381140810018,0.14,19.64295000753515,8.143502883795941,11.199633909119203,13f7d88e1fc03c0d617fef0c7e05aaed
11.0,16.960561117787407,21.430053162747836,0.7340579864523653,-15.15381140810018,0.14,19.14295000753515,8.36350288379594,11.581986850295674,13f7d88e1fc03c0d617fef0c7e05aaed
11.5,17.29287717859507,21.76439846322577,0.725694956662585,-15.610627906116054,0.11,18.64295000753515,8.623164746074185,11.97846093993153,13f7d88e1fc03c0d617fef0c7e05aaed
12.0,17.634881860232873,22.101818345443956,0.7171237630363039,-16.062632587753864,0.11,18.14295000753515,8.891183472625412,12.419637410519766,13f7d88e1fc03c0d617fef0c7e05aaed
12.5,17.974881860232873,22.443217388840598,0.7083172888313298,-16.512632587753863,0.11,17.64295000753515,9.151183472625412,12.860813881108001,13f7d88e1fc03c0d617fef0c7e05aaed
13.0,18.317268645947163,22.78937558053118,0.6992502274922723,-16.962632587753863,0.1,17.14295000753515,9.411183472625412,13.316030267662619,13f7d88e1fc03c0d617fef0c7e05aaed
13.5,18.667268645947164,23.140079341658804,0.689922579019131,-17.412632587753862,0.1,16.64295000753515,9.671183472625412,13.816030267662619,13f7d88e1fc03c0d617fef0c7e05aaed
14.0,19.026209168913216,23.49512512258699,0.6803343434119065,-17.86263258775386,0.09,16.14295000753515,9.931183472625412,14.316030267662619,13f7d88e1fc03c0d617fef0c7e05aaed
14.5,19.38620916891322,23.85431904527506,0.6704855206705982,-18.312632587753864,0.09,15.642950007535148,10.191183472625411,14.816030267662619,13f7d88e1fc03c0d617fef0c7e05aaed
15.0,19.749422840866593,24.217476534550954,0.6603761107952064,-18.762632587753863,0.08,15.142950007535148,10.451183472625415,15.31603026766262,13f7d88e1fc03c0d617fef0c7e05aaed
15.5,20.12861886539762,24.58442194336243,0.6500061137857309,-19.212632587753863,0.07,14.642950007535148,10.747967570749509,15.816030267662617,13f7d88e1fc03c0d617fef0c7e05aaed
16.0,20.508618865397615,24.954988176255142,0.6393755296421721,-19.66263258775386,0.07,14.142950007535148,11.047967570749508,16.31603026766262,13f7d88e1fc03c0d617fef0c7e05aaed
16.5,20.89810740259025,25.329016314590422,0.6284843583645296,-20.112632587753858,0.06,13.642950007535148,11.347967570749509,16.81603026766262,13f7d88e1fc03c0d617fef0c7e05aaed
17.0,21.28810740259025,25.706355246369363,0.6173325999528038,-20.562632587753857,0.06,13.142950007535148,11.647967570749508,17.31603026766262,13f7d88e1fc03c0d617fef0c7e05aaed
17.5,21.686073606119603,26.086861302968117,0.6059202544069943,-21.012632587753856,0.05,12.642950007535148,11.947967570749508,17.81603026766262,13f7d88e1fc03c0d617fef0c7e05aaed
18.0,22.0860736061196,26.47039790460373,0.5942473217271012,-21.46263258775386,0.05,12.142950007535148,12.247967570749509,18.31603026766262,13f7d88e1fc03c0d617fef0c7e05aaed
18.5,22.486073606119604,26.856835215933454,0.5823138019131245,-21.912632587753862,0.05,11.642950007535148,12.547967570749508,18.81603026766262,13f7d88e1fc03c0d617fef0c7e05aaed
19.0,22.88287240572278,27.24274102238864,0.570224098905362,-22.359431387357034,0.05,11.142950007535148,12.83516276916221,19.31603026766262,13f7d88e1fc03c0d617fef0c7e05aaed
19.5,23.27500162199262,27.62802315975442,0.557981874418354,-22.801560603626875,0.05,10.642950007535148,13.103679634241573,19.81603026766262,13f7d88e1fc03c0d617fef0c7e05aaed
20.0,23.66500162199262,28.014803663769513,0.5455191148656773,-23.241560603626876,0.05,10.142950007535148,13.363679634241572,20.316030267662622,13f7d88e1fc03c0d617fef0c7e05aaed
0.0,12.261385922605673,16.495928145672924,0.8424225862872309,-4.241961659291762,0.42,37.56415426936863,5.324122244773199,6.999075130587858,e722a2b98432005e2fb4b3214deef2fc
0.5,12.341385922605673,16.631524495562513,0.8398213698089908,-4.741961659291762,0.42,37.06415426936863,5.3041222447731995,6.969663365881975,e722a2b98432005e2fb4b3214deef2fc
1.0,12.432912499541217,16.780928720001988,0.836930612070658,-5.241961659291762,0.39,36.56415426936863,5.302014433140388,6.940251601176093,e722a2b98432005e2fb4b3214deef2fc
1.5,12.56548463065024,16.943775564055358,0.8337503130722324,-5.7419616592917615,0.35,36.06415426936863,5.339936132552086,6.9632937657109055,e722a2b98432005e2fb4b3214deef2fc
2.0,12.715546656263514,17.1196814229813,0.8302804728137138,-6.2419616592917615,0.34,35.56415426936863,5.400184235005189,6.992705530416788,e722a2b98432005e2fb4b3214deef2fc
2.5,12.877366580505937,17.308248140226755,0.8265210912951024,-6.7419616592917615,0.33,35.06415426936863,5.507463931974887,7.02211729512267,e722a2b98432005e2fb4b3214deef2fc
3.0,13.054134947430725,17.509066661103176,0.8224721685163983,-7.2419616592917615,0.32,34.56415426936863,5.647463931974887,7.051529059828552,e722a2b98432005e2fb4b3214deef2fc
3.5,13.234134947430725,17.721720486517285,0.8181337044776013,-7.7419616592917615,0.32,34.06415426936863,5.787463931974887,7.0809408245344345,e722a2b98432005e2fb4b3214deef2fc
4.0,13.426542431577017,17.945788883789373,0.8135056991787114,-8.24196165929176,0.3,33.56415426936863,5.927463931974887,7.183337790100843,e722a2b98432005e2fb4b3214deef2fc
4.5,13.635641888925225,18.180849823944698,0.8085881526197287,-8.74196165929176,0.28,33.06415426936863,6.077330881136836,7.3303966136302545,e722a2b98432005e2fb4b3214deef2fc
5.0,13.855766856694176,18.42482691743202,0.8034163975454038,-9.23895607484149,0.27,32.56415426936863,6.245308543335748,7.477455437159667,e722a2b98432005e2fb4b3214deef2fc
5.5,14.080766856694176,18.677813121780854,0.7979808649059725,-9.73395607484149,0.27,32.06415426936863,6.405308543335748,7.624514260689078,e722a2b98432005e2fb4b3214deef2fc
6.0,14.312447265452084,18.94048993788203,0.7922586864190495,-10.22895607484149,0.26,31.56415426936863,6.592030178367383,7.77157308421849,e722a2b98432005e2fb4b3214deef2fc
6.5,14.551641627687072,19.211438139218387,0.7862725967397799,-10.721393105380393,0.24,31.06415426936863,6.8088076273073375,7.918631907747901,e722a2b98432005e2fb4b3214deef2fc
7.0,14.80245455033149,19.48802833747927,0.7800741593445184,-11.206393105380393,0.23,30.56415426936863,7.048807627307338,8.065690731277314,e722a2b98432005e2fb4b3214deef2fc
7.5,15.065891218157795,19.766691229344566,0.7737396719727723,-11.684032653540566,0.21,30.06415426936863,7.2857572411738625,8.266862874569496,e722a2b98432005e2fb4b3214deef2fc
8.0,15.335983287523613,20.05177335822914,0.7671661978357902,-12.159032653540567,0.19,29.56415426936863,7.545580741562362,8.473546370267705,e722a2b98432005e2fb4b3214deef2fc
8.5,15.630545980865385,20.34453605918131,0.76031765950172,-12.634032653540567,0.18,29.06415426936863,7.825580741562362,8.738252252620647,e722a2b98432005e2fb4b3214deef2fc
9.0,15.939134719317948,20.643773771681804,0.7532150687368765,-13.106796129994668,0.15,28.56415426936863,8.129659958179078,9.042618983187813,e722a2b98432005e2fb4b3214deef2fc
9.5,16.25689450689149,20.948051136379664,0.7458865183495167,-13.57455591756821,0.15,28.06415426936863,8.420699108473228,9.36614839495252,e722a2b98432005e2fb4b3214deef2fc
10.0,16.57186349408485,21.257878681299786,0.738314111251446,-14.03952490476157,0.15,27.56415426936863,8.700575057246676,9.689677806717226,e722a2b98432005e2fb4b3214deef2fc
10.5,16.885266225287275,21.572133203130875,0.730519935649095,-14.49952490476157,0.13,27.06415426936863,8.960575057246677,10.02972102085603,e722a2b98432005e2fb4b3214deef2fc
11.0,17.217096195039744,21.88867297730064,0.7225534546979047,-14.954526385641802,0.12,26.56415426936863,9.2005809807676,10.452241543633907,e722a2b98432005e2fb4b3214deef2fc
11.5,17.55886907341137,22.210943948712607,0.714323518641562,-15.409526385641803,0.11,26.06415426936863,9.467672494254112,10.893418014222142,e722a2b98432005e2fb4b3214deef2fc
12.0,17.90386907341137,22.538701326351855,0.705830100038535,-15.864526385641803,0.11,25.56415426936863,9.747672494254113,11.334594484810378,e722a2b98432005e2fb4b3214deef2fc
12.5,18.24886907341137,22.8717092466684,0.6970731988888235,-16.3195263856418,0.11,25.06415426936863,10.027672494254114,11.775770955398613,e722a2b98432005e2fb4b3214deef2fc
13.0,18.60095143452838,23.2097417101048,0.6880528151924276,-16.774526385641803,0.1,24.56415426936863,10.307672494254113,12.216947425986847,e722a2b98432005e2fb4b3214deef2fc
13.5,18.962431451317144,23.55258237721334,0.6787689489493471,-17.2295263856418,0.09,24.06415426936863,10.587672494254114,12.69624164239136,e722a2b98432005e2fb4b3214deef2fc
14.0,19.32907124506098,23.90002433097218,0.6692216001595823,-17.684526385641803,0.08,23.56415426936863,10.874231669229465,13.19624164239136,e722a2b98432005e2fb4b3214deef2fc
14.5,19.70407124506098,24.251869812587728,0.6594107688231329,-18.1395263856418,0.08,23.06415426936863,11.194231669229463,13.69624164239136,e722a2b98432005e2fb4b3214deef2fc
15.0,20.076392625303644,24.60413628598912,0.6494445658319965,-18.590127378815296,0.07,22.56415426936863,11.496635641923435,14.19624164239136,e722a2b98432005e2fb4b3214deef2fc
15.5,20.460744170917938,24.959394294099464,0.6392481728045215,-19.03889401017005,0.06,22.06415426936863,11.791702167342462,14.69624164239136,e722a2b98432005e2fb4b3214deef2fc
16.0,20.84574417091794,25.316847306457706,0.6288412526698628,-19.48389401017005,0.06,21.56415426936863,12.071702167342462,15.196241642391362,e722a2b98432005e2fb4b3214deef2fc
16.5,21.230744170917937,25.677989632147316,0.6181766408137215,-19.92889401017005,0.06,21.06415426936863,12.351702167342461,15.696241642391362,e722a2b98432005e2fb4b3214deef2fc
17.0,21.613050348004744,26.040791890143648,0.6073109155052754,-20.371200187256854,0.06,20.56415426936863,12.620926875689669,16.19624164239136,e722a2b98432005e2fb4b3214deef2fc
17.5,21.992578476334746,26.4048782495436,0.5962534777534905,-20.810728315586857,0.06,20.06415426936863,12.879039389009684,16.69624164239136,e722a2b98432005e2fb4b3214deef2fc
18.0,22.367578476334746,26.767439617729742,0.5850897927157859,-21.245728315586856,0.06,19.56415426936863,13.119039389009684,17.19624164239136,e722a2b98432005e2fb4b3214deef2fc
18.5,22.742578476334746,27.133172538507075,0.5736742067818006,-21.680728315586858,0.06,19.06415426936863,13.359039389009684,17.69624164239136,e722a2b98432005e2fb4b3214deef2fc
19.0,23.11360915010542,27.49889076059757,0.5621041721602613,-22.111758989357533,0.06,18.56415426936863,13.583162084092377,18.19624164239136,e722a2b98432005e2fb4b3214deef2fc
19.5,23.483609150105423,27.866749937024156,0.5503101380366902,-22.541758989357533,0.06,18.06415426936863,13.803162084092378,18.69624164239136,e722a2b98432005e2fb4b3214deef2fc
20.0,23.85360915010542,28.23743102766244,0.5382670984294393,-22.971758989357532,0.06,17.56415426936863,14.023162084092379,19.19624164239136,e722a2b98432005e2fb4b3214deef2fc
0.0,12.51570077893046,16.389596418926597,0.8444475073420183,-4.059099881954427,0.43,42.105741792798284,4.711864394239457,9.60620694566663,7010f628f2b8f23b01c2170791b7c58a
0.5,12.59661244897987,16.520531790994077,0.8419521829226445,-4.559099881954427,0.39,41.605741792798284,4.596665376140254,9.538253173518584,7010f628f2b8f23b01c2170791b7c58a
1.0,12.707272993419089,16.665445404764924,0.8391673172431778,-5.059099881954427,0.38,41.105741792798284,4.539307553897138,9.5088414088127,7010f628f2b8f23b01c2170791b7c58a
1.5,12.828500612979399,16.82397605862404,0.8360929103036182,-5.5590998819544275,0.37,40.605741792798284,4.524218032138366,9.479429644106817,7010f628f2b8f23b01c2170791b7c58a
2.0,12.963851836933397,16.995742711135318,0.8327289621039659,-6.0590998819544275,0.36,40.105741792798284,4.5656229279543625,9.450017879400935,7010f628f2b8f23b01c2170791b7c58a
2.5,13.11518696649116,17.180348372051824,0.8290754726442207,-6.5590998819544275,0.33,39.605741792798284,4.666971654520756,9.420606114695053,7010f628f2b8f23b01c2170791b7c58a
3.0,13.290872856738897,17.37738386717109,0.8251324419243826,-7.0590998819544275,0.32,39.105741792798284,4.806971654520756,9.39119434998917,7010f628f2b8f23b01c2170791b7c58a
3.5,13.490644548071115,17.58599077828859,0.8209088447361332,-7.558001478672694,0.29,38.605741792798284,4.970456385157898,9.388110856904927,7010f628f2b8f23b01c2170791b7c58a
4.0,13.695644548071115,17.80456607538426,0.8164293510449636,-8.053001478672694,0.29,38.105741792798284,5.130456385157898,9.417522621610809,7010f628f2b8f23b01c2170791b7c58a
4.5,13.904191377199897,18.034219545391938,0.811663211506302,-8.548001478672694,0.27,37.605741792798284,5.304643701673025,9.446934386316691,7010f628f2b8f23b01c2170791b7c58a
5.0,14.135803081630808,18.27453353960285,0.8066104261201485,-9.043001478672695,0.26,37.105741792798284,5.571090519396664,9.476346151022573,7010f628f2b8f23b01c2170791b7c58a
5.5,14.380228447345674,18.525093186506297,0.8012709948865032,-9.538001478672694,0.25,36.605741792798284,5.88879198225613,9.505757915728456,7010f628f2b8f23b01c2170791b7c58a
6.0,14.634975758838468,18.784745566702796,0.7956610817598732,-10.031463888489506,0.23,36.105741792798284,6.202641621523381,9.601551454998935,7010f628f2b8f23b01c2170791b7c58a
6.5,14.903014934515102,19.05111593813274,0.789824884005037,-10.519116368425182,0.21,35.605741792798284,6.5347983242299135,9.748610278528346,7010f628f2b8f23b01c2170791b7c58a
7.0,15.177133163288897,19.32418928411653,0.7837565201863741,-11.002021149720461,0.2,35.105741792798284,6.886417449411017,9.902807028401995,7010f628f2b8f23b01c2170791b7c58a
7.5,15.45519416430682,19.6021554607939,0.7774907273200408,-11.480082150738383,0.2,34.605741792798284,7.218661453482711,10.10868938134317,7010f628f2b8f23b01c2170791b7c58a
8.0,15.73590310713337,19.884971231054635,0.7710237757038108,-11.95508215073838,0.19,34.105741792798284,7.53866145348271,10.314571734284346,7010f628f2b8f23b01c2170791b7c58a
8.5,16.02090310713337,20.175595728766197,0.7642817598904927,-12.43008215073838,0.19,33.605741792798284,7.858661453482711,10.520454087225524,7010f628f2b8f23b01c2170791b7c58a
9.0,16.312508697320997,20.473696421539206,0.7572646798800863,-12.90508215073838,0.17,33.105741792798284,8.178661453482711,10.733027884563278,7010f628f2b8f23b01c2170791b7c58a
9.5,16.6324504022176,20.77895154506323,0.7499725356725918,-13.380082150738382,0.15,32.605741792798284,8.498661453482711,11.044145967757682,7010f628f2b8f23b01c2170791b7c58a
10.0,16.9547747902406,21.090018581813695,0.7424305322293896,-13.85240653876138,0.15,32.105741792798284,8.807959005574713,11.367675379522389,7010f628f2b8f23b01c2170791b7c58a
10.5,17.2747747902406,21.40668798109619,0.7346375833357608,-14.322406538761381,0.15,31.605741792798284,9.107959005574711,11.691204791287094,7010f628f2b8f23b01c2170791b7c58a
11.0,17.59444451802099,21.72940589400464,0.7265762970716472,-14.79207626654177,0.15,31.105741792798284,9.40663791669627,12.0147342030518,7010f628f2b8f23b01c2170791b7c58a
11.5,17.911799105736403,22.052813261826202,0.7183767826123191,-15.252909156194795,0.14,30.605741792798284,9.669969475308367,12.338263614816507,7010f628f2b8f23b01c2170791b7c58a
12.0,18.231799105736403,22.38123057200324,0.7099262840013093,-15.712909156194794,0.14,30.105741792798284,9.929969475308367,12.661793026581211,7010f628f2b8f23b01c2170791b7c58a
12.5,18.551799105736404,22.71502566746001,0.7012094074310142,-16.172909156194795,0.14,29.605741792798284,10.189969475308366,12.985322438345918,7010f628f2b8f23b01c2170791b7c58a
13.0,18.86849325352095,23.052794054696008,0.6922574155406825,-16.62960330397934,0.14,29.105741792798284,10.436746066446547,13.308851850110624,7010f628f2b8f23b01c2170791b7c58a
13.5,19.180548775738053,23.393434367917035,0.6830954858861132,-17.08165882619645,0.14,28.605741792798284,10.664968155314982,13.632381261875329,7010f628f2b8f23b01c2170791b7c58a
14.0,19.495138401633486,23.73772167568401,0.6736989113988464,-17.53165882619645,0.13,28.105741792798284,10.88496815531498,13.955910673640036,7010f628f2b8f23b01c2170791b7c58a
14.5,19.822023062541408,24.086429564766025,0.6640417497774962,-17.981658826196448,0.11,27.605741792798284,11.10496815531498,14.316124830827876,7010f628f2b8f23b01c2170791b7c58a
15.0,20.169984294808764,24.43936881354818,0.6541240010220624,-18.43165882619645,0.1,27.105741792798284,11.356813084384392,14.698477772004347,7010f628f2b8f23b01c2170791b7c58a
15.5,20.520447105415688,24.796358741372245,0.643945665132545,-18.88165882619645,0.09,26.605741792798284,11.616813084384392,15.080830713180816,7010f628f2b8f23b01c2170791b7c58a
16.0,20.88333358115679,25.15722690713395,0.6335067421089442,-19.33165882619645,0.07,26.105741792798284,11.881529115431945,15.473227583646803,7010f628f2b8f23b01c2170791b7c58a
16.5,21.263333581156793,25.52180880116495,0.6228072319512598,-19.78165882619645,0.07,25.605741792798284,12.181529115431944,15.914404054235039,7010f628f2b8f23b01c2170791b7c58a
17.0,21.643333581156796,25.88994753392554,0.6118471346594918,-20.231658826196448,0.07,25.105741792798284,12.481529115431945,16.355580524823274,7010f628f2b8f23b01c2170791b7c58a
17.5,22.023333581156795,26.26149352446684,0.6006264502336403,-20.68165882619645,0.07,24.605741792798284,12.781529115431947,16.79675699541151,7010f628f2b8f23b01c2170791b7c58a
18.0,22.403333581156794,26.63630419111875,0.5891451786737051,-21.131658826196443,0.07,24.105741792798284,13.081529115431946,17.237933465999745,7010f628f2b8f23b01c2170791b7c58a
18.5,22.782401358019438,27.013758913490044,0.5774184856597377,-21.58072660305909,0.07,23.605741792798284,13.37780022288253,17.67910993658798,7010f628f2b8f23b01c2170791b7c58a
19.0,23.157401358019438,27.392086398068,0.5654990989248858,-22.02572660305909,0.07,23.105741792798284,13.657800222882532,18.120286407176216,7010f628f2b8f23b01c2170791b7c58a
19.5,23.532401358019438,27.77327175257321,0.5533220204685512,-22.47072660305909,0.07,22.605741792798284,13.937800222882531,18.561462877764452,7010f628f2b8f23b01c2170791b7c58a
20.0,23.907401358019438,28.157198909787535,0.5408872502907339,-22.915726603059092,0.07,22.105741792798284,14.21780022288253,19.002639348352687,7010f628f2b8f23b01c2170791b7c58a
0.0,12.011260918206341,15.868136795902206,0.8541883154504164,-5.495509294316721,0.43,28.11630964789215,5.031723011220226,7.537636253028779,c4e64a59a703935574729f02036c2e6c
0.5,12.090332024878048,16.04815486801465,0.8508611914485134,-5.995509294316721,0.4,27.61630964789215,4.931723011220226,7.455651162336375,c4e64a59a703935574729f02036c2e6c
1.0,12.206797850470371,16.241575784452042,0.8472445261865175,-6.495509294316722,0.37,27.11630964789215,4.8622011812425,7.470836295721292,c4e64a59a703935574729f02036c2e6c
1.5,12.35414572499189,16.447926716045874,0.8433383196644288,-6.995509294316722,0.33,26.61630964789215,4.827785945277571,7.500248060427175,c4e64a59a703935574729f02036c2e6c
2.0,12.532279026067014,16.666727409744613,0.8391425718822472,-7.495509294316722,0.31,26.11630964789215,4.847785945277572,7.574739535282059,c4e64a59a703935574729f02036c2e6c
2.5,12.730243711406185,16.8974942475223,0.8346572828399729,-7.995509294316722,0.3,25.61630964789215,4.899644686634252,7.662974829399706,c4e64a59a703935574729f02036c2e6c
3.0,12.93825063603495,17.139743905302844,0.8298824525376056,-8.49550929431672,0.29,25.11630964789215,4.991672385149312,7.751210123517353,c4e64a59a703935574729f02036c2e6c
3.5,13.157680440515264,17.392996591550364,0.8248180809751456,-8.99550929431672,0.26,24.61630964789215,5.129391603070566,7.839445417635,c4e64a59a703935574729f02036c2e6c
4.0,13.397680440515265,17.656778860482998,0.8194641681525927,-9.49550929431672,0.26,24.11630964789215,5.349391603070566,7.9276807117526475,c4e64a59a703935574729f02036c2e6c
4.5,13.646692667198352,17.930563114899297,0.8138220201355174,-9.995348378920117,0.24,23.61630964789215,5.602569458503423,8.020138140134277,c4e64a59a703935574729f02036c2e6c
5.0,13.919287502841485,18.21193588098542,0.8079330318090467,-10.490181844429639,0.21,23.11630964789215,5.87080862817291,8.197458357971671,c4e64a59a703935574729f02036c2e6c
5.5,14.20698010144269,18.499724062200325,0.8018149196803547,-10.980181844429639,0.2,22.61630964789215,6.130808628172911,8.403340710912847,c4e64a59a703935574729f02036c2e6c
6.0,14.496980101442691,18.796142482487816,0.7954130571167717,-11.47018184442964,0.2,22.11630964789215,6.390808628172911,8.609223063854024,c4e64a59a703935574729f02036c2e6c
6.5,14.791597998742688,19.098511889911254,0.7887778229409552,-11.955161723121162,0.18,21.61630964789215,6.6692802173729095,8.8151054167952,c4e64a59a703935574729f02036c2e6c
7.0,15.097681006577464,19.406398896554787,0.7819127060131217,-12.435161723121162,0.16,21.11630964789215,6.969280217372909,9.020987769736378,c4e64a59a703935574729f02036c2e6c
7.5,15.414523436223176,19.718262217431576,0.774847003574914,-12.912004152766874,0.16,20.61630964789215,7.256649935955759,9.226870122677553,c4e64a59a703935574729f02036c2e6c
8.0,15.729523436223175,20.035203243994225,0.76755085095704,-13.387004152766874,0.16,20.11630964789215,7.536649935955759,9.432752475618729,c4e64a59a703935574729f02036c2e6c
8.5,16.044523436223177,20.35887701178342,0.7599796341420779,-13.862004152766874,0.16,19.61630964789215,7.816649935955759,9.638634828559907,c4e64a59a703935574729f02036c2e6c
9.0,16.358733906101484,20.68858439805574,0.7521425332894416,-14.336214622645183,0.16,19.11630964789215,8.093491815469005,9.844517181501082,c4e64a59a703935574729f02036c2e6c
9.5,16.675754019902875,21.022339047263994,0.7440810012417147,-14.806214622645184,0.15,18.61630964789215,8.353491815469004,10.091694321509246,c4e64a59a703935574729f02036c2e6c
10.0,17.004762332168067,21.361880854474535,0.7357473004095008,-15.276214622645185,0.13,18.11630964789215,8.613491815469004,10.356400203862187,c4e64a59a703935574729f02036c2e6c
10.5,17.349103191762875,21.706938251706777,0.7271414307927994,-15.746214622645184,0.12,17.61630964789215,8.890855253848228,10.621106086215129,c4e64a59a703935574729f02036c2e6c
11.0,17.692354462286676,22.053755292911422,0.7183527218733721,-16.209465893168986,0.12,17.11630964789215,9.163860335943438,10.885811968568069,c4e64a59a703935574729f02036c2e6c
11.5,18.03726339654379,22.403517322348907,0.7093482979764149,-16.669465893168987,0.1,16.61630964789215,9.429481246480876,11.171127889878388,c4e64a59a703935574729f02036c2e6c
12.0,18.400649485443246,22.758010772164525,0.7000774961201722,-17.129465893168984,0.09,16.11630964789215,9.729481246480875,11.514575471639887,c4e64a59a703935574729f02036c2e6c
12.5,18.769661451460586,23.116545715793958,0.690552960205917,-17.588477859186327,0.09,15.616309647892152,10.025529110550243,11.896928412816358,c4e64a59a703935574729f02036c2e6c
13.0,19.13175729699591,23.47619107903369,0.6808493544739562,-18.039864695732405,0.08,15.116309647892152,10.291076456734546,12.283451995106054,c4e64a59a703935574729f02036c2e6c
13.5,19.501757296995912,23.839387833479144,0.6708978997169018,-18.489864695732404,0.08,14.616309647892152,10.551076456734545,12.72462846569429,c4e64a59a703935574729f02036c2e6c
14.0,19.87175729699591,24.206430488008053,0.6606858578257641,-18.939864695732403,0.08,14.116309647892152,10.811076456734545,13.165804936282525,c4e64a59a703935574729f02036c2e6c
14.5,20.24175729699591,24.577146735666823,0.6502132288005427,-19.389864695732403,0.08,13.616309647892152,11.071076456734545,13.606981406870759,c4e64a59a703935574729f02036c2e6c
15.0,20.61175729699591,24.951372835221523,0.6394800126412378,-19.839864695732402,0.08,13.116309647892152,11.331076456734545,14.048157877458994,c4e64a59a703935574729f02036c2e6c
15.5,20.981757296995912,25.32895321678263,0.6284862093478494,-20.289864695732405,0.08,12.616309647892152,11.591076456734545,14.48933434804723,c4e64a59a703935574729f02036c2e6c
16.0,21.35175729699591,25.70974009502421,0.6172318189203774,-20.739864695732404,0.08,12.116309647892152,11.851076456734544,14.930510818635465,c4e64a59a703935574729f02036c2e6c
16.5,21.72382103830015,26.093593091972366,0.6057168413588216,-21.189864695732403,0.07,11.616309647892152,12.111076456734544,15.3716872892237,c4e64a59a703935574729f02036c2e6c
17.0,22.104598574346845,26.480378870876457,0.5939412766631826,-21.639864695732403,0.06,11.116309647892152,12.374186600921318,15.812863759811936,c4e64a59a703935574729f02036c2e6c
17.5,22.498609335860202,26.869350869643227,0.5819244162060659,-22.08867993434168,0.05,10.616309647892152,12.669447555358422,16.28460212983595,c4e64a59a703935574729f02036c2e6c
18.0,22.8936093358602,27.259002111052027,0.5697108825759982,-22.53367993434168,0.05,10.116309647892152,12.949447555358422,16.78460212983595,c4e64a59a703935574729f02036c2e6c
18.5,23.2886093358602,27.651209304923363,0.5572396572244479,-22.97867993434168,0.05,9.616309647892152,13.229447555358423,17.28460212983595,c4e64a59a703935574729f02036c2e6c
19.0,23.6836093358602,28.04586522036755,0.5445107401514149,-23.42367993434168,0.05,9.116309647892152,13.509447555358422,17.78460212983595,c4e64a59a703935574729f02036c2e6c
19.5,24.09323462649747,28.44286792665894,0.5315241313568991,-23.86867993434168,0.03,8.616309647892152,13.789447555358421,18.28460212983595,c4e64a59a703935574729f02036c2e6c
20.0,24.508202906325895,28.839761668366393,0.5183586223950114,-24.311260693858138,0.02,8.116309647892152,14.05977059342426,18.78460212983595,c4e64a59a703935574729f02036c2e6c
0.0,12.161009712282066,15.880299094140048,0.8539647120319072,-5.681643568691405,0.41,28.80258395108359,5.079254832014205,7.3714146394696325,1bc0f70ad5a5e2379fef6fca8b313d4e
0.5,12.268992319684743,16.065974694615843,0.8505298009253063,-6.181643568691405,0.37,28.30258395108359,4.987144983559875,7.299375595218571,1bc0f70ad5a5e2379fef6fca8b313d4e
1.0,12.398992319684744,16.26490659231488,0.8468053485586127,-6.681643568691405,0.37,27.80258395108359,4.927144983559875,7.269963830512689,1bc0f70ad5a5e2379fef6fca8b313d4e
1.5,12.533238208508036,16.476614640921216,0.8427913549318261,-7.181643568691405,0.36,27.30258395108359,4.867144983559874,7.2655278824144185,1bc0f70ad5a5e2379fef6fca8b313d4e
2.0,12.698148602551038,16.700612970610113,0.8384878200449467,-7.681643568691405,0.32,26.80258395108359,4.8354572103752345,7.348161358939027,1bc0f70ad5a5e2379fef6fca8b313d4e
2.5,12.890744315803,16.93641394046574,0.8338947438979745,-8.181643568691406,0.3,26.30258395108359,4.905840063383079,7.436396653056674,1bc0f70ad5a5e2379fef6fca8b313d4e
3.0,13.092464837157973,17.183531672257995,0.8290121264909095,-8.681643568691406,0.29,25.80258395108359,5.005840063383078,7.524631947174321,1bc0f70ad5a5e2379fef6fca8b313d4e
3.5,13.30622212734027,17.441485151792122,0.8238399678237516,-9.181643568691406,0.27,25.30258395108359,5.115352296133988,7.620980370671801,1bc0f70ad5a5e2379fef6fca8b313d4e
4.0,13.539034781700458,17.70980089862324,0.818378267896501,-9.681643568691406,0.25,24.80258395108359,5.266602913574746,7.768039194201213,1bc0f70ad5a5e2379fef6fca8b313d4e
4.5,13.796211313700837,17.98707257501447,0.8126466643347954,-10.179261829369237,0.24,24.30258395108359,5.51530904157626,7.9150980177306245,1bc0f70ad5a5e2379fef6fca8b313d4e
5.0,14.054269482441136,18.272238971720242,0.8066589874304047,-10.673424107828398,0.23,23.80258395108359,5.767541716537461,8.062156841260036,1bc0f70ad5a5e2379fef6fca8b313d4e
5.5,14.322104312457407,18.56402814982461,0.800434762910019,-11.163424107828398,0.21,23.30258395108359,6.0534241106797495,8.209215664789449,1bc0f70ad5a5e2379fef6fca8b313d4e
6.0,14.6169445836926,18.864241005520057,0.7939279325350656,-11.653300669249884,0.18,22.80258395108359,6.368814394561752,8.388014575252537,1bc0f70ad5a5e2379fef6fca8b313d4e
6.5,14.918604026988142,19.168832604804194,0.7872195193945133,-12.134960112545423,0.18,22.30258395108359,6.675452167743914,8.593896928193713,1bc0f70ad5a5e2379fef6fca8b313d4e
7.0,15.21860402698814,19.48022339562742,0.7802502843622066,-12.614960112545424,0.18,21.80258395108359,6.975452167743915,8.799779281134889,1bc0f70ad5a5e2379fef6fca8b313d4e
7.5,15.52609394860448,19.79629913749695,0.7730613478045694,-13.092578283877506,0.17,21.30258395108359,7.2659248530722484,9.005661634076066,1bc0f70ad5a5e2379fef6fca8b313d4e
8.0,15.833018571109159,20.11649914436257,0.7656606278637714,-13.567578283877506,0.16,20.80258395108359,7.545924853072248,9.211543987017242,1bc0f70ad5a5e2379fef6fca8b313d4e
8.5,16.14801857110916,20.44330247560353,0.7579848437258855,-14.042578283877505,0.16,20.30258395108359,7.825924853072248,9.41742633995842,1bc0f70ad5a5e2379fef6fca8b313d4e
9.0,16.468315110145763,20.77639753164381,0.7500339953909113,-14.517578283877505,0.15,19.80258395108359,8.105924853072247,9.623308692899595,1bc0f70ad5a5e2379fef6fca8b313d4e
9.5,16.78863279736812,21.11321704563104,0.7418635813521037,-14.987895971099867,0.15,19.30258395108359,8.367195601961683,9.829191045840773,1bc0f70ad5a5e2379fef6fca8b313d4e
10.0,17.1265084622471,21.455554758314328,0.7334246720267559,-15.457895971099868,0.13,18.80258395108359,8.663272782948496,10.087169690736511,1bc0f70ad5a5e2379fef6fca8b313d4e
10.5,17.459550617609136,21.7987218408307,0.7248290931209227,-15.920281597411961,0.12,18.30258395108359,8.932815288196874,10.355737508677342,1bc0f70ad5a5e2379fef6fca8b313d4e
11.0,17.799550617609135,22.14598282965381,0.7159921307947505,-16.38028159741196,0.12,17.80258395108359,9.192815288196874,10.679266920442048,1bc0f70ad5a5e2379fef6fca8b313d4e
11.5,18.151413592503946,22.498107411263142,0.7068887905092929,-16.84028159741196,0.1,17.30258395108359,9.471156445087084,11.045606247925914,1bc0f70ad5a5e2379fef6fca8b313d4e
12.0,18.511413592503946,22.854870786905476,0.69751907226455,-17.300281597411963,0.1,16.80258395108359,9.771156445087085,11.427959189102385,1bc0f70ad5a5e2379fef6fca8b313d4e
12.5,18.88648403221605,23.216059103206067,0.6878829760605216,-17.760281597411964,0.08,16.30258395108359,10.071156445087084,11.854825915757072,1bc0f70ad5a5e2379fef6fca8b313d4e
13.0,19.261005457326377,23.579126678496177,0.6780444713830329,-18.214803022522286,0.08,15.80258395108359,10.349242145528391,12.296002386345307,1bc0f70ad5a5e2379fef6fca8b313d4e
13.5,19.631005457326378,23.94441517229211,0.6679917128988241,-18.66480302252229,0.08,15.30258395108359,10.609242145528391,12.737178856933543,1bc0f70ad5a5e2379fef6fca8b313d4e
14.0,20.00100545732638,24.313469949096426,0.6576783672805318,-19.11480302252229,0.08,14.80258395108359,10.86924214552839,13.178355327521778,1bc0f70ad5a5e2379fef6fca8b313d4e
14.5,20.371005457326376,24.68612209295209,0.6471044345281558,-19.564803022522288,0.08,14.30258395108359,11.129242145528393,13.619531798110014,1bc0f70ad5a5e2379fef6fca8b313d4e
15.0,20.74837395968405,25.062211135705073,0.6362699146416964,-20.014803022522287,0.07,13.80258395108359,11.389242145528392,14.06070826869825,1bc0f70ad5a5e2379fef6fca8b313d4e
15.5,21.132056993737198,25.441584660417316,0.6251748076211534,-20.464803022522286,0.06,13.30258395108359,11.649242145528392,14.523549645481477,1bc0f70ad5a5e2379fef6fca8b313d4e
16.0,21.522056993737195,25.82409791368721,0.6138191134665268,-20.91480302252229,0.06,12.80258395108359,11.909242145528392,15.023549645481477,1bc0f70ad5a5e2379fef6fca8b313d4e
16.5,21.912056993737195,26.20961342863008,0.6022028321778168,-21.36480302252229,0.06,12.30258395108359,12.169242145528392,15.523549645481477,1bc0f70ad5a5e2379fef6fca8b313d4e
17.0,22.302056993737196,26.59800065983811,0.5903259637550231,-21.814803022522288,0.06,11.80258395108359,12.429242145528391,16.02354964548148,1bc0f70ad5a5e2379fef6fca8b313d4e
17.5,22.70025400159039,26.989135631273392,0.5781885081981459,-22.264803022522287,0.05,11.30258395108359,12.722030176941175,16.52354964548148,1bc0f70ad5a5e2379fef6fca8b313d4e
18.0,23.10007235593792,27.382807667732134,0.5657934126768982,-22.714621376869815,0.05,10.80258395108359,13.021303594331286,17.02354964548148,1bc0f70ad5a5e2379fef6fca8b313d4e
18.5,23.49507235593792,27.776523849194653,0.5532174072988028,-23.159621376869815,0.05,10.30258395108359,13.301303594331287,17.52354964548148,1bc0f70ad5a5e2379fef6fca8b313d4e
19.0,23.89062212877751,28.172635633212405,0.5403837101992244,-23.604621376869815,0.04,9.80258395108359,13.581303594331287,18.023549645481477,1bc0f70ad5a5e2379fef6fca8b313d4e
19.5,24.303119927554135,28.571043381343618,0.5272923213781635,-24.049621376869812,0.03,9.30258395108359,13.861303594331286,18.523549645481477,1bc0f70ad5a5e2379fef6fca8b313d4e
20.0,24.714584188138073,28.968213436849496,0.514058623926863,-24.491085637453757,0.03,8.80258395108359,14.127160636667043,19.02354964548148,1bc0f70ad5a5e2379fef6fca8b313d4e
0.0,12.202913767962075,15.983871554579679,0.8520535946238781,-5.618942653321303,0.4,27.90748906182195,5.1126680748631985,7.378388543579035,37e3cc9f2819c27591616e2f4ad7a2eb
0.5,12.303321699393818,16.166418667306086,0.8486549925213678,-6.118942653321303,0.39,27.40748906182195,5.014299800590173,7.2901532494613885,37e3cc9f2819c27591616e2f4ad7a2eb
1.0,12.413709370070665,16.362213639356504,0.8449668491587645,-6.618942653321303,0.38,26.90748906182195,4.9542998005901735,7.204198371089897,37e3cc9f2819c27591616e2f4ad7a2eb
1.5,12.533709370070664,16.570786880328445,0.8409891645360684,-7.118942653321303,0.38,26.40748906182195,4.894299800590173,7.174786606384015,37e3cc9f2819c27591616e2f4ad7a2eb
2.0,12.670882516333444,16.79166223119637,0.8367219386532795,-7.618942653321303,0.35,25.90748906182195,4.891333215743954,7.145374841678133,37e3cc9f2819c27591616e2f4ad7a2eb
2.5,12.836360719683238,17.0243608731696,0.8321651715103978,-8.118942653321303,0.32,25.40748906182195,4.936866189951473,7.165046405700453,37e3cc9f2819c27591616e2f4ad7a2eb
3.0,13.030023156693964,17.268404842174313,0.8273188631074232,-8.618942653321303,0.28,24.90748906182195,5.021861240527488,7.21924544460483,37e3cc9f2819c27591616e2f4ad7a2eb
3.5,13.259509941621792,17.52332013194276,0.8221830134443558,-9.118942653321303,0.26,24.40748906182195,5.199808380238793,7.307480738722478,37e3cc9f2819c27591616e2f4ad7a2eb
4.0,13.503907551390332,17.788639383040845,0.8167576225211957,-9.618942653321302,0.25,23.90748906182195,5.4373988193129605,7.395716032840125,37e3cc9f2819c27591616e2f4ad7a2eb
4.5,13.776816149688985,18.063714459581547,0.8110466591818539,-10.11845480501412,0.21,23.40748906182195,5.698745572864856,7.579344406980477,37e3cc9f2819c27591616e2f4ad7a2eb
5.0,14.061816149688985,18.34649107819557,0.8050844517256487,-10.613454805014124,0.21,22.90748906182195,5.978745572864856,7.785226759921653,37e3cc9f2819c27591616e2f4ad7a2eb
5.5,14.342503441769194,18.635894815757247,0.7988866237589869,-11.104142097094332,0.21,22.40748906182195,6.241494741185699,7.99110911286283,37e3cc9f2819c27591616e2f4ad7a2eb
6.0,14.622503441769195,18.933454985317976,0.7924129779798879,-11.594142097094332,0.21,21.90748906182195,6.501494741185699,8.196991465804006,37e3cc9f2819c27591616e2f4ad7a2eb
6.5,14.899946211381618,19.237356602414778,0.785695521509863,-12.08004172260794,0.2,21.40748906182195,6.751265819635395,8.402873818745183,37e3cc9f2819c27591616e2f4ad7a2eb
7.0,15.184361707506918,19.54333029451903,0.7788242036337513,-12.557340717193902,0.19,20.90748906182195,7.028927804136598,8.608756171686359,37e3cc9f2819c27591616e2f4ad7a2eb
7.5,15.477872492578394,19.854133063870083,0.7717334304119666,-13.032340717193902,0.18,20.40748906182195,7.308927804136598,8.814638524627536,37e3cc9f2819c27591616e2f4ad7a2eb
8.0,15.781447817908655,20.17192208082941,0.7643675929930939,-13.507340717193902,0.16,19.90748906182195,7.588927804136598,9.020520877568712,37e3cc9f2819c27591616e2f4ad7a2eb
8.5,16.096447817908654,20.496372390065684,0.7567266913771329,-13.982340717193901,0.16,19.40748906182195,7.868927804136598,9.226403230509888,37e3cc9f2819c27591616e2f4ad7a2eb
9.0,16.418604795188344,20.82619264765572,0.748834364680883,-14.455320049083385,0.15,18.90748906182195,8.140845131694528,9.432285583451065,37e3cc9f2819c27591616e2f4ad7a2eb
9.5,16.74306272313316,21.160591207391928,0.7407038607626466,-14.925320049083384,0.14,18.40748906182195,8.40084513169453,9.664391041949987,37e3cc9f2819c27591616e2f4ad7a2eb
10.0,17.089083845939015,21.500719529714257,0.732301188059923,-15.395320049083384,0.12,17.90748906182195,8.693646321209332,9.97510177975677,37e3cc9f2819c27591616e2f4ad7a2eb
10.5,17.439083845939013,21.84630999378429,0.723626346572712,-15.865320049083385,0.12,17.40748906182195,8.993646321209331,10.298631191521476,37e3cc9f2819c27591616e2f4ad7a2eb
11.0,17.787183541939008,22.196414449502274,0.7146971523419756,-16.333419745083376,0.12,16.90748906182195,9.286045105209302,10.622160603286183,37e3cc9f2819c27591616e2f4ad7a2eb
11.5,18.13093941513367,22.54866207311477,0.7055700318729772,-16.79610607124065,0.11,16.40748906182195,9.556790409838392,10.951981468212013,37e3cc9f2819c27591616e2f4ad7a2eb
12.0,18.482483026040864,22.903673665129904,0.69622589490326,-17.256106071240648,0.1,15.907489061821948,9.822964853467157,11.334334409388484,37e3cc9f2819c27591616e2f4ad7a2eb
12.5,18.844440042122027,23.2630127055789,0.6866192096149439,-17.71569380289307,0.09,15.407489061821948,10.121315780076845,11.73062431779286,37e3cc9f2819c27591616e2f4ad7a2eb
13.0,19.216430169407477,23.625006961751748,0.6767903297719651,-18.17069380289307,0.08,14.907489061821948,10.401315780076843,12.171800788381095,37e3cc9f2819c27591616e2f4ad7a2eb
13.5,19.58823854763154,23.98953758248968,0.6667392179341828,-18.62250218111713,0.08,14.407489061821948,10.668549292973085,12.61297725896933,37e3cc9f2819c27591616e2f4ad7a2eb
14.0,19.95823854763154,24.357040370348816,0.6564503679937372,-19.07250218111713,0.08,13.907489061821948,10.928549292973084,13.054153729557566,37e3cc9f2819c27591616e2f4ad7a2eb
14.5,20.32823854763154,24.728180640393244,0.6459009309192082,-19.522502181117133,0.08,13.407489061821948,11.188549292973084,13.495330200145801,37e3cc9f2819c27591616e2f4ad7a2eb
15.0,20.69823854763154,25.102797054611987,0.6350909067105956,-19.972502181117132,0.08,12.907489061821948,11.448549292973084,13.936506670734035,37e3cc9f2819c27591616e2f4ad7a2eb
15.5,21.068238547631537,25.480736295212377,0.6240202953678995,-20.42250218111713,0.08,12.407489061821948,11.708549292973084,14.37768314132227,37e3cc9f2819c27591616e2f4ad7a2eb
16.0,21.438238547631535,25.861852685514826,0.6126890968911198,-20.872502181117127,0.08,11.907489061821948,11.968549292973085,14.818859611910506,37e3cc9f2819c27591616e2f4ad7a2eb
16.5,21.816326138944113,26.246007820397896,0.6010973112802567,-21.322502181117123,0.07,11.407489061821948,12.228549292973085,15.26003608249874,37e3cc9f2819c27591616e2f4ad7a2eb
17.0,22.203254182732753,26.633070207723044,0.5892449385353098,-21.772502181117126,0.06,10.907489061821948,12.488549292973085,15.741965751843699,37e3cc9f2819c27591616e2f4ad7a2eb
17.5,22.589921523255967,27.021167734636357,0.5771866585969472,-22.219169521640342,0.06,10.407489061821948,12.735218655065944,16.241965751843697,37e3cc9f2819c27591616e2f4ad7a2eb
18.0,22.975144227135296,27.411041119683752,0.5648975607278085,-22.664169521640343,0.05,9.907489061821948,12.976109470583253,16.741965751843697,37e3cc9f2819c27591616e2f4ad7a2eb
18.5,23.3701442271353,27.803450231700264,0.5523507711371873,-23.109169521640343,0.05,9.407489061821948,13.256109470583253,17.241965751843697,37e3cc9f2819c27591616e2f4ad7a2eb
19.0,23.77106907532616,28.198289208891275,0.5395462898250833,-23.554169521640343,0.03,8.907489061821948,13.536109470583254,17.741965751843697,37e3cc9f2819c27591616e2f4ad7a2eb
19.5,24.184718915362364,28.594132135435565,0.5265280061802298,-23.997819361676548,0.03,8.407489061821948,13.81070883072806,18.241965751843697,37e3cc9f2819c27591616e2f4ad7a2eb
20.0,24.59596914291298,28.988656608066982,0.5133725140911475,-24.437819361676546,0.01,7.907489061821948,14.07070883072806,18.741965751843697,37e3cc9f2819c27591616e2f4ad7a2eb
0.0,11.826130983821878,15.374759344789625,0.8631146063893904,-5.011805267054422,0.41,28.568799465720517,5.182954396462865,7.7909638697547585,07a4c6d2aace3304493b5c3533345de0
0.5,11.925977265735511,15.544935837025843,0.8600675869346184,-5.511805267054422,0.4,28.068799465720517,5.122954396462864,7.702728575637112,07a4c6d2aace3304493b5c3533345de0
1.0,12.038367530278956,15.729171479906526,0.8567310262197534,-6.011805267054422,0.36,27.568799465720517,5.062954396462865,7.642203260381002,07a4c6d2aace3304493b5c3533345de0
1.5,12.186280409051163,15.926978392380622,0.8531049242447957,-6.511805267054422,0.35,27.068799465720517,5.034605911551692,7.671615025086885,07a4c6d2aace3304493b5c3533345de0
2.0,12.336280409051163,16.13785753990949,0.8491892810097452,-7.011805267054422,0.35,26.568799465720517,5.014605911551692,7.701026789792767,07a4c6d2aace3304493b5c3533345de0
2.5,12.49565421757255,16.361303470245517,0.8449840965146018,-7.511805267054422,0.33,26.068799465720517,5.032101145637241,7.730438554498649,07a4c6d2aace3304493b5c3533345de0
3.0,12.669439214961947,16.59680862432662,0.8404893707593657,-8.011805267054422,0.31,25.568799465720517,5.092101145637241,7.7768150876517,07a4c6d2aace3304493b5c3533345de0
3.5,12.873647033434146,16.843867185999088,0.8357051037440366,-8.511805267054422,0.29,25.068799465720517,5.176249315591641,7.865050381769347,07a4c6d2aace3304493b5c3533345de0
4.0,13.101534670146327,17.101978454162296,0.8306312954686147,-9.011805267054422,0.26,24.568799465720517,5.347799862440358,7.9532856758869945,07a4c6d2aace3304493b5c3533345de0
4.5,13.339974627823242,17.370014057218192,0.8252807343716296,-9.510245224731337,0.26,24.068799465720517,5.561559693148017,8.04152097000464,07a4c6d2aace3304493b5c3533345de0
5.0,13.583865625823574,17.64667485881374,0.8196707304519757,-10.005245224731336,0.24,23.568799465720517,5.797123685149346,8.129756264122289,07a4c6d2aace3304493b5c3533345de0
5.5,13.844128124503342,17.93034812086688,0.8138264847933656,-10.495818453166487,0.23,23.068799465720517,6.059416598889941,8.27498726556123,07a4c6d2aace3304493b5c3533345de0
6.0,14.114261017277542,18.222055487277515,0.8077195254456847,-10.984277297470701,0.21,22.568799465720517,6.313251976106797,8.422046089090642,07a4c6d2aace3304493b5c3533345de0
6.5,14.393598477828313,18.520801372480925,0.8013630655847487,-11.4692772974707,0.2,22.068799465720517,6.5532519761067975,8.594619386448125,07a4c6d2aace3304493b5c3533345de0
7.0,14.687643473087908,18.825529593675,0.7947728279643504,-11.951325848974756,0.18,21.568799465720517,6.8294319571451805,8.800501739389302,07a4c6d2aace3304493b5c3533345de0
7.5,14.982643473087908,19.132155924811716,0.788032987359724,-12.426325848974757,0.18,21.068799465720517,7.109431957145181,9.006384092330478,07a4c6d2aace3304493b5c3533345de0
8.0,15.280508519587864,19.446161991001794,0.7810180825580096,-12.901325848974757,0.17,20.568799465720517,7.389431957145181,9.212266445271654,07a4c6d2aace3304493b5c3533345de0
8.5,15.597638270879152,19.767196109445,0.773728113559207,-13.376325848974757,0.15,20.068799465720517,7.669431957145181,9.418148798212831,07a4c6d2aace3304493b5c3533345de0
9.0,15.920798033898695,20.093997225325996,0.7661845894493662,-13.8494856119943,0.15,19.568799465720517,7.942071009223354,9.624031151154007,07a4c6d2aace3304493b5c3533345de0
9.5,16.24341673621294,20.42555287142561,0.7584049136637746,-14.3194856119943,0.14,19.068799465720517,8.212545818480327,9.829913504095185,07a4c6d2aace3304493b5c3533345de0
10.0,16.571961212015395,20.762006335756837,0.750380163571119,-14.788030087796757,0.14,18.568799465720517,8.506723721690156,10.03579585703636,07a4c6d2aace3304493b5c3533345de0
10.5,16.910382781765637,21.101455806977015,0.7421510939947035,-15.253030087796757,0.11,18.068799465720517,8.793578909270112,10.310547462067248,07a4c6d2aace3304493b5c3533345de0
11.0,17.265382781765638,21.446374221802635,0.7336527510464017,-15.718030087796757,0.11,17.568799465720517,9.113578909270112,10.634076873831953,07a4c6d2aace3304493b5c3533345de0
11.5,17.617364260521335,21.795373129690585,0.7249136299217738,-16.18001156655246,0.11,17.068799465720517,9.421504824292912,10.95760628559666,07a4c6d2aace3304493b5c3533345de0
12.0,17.969016692112643,22.148550774915066,0.7159262625105041,-16.64001156655246,0.1,16.568799465720517,9.721504824292913,11.290855883192576,07a4c6d2aace3304493b5c3533345de0
12.5,18.325060252726537,22.50443747325819,0.7067238279093062,-17.096055127166352,0.1,16.068799465720517,10.005679066748499,11.673208824369045,07a4c6d2aace3304493b5c3533345de0
13.0,18.678421941796508,22.8636563072008,0.697286477372812,-17.549416816236324,0.1,15.568799465720517,10.27912582302838,12.055561765545516,07a4c6d2aace3304493b5c3533345de0
13.5,19.03736502955478,23.225873429217668,0.6876190324098361,-17.999416816236327,0.09,15.068799465720517,10.53912582302838,12.490521105300056,07a4c6d2aace3304493b5c3533345de0
14.0,19.397958134919158,23.592066746393282,0.6776910003127765,-18.449416816236326,0.08,14.568799465720517,10.79912582302838,12.931697575888291,07a4c6d2aace3304493b5c3533345de0
14.5,19.767958134919155,23.962053964184957,0.6675023810816334,-18.899416816236325,0.08,14.068799465720517,11.05912582302838,13.372874046476525,07a4c6d2aace3304493b5c3533345de0
15.0,20.137958134919156,24.33566204151324,0.6570531747164068,-19.349416816236324,0.08,13.568799465720517,11.31912582302838,13.81405051706476,07a4c6d2aace3304493b5c3533345de0
15.5,20.507958134919154,24.71272675798817,0.6463433812170967,-19.799416816236327,0.08,13.068799465720517,11.579125823028381,14.255226987652996,07a4c6d2aace3304493b5c3533345de0
16.0,20.877958134919158,25.093092289138475,0.635373000583703,-20.249416816236327,0.08,12.568799465720517,11.83912582302838,14.696403458241232,07a4c6d2aace3304493b5c3533345de0
16.5,21.26243216468763,25.476610792007975,0.6241420328162258,-20.699416816236326,0.06,12.068799465720517,12.09912582302838,15.190255316936012,07a4c6d2aace3304493b5c3533345de0
17.0,21.652432164687628,25.86314200292945,0.6126504779146649,-21.149416816236325,0.06,11.568799465720517,12.35912582302838,15.690255316936012,07a4c6d2aace3304493b5c3533345de0
17.5,22.050226341393927,26.252552848817004,0.6008983358790206,-21.599416816236324,0.05,11.068799465720517,12.650302529853574,16.190255316936007,07a4c6d2aace3304493b5c3533345de0
18.0,22.451305253018486,26.64471707292397,0.5888856067092927,-22.049416816236327,0.04,10.568799465720517,12.950302529853575,16.690255316936007,07a4c6d2aace3304493b5c3533345de0
18.5,22.861305253018486,27.039514875685228,0.5766122904054812,-22.499416816236327,0.04,10.068799465720517,13.250302529853576,17.190255316936007,07a4c6d2aace3304493b5c3533345de0
19.0,23.26849806494835,27.43538576787629,0.5641243599214503,-22.94660962816619,0.04,9.568799465720517,13.53907377757303,17.690255316936007,07a4c6d2aace3304493b5c3533345de0
19.5,23.67558529890206,27.82934144879078,0.5515166602774264,-23.388462027311608,0.03,9.068799465720517,13.8064833741547,18.190255316936007,07a4c6d2aace3304493b5c3533345de0
20.0,24.08558529890206,28.223761398876235,0.5387140363692219,-23.828462027311605,0.03,8.568799465720517,14.0664833741547,18.690255316936007,07a4c6d2aace3304493b5c3533345de0
0.0,12.18010647814215,15.911841559263415,0.8533840066400483,-5.643625977773383,0.4,28.250363531340867,5.023993915084494,7.576009891668313,dc474d2ab1369488c85343390d0f536b
0.5,12.281208188036356,16.095972408800773,0.8499711108558077,-6.143625977773383,0.39,27.750363531340867,4.928400754661326,7.487774597550666,dc474d2ab1369488c85343390d0f536b
1.0,12.392347964067474,16.29337146703067,0.8462686738114741,-6.643625977773383,0.38,27.250363531340867,4.868400754661326,7.406243868321935,dc474d2ab1369488c85343390d0f536b
1.5,12.527155608466202,16.503562637819222,0.8422766955070478,-7.143625977773383,0.35,26.750363531340867,4.821813663286068,7.376832103616053,dc474d2ab1369488c85343390d0f536b
2.0,12.681761629298242,16.726063664777676,0.8379951759425286,-7.643625977773383,0.34,26.250363531340867,4.820237746614216,7.347420338910171,dc474d2ab1369488c85343390d0f536b
2.5,12.861067268404492,16.960390080890512,0.8334241151179166,-8.143625977773384,0.31,25.750363531340867,4.896887499339132,7.348262697292645,dc474d2ab1369488c85343390d0f536b
3.0,13.05606074316014,17.206058748991378,0.8285635130332119,-8.643625977773384,0.29,25.250363531340867,4.999416387099978,7.377674461998527,dc474d2ab1369488c85343390d0f536b
3.5,13.272395806916858,17.46259097761601,0.8234133696884142,-9.143625977773384,0.27,24.750363531340867,5.158730365001163,7.415948398948074,dc474d2ab1369488c85343390d0f536b
4.0,13.502652048188608,17.729515211344314,0.8179736850835236,-9.643625977773384,0.26,24.250363531340867,5.3387303650011635,7.505690994664261,dc474d2ab1369488c85343390d0f536b
4.5,13.745585683885631,18.004955426110996,0.8122739436166785,-10.140079005652225,0.24,23.750363531340867,5.530464907789251,7.652749818193674,dc474d2ab1369488c85343390d0f536b
5.0,14.004187996360582,18.289231774514096,0.8062992139638707,-10.635079005652226,0.23,23.250363531340867,5.7704649077892505,7.820998715105154,dc474d2ab1369488c85343390d0f536b
5.5,14.269226473371452,18.580476504381192,0.8000809631891942,-11.126422323393587,0.21,22.750363531340867,6.002649028914043,8.02688106804633,dc474d2ab1369488c85343390d0f536b
6.0,14.571195202114785,18.87916870697444,0.7936016644995065,-11.615643713177013,0.17,22.250363531340867,6.322067237315155,8.232763420987506,dc474d2ab1369488c85343390d0f536b
6.5,14.886195202114784,19.184138103641246,0.7868795913834027,-12.100643713177012,0.17,21.750363531340867,6.642067237315155,8.438645773928684,dc474d2ab1369488c85343390d0f536b
7.0,15.19739472749124,19.49498513948643,0.7799171138406763,-12.581843238553471,0.17,21.250363531340867,6.946865338820991,8.64452812686986,dc474d2ab1369488c85343390d0f536b
7.5,15.507394727491238,19.81252858237308,0.7726890966015325,-13.061843238553472,0.17,20.750363531340867,7.2468653388209905,8.850410479811035,dc474d2ab1369488c85343390d0f536b
8.0,15.824657276407855,20.136984184974267,0.7651831197526995,-13.541843238553472,0.15,20.250363531340867,7.54686533882099,9.073951331019984,dc474d2ab1369488c85343390d0f536b
8.5,16.151735129354492,20.4650040614185,0.7574707486692245,-14.018921091500108,0.15,19.750363531340867,7.835176750607538,9.338657213372926,dc474d2ab1369488c85343390d0f536b
9.0,16.47673512935449,20.797182797806435,0.7495335998008328,-14.493921091500107,0.15,19.250363531340867,8.115176750607537,9.603363095725868,dc474d2ab1369488c85343390d0f536b
9.5,16.79772756174322,21.133444489832574,0.7413687310235615,-14.964913523888843,0.15,18.750363531340867,8.379146480162468,9.868068978078808,dc474d2ab1369488c85343390d0f536b
10.0,17.120918523860194,21.474924668755502,0.7329431304316645,-15.434913523888843,0.14,18.250363531340867,8.639146480162468,10.13277486043175,dc474d2ab1369488c85343390d0f536b
10.5,17.450688411638854,21.817900907710158,0.7243446754644012,-15.89823979647296,0.13,17.750363531340867,8.872451570498939,10.39748074278469,dc474d2ab1369488c85343390d0f536b
11.0,17.79590860047864,22.16436418702627,0.7155204771598662,-16.35823979647296,0.11,17.250363531340867,9.132286391113912,10.693136529173179,dc474d2ab1369488c85343390d0f536b
11.5,18.15325582680666,22.515711838882773,0.7064299008960457,-16.81823979647296,0.1,16.750363531340867,9.42167529642598,11.016665940937886,dc474d2ab1369488c85343390d0f536b
12.0,18.521996513908732,22.87171876812232,0.69707294667294,-17.27823979647296,0.09,16.250363531340867,9.721675296425978,11.391611159185361,dc474d2ab1369488c85343390d0f536b
12.5,18.891996513908733,23.232170781150685,0.6874496144905489,-17.73823979647296,0.09,15.750363531340867,10.021675296425979,11.773964100361832,dc474d2ab1369488c85343390d0f536b
13.0,19.266186068143202,23.595779334155814,0.6775895514136245,-18.19593678605694,0.08,15.250363531340867,10.312463254761905,12.194508598305905,dc474d2ab1369488c85343390d0f536b
13.5,19.640334711873287,23.96185604228443,0.6675078737901443,-18.65008542978702,0.08,14.750363531340867,10.589057829682226,12.63568506889414,dc474d2ab1369488c85343390d0f536b
14.0,20.010334711873284,24.33034382044261,0.6572030508725442,-19.100085429787022,0.08,14.250363531340867,10.849057829682224,13.076861539482376,dc474d2ab1369488c85343390d0f536b
14.5,20.380334711873285,24.702443519837,0.6466376408208604,-19.55008542978702,0.08,13.750363531340867,11.109057829682223,13.518038010070612,dc474d2ab1369488c85343390d0f536b
15.0,20.750334711873283,25.07799436319667,0.6358116436350931,-20.00008542978702,0.08,13.250363531340867,11.369057829682225,13.959214480658845,dc474d2ab1369488c85343390d0f536b
15.5,21.128618570268383,25.456843612480927,0.6247250593152424,-20.45008542978702,0.07,12.750363531340867,11.629057829682225,14.449119530041775,dc474d2ab1369488c85343390d0f536b
16.0,21.51639640505321,25.838846184380948,0.6133778878613081,-20.90008542978702,0.06,12.250363531340867,11.889057829682224,14.949119530041775,dc474d2ab1369488c85343390d0f536b
16.5,21.910344556634364,26.22386427607276,0.6017701292732902,-21.35008542978702,0.05,11.750363531340867,12.16485043600685,15.449119530041775,dc474d2ab1369488c85343390d0f536b
17.0,22.310344556634362,26.611767002581246,0.5899017835511887,-21.800085429787018,0.05,11.250363531340867,12.46485043600685,15.949119530041775,dc474d2ab1369488c85343390d0f536b
17.5,22.710344556634364,27.002430046746888,0.5777728506950037,-22.250085429787017,0.05,10.750363531340867,12.76485043600685,16.449119530041774,dc474d2ab1369488c85343390d0f536b
18.0,23.110344556634363,27.395735322477588,0.5653833307047351,-22.70008542978702,0.05,10.250363531340867,13.06485043600685,16.949119530041774,dc474d2ab1369488c85343390d0f536b
18.5,23.50883843623215,27.79080785220006,0.5527577756433348,-23.148579309384804,0.05,9.750363531340867,13.35882595439799,17.449119530041774,dc474d2ab1369488c85343390d0f536b
19.0,23.90383843623215,28.18652302763307,0.539930472812024,-23.593579309384804,0.05,9.250363531340867,13.638825954397989,17.949119530041774,dc474d2ab1369488c85343390d0f536b
19.5,24.29883843623215,28.584544070120728,0.5268454782592302,-24.038579309384804,0.05,8.750363531340867,13.91882595439799,18.449119530041774,dc474d2ab1369488c85343390d0f536b
20.0,24.698769404034593,28.980973591578614,0.5136304268047933,-24.47967072039388,0.04,8.250363531340867,14.183191598434277,18.949119530041774,dc474d2ab1369488c85343390d0f536b
0.0,12.09317673366416,15.919978168489234,0.8532340224848629,-5.664349660542115,0.42,29.51917700532009,5.0774046770567445,7.446149725865126,eb6bc82d2cce24e51a7520d3095be4a1
0.5,12.212140156490966,16.10465940483424,0.8498091259781769,-6.164349660542115,0.36,29.01917700532009,4.996052830490856,7.35791443174748,eb6bc82d2cce24e51a7520d3095be4a1
1.0,12.354425859620926,16.30258888048944,0.8460946882113982,-6.664349660542115,0.35,28.51917700532009,4.936052830490857,7.283124450159003,eb6bc82d2cce24e51a7520d3095be4a1
1.5,12.5082325983122,16.513290219299126,0.8420907091845267,-7.164349660542115,0.34,28.01917700532009,4.891279785255951,7.253712685453121,eb6bc82d2cce24e51a7520d3095be4a1
2.0,12.6922081163098,16.73628105426478,0.8377971888975622,-7.664349660542115,0.31,27.51917700532009,4.871279785255951,7.365333379556654,eb6bc82d2cce24e51a7520d3095be4a1
2.5,12.892958760229538,16.97107696016621,0.8332141273505049,-8.164349660542115,0.29,27.01917700532009,4.894282360934888,7.512392203086066,eb6bc82d2cce24e51a7520d3095be4a1
3.0,13.111319501773208,17.217194976198257,0.8283415245433549,-8.664349660542115,0.28,26.51917700532009,4.9877253271095805,7.6594510266154785,eb6bc82d2cce24e51a7520d3095be4a1
3.5,13.336614852316327,17.47415670380029,0.823179380476112,-9.164349660542115,0.27,26.01917700532009,5.08772532710958,7.83765897098677,eb6bc82d2cce24e51a7520d3095be4a1
4.0,13.586591357298664,17.741490979326137,0.8177276951487763,-9.664349660542115,0.24,25.51917700532009,5.26763134703892,8.043541323927947,eb6bc82d2cce24e51a7520d3095be4a1
4.5,13.844798479837499,18.01803069440824,0.8120011898381687,-10.162556783080948,0.24,25.01917700532009,5.480459837194251,8.249423676869123,eb6bc82d2cce24e51a7520d3095be4a1
5.0,14.10589507821466,18.302718019128154,0.8060134436973594,-10.657556783080947,0.23,24.51917700532009,5.7048462307029,8.4553060298103,eb6bc82d2cce24e51a7520d3095be4a1
5.5,14.384995098281076,18.59583066075615,0.7997504166130908,-11.151580265648388,0.21,24.01917700532009,5.980516373922081,8.661188382751476,eb6bc82d2cce24e51a7520d3095be4a1
6.0,14.677828838695971,18.89527714084043,0.7932493002197925,-11.641580265648388,0.19,23.51917700532009,6.270121395956079,8.867070735692652,eb6bc82d2cce24e51a7520d3095be4a1
6.5,14.983515129346577,19.201274884069228,0.7864986695152965,-12.127966790584402,0.17,23.01917700532009,6.585250784913503,9.07295308863383,eb6bc82d2cce24e51a7520d3095be4a1
7.0,15.29602963821885,19.513123409604088,0.7795073900203935,-12.610481299456671,0.17,22.51917700532009,6.895308820402585,9.278835441575005,eb6bc82d2cce24e51a7520d3095be4a1
7.5,15.601029638218849,19.825739998746467,0.772385844016308,-13.08548129945667,0.17,22.01917700532009,7.175308820402584,9.484717794516182,eb6bc82d2cce24e51a7520d3095be4a1
8.0,15.909938988192131,20.14529592230783,0.7649892338151343,-13.560481299456672,0.16,21.51917700532009,7.455308820402585,9.690600147457358,eb6bc82d2cce24e51a7520d3095be4a1
8.5,16.224938988192132,20.471466217562657,0.7573175594168724,-14.035481299456672,0.16,21.01917700532009,7.735308820402585,9.896482500398534,eb6bc82d2cce24e51a7520d3095be4a1
9.0,16.548157987227565,20.80393978063448,0.7493708208215224,-14.510481299456671,0.15,20.51917700532009,8.04818481654433,10.102364853339711,eb6bc82d2cce24e51a7520d3095be4a1
9.5,16.875193249140228,21.142419248887354,0.7411490180290843,-14.985481299456671,0.14,20.01917700532009,8.36818481654433,10.308247206280887,eb6bc82d2cce24e51a7520d3095be4a1
10.0,17.211787362038102,21.482600286507914,0.7327521921343279,-15.454298845427772,0.13,19.51917700532009,8.663455000428728,10.559874070556022,eb6bc82d2cce24e51a7520d3095be4a1
10.5,17.543822069900887,21.824999196915364,0.7241652815329216,-15.916333553290558,0.13,19.01917700532009,8.931593831879871,10.824579952908962,eb6bc82d2cce24e51a7520d3095be4a1
11.0,17.877236859627928,22.17175959410184,0.715330605450089,-16.376333553290557,0.11,18.51917700532009,9.191593831879871,11.094517155099082,eb6bc82d2cce24e51a7520d3095be4a1
11.5,18.233340456933828,22.523393550971342,0.7062295514079711,-16.836333553290558,0.1,18.01917700532009,9.45159383187987,11.453950080427916,eb6bc82d2cce24e51a7520d3095be4a1
12.0,18.594454480225878,22.879676365832363,0.6968621194065677,-17.29633355329056,0.09,17.51917700532009,9.716049925048084,11.836303021604387,eb6bc82d2cce24e51a7520d3095be4a1
12.5,18.96255111088024,23.239485531126284,0.6872527678109406,-17.754430183944923,0.09,17.01917700532009,10.008436447665536,12.218655962780858,eb6bc82d2cce24e51a7520d3095be4a1
13.0,19.324502811691662,23.60097277519639,0.6774476104417141,-18.20638188475634,0.09,16.51917700532009,10.276243250911211,12.601008903957327,eb6bc82d2cce24e51a7520d3095be4a1
13.5,19.687823752124057,23.96575260283552,0.6673997284911857,-18.65638188475634,0.08,16.01917700532009,10.53624325091121,13.002896788853763,eb6bc82d2cce24e51a7520d3095be4a1
14.0,20.057823752124058,24.334310750565216,0.6570912594065736,-19.106381884756342,0.08,15.519177005320088,10.79624325091121,13.444073259441998,eb6bc82d2cce24e51a7520d3095be4a1
14.5,20.427823752124056,24.706478130033634,0.646522203187878,-19.55638188475634,0.08,15.019177005320088,11.056243250911212,13.885249730030234,eb6bc82d2cce24e51a7520d3095be4a1
15.0,20.80340868146175,25.082094080729913,0.6356925598350989,-20.00638188475634,0.07,14.519177005320088,11.316243250911212,14.326426200618469,eb6bc82d2cce24e51a7520d3095be4a1
15.5,21.183408681461753,25.461005976970807,0.6246023293482361,-20.45638188475634,0.07,14.019177005320088,11.576243250911212,14.767602671206705,eb6bc82d2cce24e51a7520d3095be4a1
16.0,21.563408681461752,25.843068843388146,0.6132515117272901,-20.90638188475634,0.07,13.519177005320088,11.836243250911211,15.208779141794938,eb6bc82d2cce24e51a7520d3095be4a1
16.5,21.94340868146175,26.22814498070452,0.6016401069722602,-21.356381884756342,0.07,13.019177005320088,12.096243250911211,15.649955612383174,eb6bc82d2cce24e51a7520d3095be4a1
17.0,22.32340868146175,26.616103603149956,0.5897681150831469,-21.80638188475634,0.07,12.519177005320088,12.356243250911211,16.09113208297141,eb6bc82d2cce24e51a7520d3095be4a1
17.5,22.712648387194772,27.00682048850565,0.57763553605995,-22.256381884756344,0.05,12.019177005320088,12.651173281654232,16.535292071484747,eb6bc82d2cce24e51a7520d3095be4a1
18.0,23.10886249717786,27.398217032615992,0.5653045854960158,-22.702595994739426,0.05,11.519177005320088,12.936029721586587,17.035292071484747,eb6bc82d2cce24e51a7520d3095be4a1
18.5,23.50386249717786,27.791498566307446,0.5527355438065104,-23.147595994739426,0.05,11.019177005320088,13.216029721586587,17.535292071484747,eb6bc82d2cce24e51a7520d3095be4a1
19.0,23.901733839515614,28.18718660235192,0.5399088103955226,-23.592595994739426,0.04,10.519177005320088,13.496029721586588,18.035292071484747,eb6bc82d2cce24e51a7520d3095be4a1
19.5,24.30258213469139,28.58108404898415,0.5269600174702848,-24.033444289915206,0.04,10.019177005320088,13.759422902289698,18.535292071484747,eb6bc82d2cce24e51a7520d3095be4a1
20.0,24.70974806439894,28.976400910137396,0.5137838956079767,-24.473444289915207,0.03,9.519177005320088,14.019422902289698,19.035292071484747,eb6bc82d2cce24e51a7520d3095be4a1
0.0,12.154578596377712,15.799021179061263,0.8554557505578728,-5.448614234207184,0.4,28.431192883850557,5.189777890354439,7.38996806024273,ef20599a6bc21aa852a0ba72976ecbc3
0.5,12.258704299733566,15.978350492170135,0.8521557826655622,-5.948614234207184,0.39,27.931192883850557,5.12977789035444,7.326001609394812,ef20599a6bc21aa852a0ba72976ecbc3
1.0,12.368704299733565,16.17115638056972,0.8485662735131588,-6.448614234207184,0.39,27.431192883850557,5.06977789035444,7.2965898446889295,ef20599a6bc21aa852a0ba72976ecbc3
1.5,12.478704299733565,16.37696287224978,0.8446872231006627,-6.948614234207184,0.39,26.931192883850557,5.00977789035444,7.267178079983047,ef20599a6bc21aa852a0ba72976ecbc3
2.0,12.598635345784631,16.595286293199496,0.8405186314280736,-7.448614234207184,0.36,26.431192883850557,4.975523447509703,7.250691696051803,ef20599a6bc21aa852a0ba72976ecbc3
2.5,12.756095523805778,16.8256394050111,0.8360604984953917,-7.948614234207184,0.33,25.931192883850557,4.985973182996617,7.300285838200303,ef20599a6bc21aa852a0ba72976ecbc3
3.0,12.934326440136754,17.06753513609008,0.831312824302617,-8.448614234207184,0.31,25.431192883850557,5.038896848320513,7.388521132317949,ef20599a6bc21aa852a0ba72976ecbc3
3.5,13.13790632262761,17.320489884985257,0.8262756088497495,-8.948614234207184,0.28,24.931192883850557,5.177368565247303,7.476756426435596,ef20599a6bc21aa852a0ba72976ecbc3
4.0,13.35908829140451,17.584026390166837,0.8209488521367891,-9.448614234207184,0.27,24.431192883850557,5.357368565247302,7.571944478064415,ef20599a6bc21aa852a0ba72976ecbc3
4.5,13.58973301604817,17.857654595870883,0.8153330004388122,-9.948559208772705,0.26,23.931192883850557,5.537148463509388,7.719003301593826,ef20599a6bc21aa852a0ba72976ecbc3
5.0,13.84275149522902,18.138960468400644,0.8094691765526469,-10.443559208772708,0.23,23.431192883850557,5.769222380232797,7.866062125123238,ef20599a6bc21aa852a0ba72976ecbc3
5.5,14.104421855687196,18.427567518318565,0.8033579115399393,-10.935229569230884,0.23,22.931192883850557,6.0359038220654995,8.01312094865265,ef20599a6bc21aa852a0ba72976ecbc3
6.0,14.368503395451539,18.723927852120678,0.7969820800531664,-11.425229569230885,0.22,22.431192883850557,6.2959038220655,8.184188829619373,ef20599a6bc21aa852a0ba72976ecbc3
6.5,14.643786240624515,19.027267420346114,0.7903507563713179,-11.912235696246988,0.21,21.931192883850557,6.543928330129916,8.390071182560549,ef20599a6bc21aa852a0ba72976ecbc3
7.0,14.931093647865744,19.334220115581342,0.783531965889173,-12.392087160044355,0.18,21.431192883850557,6.799896156520281,8.595953535501724,ef20599a6bc21aa852a0ba72976ecbc3
7.5,15.239389209593924,19.644125194006342,0.776536888113732,-12.867087160044354,0.16,20.931192883850557,7.079896156520281,8.801835888442902,ef20599a6bc21aa852a0ba72976ecbc3
8.0,15.563893679549388,19.961118250184256,0.769266746141203,-13.342087160044354,0.15,20.431192883850557,7.359896156520281,9.007718241384078,ef20599a6bc21aa852a0ba72976ecbc3
8.5,15.888893679549387,20.28486699384256,0.7617215399715859,-13.817087160044355,0.15,19.931192883850557,7.6398961565202805,9.213600594325255,ef20599a6bc21aa852a0ba72976ecbc3
9.0,16.211424706347092,20.613840667644023,0.7539302173881487,-14.28961818684206,0.15,19.431192883850557,7.9100202637111074,9.419482947266431,ef20599a6bc21aa852a0ba72976ecbc3
9.5,16.536348289404515,20.947673982040502,0.7458956685218985,-14.75961818684206,0.14,18.931192883850557,8.170020263711107,9.654327553486556,ef20599a6bc21aa852a0ba72976ecbc3
10.0,16.871724032518344,21.287312264461633,0.7375889508711608,-15.22961818684206,0.13,18.431192883850557,8.451523236166416,9.919033435839497,ef20599a6bc21aa852a0ba72976ecbc3
10.5,17.218232254270173,21.63210716922264,0.7290194577629177,-15.699112079456476,0.11,17.931192883850557,8.75824577538732,10.212136888466587,ef20599a6bc21aa852a0ba72976ecbc3
11.0,17.572194973738885,21.978466019642937,0.7202724695734992,-16.163074798925187,0.11,17.431192883850557,9.074096653262167,10.535666300231291,ef20599a6bc21aa852a0ba72976ecbc3
11.5,17.935807953082918,22.32836857845921,0.7112949099483108,-16.623074798925188,0.08,16.931192883850557,9.374096653262168,10.934323113774129,ef20599a6bc21aa852a0ba72976ecbc3
12.0,18.31580795308292,22.683013868850182,0.7020509723638371,-17.08307479892519,0.08,16.431192883850557,9.674096653262168,11.375499584362364,ef20599a6bc21aa852a0ba72976ecbc3
12.5,18.69580795308292,23.04218290382608,0.6925406568200778,-17.54307479892519,0.08,15.931192883850557,9.97409665326217,11.8166760549506,ef20599a6bc21aa852a0ba72976ecbc3
13.0,19.074286952605938,23.40514260628256,0.6827781898410723,-18.001553798448207,0.08,15.431192883850557,10.26801265135425,12.257852525538835,ef20599a6bc21aa852a0ba72976ecbc3
13.5,19.445480735670074,23.769193690942615,0.6728331029062378,-18.45274758151234,0.08,14.931192883850557,10.532787783610791,12.699028996127069,ef20599a6bc21aa852a0ba72976ecbc3
14.0,19.815480735670075,24.13653488591638,0.6626425548871446,-18.902747581512344,0.08,14.431192883850557,10.792787783610791,13.140205466715305,ef20599a6bc21aa852a0ba72976ecbc3
14.5,20.185480735670073,24.50755116041933,0.6521914197339678,-19.352747581512343,0.08,13.931192883850557,11.05278778361079,13.58138193730354,ef20599a6bc21aa852a0ba72976ecbc3
15.0,20.55548073567007,24.8820781178358,0.6414796974467074,-19.802747581512342,0.08,13.431192883850557,11.31278778361079,14.022558407891776,ef20599a6bc21aa852a0ba72976ecbc3
15.5,20.925480735670067,25.259959600988985,0.6305073880253635,-20.252747581512345,0.08,12.931192883850557,11.57278778361079,14.463734878480011,ef20599a6bc21aa852a0ba72976ecbc3
16.0,21.29548073567007,25.64104729969328,0.6192744914699361,-20.70274758151234,0.08,12.431192883850557,11.83278778361079,14.904911349068247,ef20599a6bc21aa852a0ba72976ecbc3
16.5,21.675006806903,26.025200368231946,0.6077810077804251,-21.152747581512337,0.07,11.931192883850557,12.09278778361079,15.346087819656482,ef20599a6bc21aa852a0ba72976ecbc3
17.0,22.063335944521555,26.41228505427224,0.5960269369568305,-21.602747581512336,0.06,11.431192883850557,12.35278778361079,15.83625921741271,ef20599a6bc21aa852a0ba72976ecbc3
17.5,22.45969041537332,26.802174340333746,0.5840122789991526,-22.052747581512335,0.05,10.931192883850557,12.638205667017836,16.33625921741271,ef20599a6bc21aa852a0ba72976ecbc3
18.0,22.859690415373322,27.19474759859259,0.5717370339073908,-22.502747581512335,0.05,10.431192883850557,12.938205667017835,16.83625921741271,ef20599a6bc21aa852a0ba72976ecbc3
18.5,23.266857978634622,27.58989025952567,0.5592012016815457,-22.952747581512334,0.04,9.931192883850557,13.238205667017835,17.33625921741271,ef20599a6bc21aa852a0ba72976ecbc3
19.0,23.67426822027567,27.986186024453126,0.5464471618498028,-23.400157823153386,0.04,9.431192883850557,13.527846633582037,17.83625921741271,ef20599a6bc21aa852a0ba72976ecbc3
19.5,24.085301768432405,28.38054751460028,0.533574812349187,-23.842071461949516,0.03,8.931192883850557,13.79550118876656,18.33625921741271,ef20599a6bc21aa852a0ba72976ecbc3
20.0,24.495301768432405,28.77529406783593,0.5205095111463924,-24.282071461949517,0.03,8.431192883850557,14.05550118876656,18.83625921741271,ef20599a6bc21aa852a0ba72976ecbc3
0.0,12.126085590596889,15.933179789618874,0.8529905105699241,-5.6536850502308145,0.41,26.740237400035483,5.117673786570646,7.739701361504354,c38cf4269c904bc9ea06918391ece6c7
0.5,12.231658667548453,16.117378920238554,0.849571789752654,-6.1536850502308145,0.38,26.240237400035483,5.053018846591167,7.651466067386707,c38cf4269c904bc9ea06918391ece6c7
1.0,12.360575644548655,16.31482725341525,0.8458635276752912,-6.6536850502308145,0.36,25.740237400035483,4.993018846591167,7.56323077326906,c38cf4269c904bc9ea06918391ece6c7
1.5,12.500575644548656,16.525049874630085,0.8418657243378355,-7.1536850502308145,0.36,25.240237400035483,4.933018846591167,7.474995479151413,c38cf4269c904bc9ea06918391ece6c7
2.0,12.662116542769741,16.747565745780566,0.8375783797402869,-7.6536850502308145,0.32,24.740237400035483,4.9371020516750255,7.41923134356388,c38cf4269c904bc9ea06918391ece6c7
2.5,12.851945880840542,16.981891633721887,0.8330014938826455,-8.153685050230814,0.3,24.240237400035483,4.997102051675025,7.447639214568596,c38cf4269c904bc9ea06918391ece6c7
3.0,13.054946898757096,17.227545632204958,0.8281350667649113,-8.653685050230814,0.29,23.740237400035483,5.069106123341234,7.535874508686243,c38cf4269c904bc9ea06918391ece6c7
3.5,13.269643776013398,17.484050261879684,0.8229790983870843,-9.153685050230814,0.28,23.240237400035483,5.187893632366435,7.6241098028038925,c38cf4269c904bc9ea06918391ece6c7
4.0,13.49357987402896,17.75093514748352,0.8175335887491645,-9.653685050230814,0.26,22.740237400035483,5.343638024428698,7.712345096921539,c38cf4269c904bc9ea06918391ece6c7
4.5,13.732162479860305,18.02650343956693,0.8118243402647667,-10.15057161756087,0.24,22.240237400035483,5.556757261092621,7.802361547894268,c38cf4269c904bc9ea06918391ece6c7
5.0,13.987162479860306,18.3107317678535,0.8058435345238115,-10.64557161756087,0.24,21.740237400035483,5.796757261092621,7.949420371423679,c38cf4269c904bc9ea06918391ece6c7
5.5,14.259844220839316,18.601848947386976,0.7996207795531278,-11.136784083124496,0.21,21.240237400035483,6.052984299046875,8.131050001902116,c38cf4269c904bc9ea06918391ece6c7
6.0,14.548503363990362,18.900808669062986,0.7931282313704946,-11.626784083124496,0.18,20.740237400035483,6.335907096044064,8.336932354843292,c38cf4269c904bc9ea06918391ece6c7
6.5,14.866293484472406,19.20692521519773,0.7863729975776987,-12.11478537631551,0.17,20.240237400035483,6.667912268808132,8.54281470778447,c38cf4269c904bc9ea06918391ece6c7
7.0,15.182301374755523,19.51719162524448,0.7794154411331851,-12.594785807963625,0.16,19.740237400035483,6.967913995400579,8.748697060725645,c38cf4269c904bc9ea06918391ece6c7
7.5,15.502301374755524,19.834705814417234,0.7721799290783294,-13.074785807963623,0.16,19.240237400035483,7.267913995400579,8.95457941366682,c38cf4269c904bc9ea06918391ece6c7
8.0,15.817576576320464,20.154147628866443,0.764782664165179,-13.550061009528566,0.16,18.740237400035483,7.549014801660348,9.160461766607998,c38cf4269c904bc9ea06918391ece6c7
8.5,16.132576576320464,20.479922550040843,0.7571170239746698,-14.025061009528565,0.16,18.240237400035483,7.829014801660349,9.366344119549174,c38cf4269c904bc9ea06918391ece6c7
9.0,16.447576576320465,20.812010682901352,0.7491763195870724,-14.500061009528565,0.16,17.740237400035483,8.109014801660349,9.572226472490351,c38cf4269c904bc9ea06918391ece6c7
9.5,16.761870126366656,21.14801106964654,0.7410120763015965,-14.97070692609931,0.14,17.240237400035483,8.371598467943326,9.787871641557714,c38cf4269c904bc9ea06918391ece6c7
10.0,17.091870126366658,21.489394573323647,0.732583120851747,-15.44070692609931,0.14,16.740237400035483,8.631598467943325,10.052577523910655,c38cf4269c904bc9ea06918391ece6c7
10.5,17.427396482439196,21.835892341648204,0.7238898673321652,-15.910282747808116,0.13,16.240237400035483,8.913703892233482,10.317283406263597,c38cf4269c904bc9ea06918391ece6c7
11.0,17.7618716780864,22.183659387211414,0.7150249539352519,-16.37378223884984,0.12,15.740237400035483,9.187701856400379,10.587728727472296,c38cf4269c904bc9ea06918391ece6c7
11.5,18.114606496402658,22.53505105489364,0.70592537731473,-16.833782238849842,0.09,15.240237400035483,9.460297622902173,10.966569530412148,c38cf4269c904bc9ea06918391ece6c7
12.0,18.48460649640266,22.89109670342408,0.6965594227349229,-17.293782238849843,0.09,14.740237400035483,9.760297622902174,11.348922471588619,c38cf4269c904bc9ea06918391ece6c7
12.5,18.854606496402656,23.251582538063136,0.6869270901958302,-17.75378223884984,0.09,14.240237400035483,10.060297622902175,11.73127541276509,c38cf4269c904bc9ea06918391ece6c7
13.0,19.2227223995379,23.61542012436129,0.6770525883077169,-18.211898141985085,0.09,13.740237400035483,10.352761235443149,12.11362835394156,c38cf4269c904bc9ea06918391ece6c7
13.5,19.593685089287675,23.98047483093265,0.6669909684454494,-18.662975995022613,0.08,13.240237400035483,10.617072647593272,12.554127393425352,c38cf4269c904bc9ea06918391ece6c7
14.0,19.963685089287676,24.348945544150713,0.6566786808268459,-19.112975995022612,0.08,12.740237400035483,10.877072647593273,12.995303864013588,c38cf4269c904bc9ea06918391ece6c7
14.5,20.337295540627064,24.721025971974534,0.6461058060741589,-19.562975995022615,0.07,12.240237400035483,11.137072647593273,13.436480334601823,c38cf4269c904bc9ea06918391ece6c7
15.0,20.71729554062706,25.096555562508215,0.6352723441873884,-20.012975995022614,0.07,11.740237400035483,11.39707264759327,13.877656805190057,c38cf4269c904bc9ea06918391ece6c7
15.5,21.097295540627055,25.47538178510942,0.6241782951665344,-20.462975995022614,0.07,11.240237400035483,11.65707264759327,14.318833275778292,c38cf4269c904bc9ea06918391ece6c7
16.0,21.477295540627054,25.85735974712243,0.6128236590115967,-20.912975995022613,0.07,10.740237400035483,11.91707264759327,14.760009746366528,c38cf4269c904bc9ea06918391ece6c7
16.5,21.857295540627057,26.24235182080924,0.6012084357225755,-21.362975995022612,0.07,10.240237400035483,12.17707264759327,15.201186216954765,c38cf4269c904bc9ea06918391ece6c7
17.0,22.244680721884524,26.630227281834312,0.589332625299471,-21.81297599502261,0.06,9.740237400035483,12.43707264759327,15.685804930233965,c38cf4269c904bc9ea06918391ece6c7
17.5,22.634680721884525,27.020861960292372,0.5771962277422826,-22.26297599502261,0.06,9.240237400035483,12.69707264759327,16.185804930233964,c38cf4269c904bc9ea06918391ece6c7
18.0,23.024680721884526,27.4141379049606,0.5647992430510109,-22.71297599502261,0.06,8.740237400035483,12.95707264759327,16.685804930233964,c38cf4269c904bc9ea06918391ece6c7
18.5,23.430464757323417,27.809591495623366,0.5521529945553229,-23.16227937410465,0.04,8.240237400035483,13.25394077537688,17.185804930233964,c38cf4269c904bc9ea06918391ece6c7
19.0,23.837279026270107,28.205286003292922,0.5393177582560074,-23.60727937410465,0.03,7.7402374000354826,13.53394077537688,17.685804930233964,c38cf4269c904bc9ea06918391ece6c7
19.5,24.24917852359995,28.60023336339141,0.526325931940404,-24.049178871434496,0.03,7.2402374000354826,13.801538764696271,18.185804930233964,c38cf4269c904bc9ea06918391ece6c7
20.0,24.65917852359995,28.9955604759053,0.5131406984569757,-24.489178871434497,0.03,6.7402374000354826,14.061538764696273,18.685804930233964,c38cf4269c904bc9ea06918391ece6c7
0.0,12.25505377642552,16.12482141780499,0.8494328316648214,-5.664916074317546,0.41,27.942769505645686,5.106401820101877,7.273811032483421,5cdd91d56d4a0a46392f8a5ce2435067
0.5,12.366081226905175,16.30720030631929,0.8460076071578189,-6.164916074317546,0.38,27.442769505645686,5.01889176764917,7.244399267777538,5cdd91d56d4a0a46392f8a5ce2435067
1.0,12.490008669121972,16.5027178944784,0.8422928413907236,-6.664916074317546,0.37,26.942769505645686,4.974601536516352,7.214987503071656,5cdd91d56d4a0a46392f8a5ce2435067
1.5,12.639366819860175,16.710913020510137,0.8382885343635355,-7.164916074317546,0.34,26.442769505645686,4.997048298236158,7.185575738365774,5cdd91d56d4a0a46392f8a5ce2435067
2.0,12.813781865371151,16.931318024695322,0.8339946860762546,-7.664916074317546,0.31,25.942769505645686,5.063759053961416,7.191466471422916,5cdd91d56d4a0a46392f8a5ce2435067
2.5,13.003781865371153,17.16346253317466,0.8294112965288807,-8.164916074317546,0.31,25.442769505645686,5.1637590539614155,7.220878236128798,5cdd91d56d4a0a46392f8a5ce2435067
3.0,13.194116387165986,17.406876865250922,0.8245383657214141,-8.664916074317546,0.3,24.942769505645686,5.265097141140749,7.2502900008346804,5cdd91d56d4a0a46392f8a5ce2435067
3.5,13.400456792647025,17.66109504748574,0.8193758936538547,-9.164916074317546,0.29,24.442769505645686,5.4050971411407485,7.279701765540563,5cdd91d56d4a0a46392f8a5ce2435067
4.0,13.615801639297796,17.924935205155872,0.8139388740707252,-9.663090435329341,0.28,23.942769505645686,5.5664765277438315,7.309113530246445,5cdd91d56d4a0a46392f8a5ce2435067
4.5,13.839358181104203,18.1973594937388,0.8082403601613197,-10.15809043532934,0.26,23.442769505645686,5.726476527743831,7.388857893813533,5cdd91d56d4a0a46392f8a5ce2435067
5.0,14.088220279656376,18.479163481599894,0.8022552004044224,-10.653090435329343,0.23,22.942769505645686,5.925615108043737,7.559901737797043,5cdd91d56d4a0a46392f8a5ce2435067
5.5,14.357700277301756,18.767385459606455,0.7960385908759713,-11.143433069340283,0.21,22.442769505645686,6.157007820890747,7.765784090738221,5cdd91d56d4a0a46392f8a5ce2435067
6.0,14.659055392098349,19.062926846937668,0.7895642033586688,-11.631118345289936,0.17,21.942769505645686,6.476509142765763,8.001559940966049,5cdd91d56d4a0a46392f8a5ce2435067
6.5,14.969055392098348,19.36301366825389,0.7828867342867192,-12.111118345289935,0.17,21.442769505645686,6.776509142765763,8.266265823318989,5cdd91d56d4a0a46392f8a5ce2435067
7.0,15.279055392098348,19.670724863671825,0.7759313056050804,-12.591118345289935,0.17,20.942769505645686,7.0765091427657625,8.53097170567193,5cdd91d56d4a0a46392f8a5ce2435067
7.5,15.591777262858159,19.985708268849688,0.7686979173137527,-13.071118345289936,0.16,20.442769505645686,7.376509142765762,8.795677588024873,5cdd91d56d4a0a46392f8a5ce2435067
8.0,15.918647496330768,20.307625497651287,0.7611865694127358,-13.551118345289936,0.15,19.942769505645686,7.676509142765763,9.060383470377813,5cdd91d56d4a0a46392f8a5ce2435067
8.5,16.246270860333656,20.633719687598788,0.7534553922621593,-14.028741709292825,0.15,19.442769505645686,7.96700259877732,9.325089352730755,5cdd91d56d4a0a46392f8a5ce2435067
9.0,16.58115617827488,20.96345939618971,0.7455125564456664,-14.503741709292827,0.14,18.942769505645686,8.247002598777321,9.589795235083695,5cdd91d56d4a0a46392f8a5ce2435067
9.5,16.916856013192092,21.297397481048225,0.7373402488145258,-14.974879680657331,0.13,18.442769505645686,8.511554484235342,9.881335608923123,5cdd91d56d4a0a46392f8a5ce2435067
10.0,17.25601716872643,21.636208708296433,0.728916689905849,-15.444040836191675,0.13,17.942769505645686,8.768199106372714,10.20486502068783,5cdd91d56d4a0a46392f8a5ce2435067
10.5,17.59137442324258,21.9775405327494,0.7202960270603855,-15.907183484288485,0.12,17.442769505645686,9.000769698759957,10.541421529036878,5cdd91d56d4a0a46392f8a5ce2435067
11.0,17.93700372584306,22.321726442032467,0.7114666496225706,-16.367183484288486,0.11,16.942769505645686,9.243286909161878,10.923774470213349,5cdd91d56d4a0a46392f8a5ce2435067
11.5,18.287689701067976,22.6708326895423,0.7023708942254703,-16.827183484288483,0.1,16.442769505645686,9.50603081006155,11.30612741138982,5cdd91d56d4a0a46392f8a5ce2435067
12.0,18.65657443657518,23.024635465550986,0.6930087608690845,-17.287183484288484,0.09,15.942769505645686,9.806030810061548,11.68848035256629,5cdd91d56d4a0a46392f8a5ce2435067
12.5,19.02260277017909,23.381019390344953,0.6834317613028298,-17.743211817892398,0.09,15.442769505645686,10.090144144477199,12.07083329374276,5cdd91d56d4a0a46392f8a5ce2435067
13.0,19.386056228706945,23.740635958351497,0.673618786440521,-18.196665276420248,0.09,14.942769505645686,10.363957978588605,12.453186234919231,5cdd91d56d4a0a46392f8a5ce2435067
13.5,19.746056228706944,24.103100650816533,0.6635765312080353,-18.64666527642025,0.09,14.442769505645686,10.623957978588605,12.835539176095702,5cdd91d56d4a0a46392f8a5ce2435067
14.0,20.106056228706944,24.469391620140716,0.6532736888414663,-19.09666527642025,0.09,13.942769505645686,10.883957978588604,13.217892117272172,5cdd91d56d4a0a46392f8a5ce2435067
14.5,20.466056228706943,24.839339595412614,0.6427102593408135,-19.54666527642025,0.09,13.442769505645686,11.143957978588606,13.600245058448643,5cdd91d56d4a0a46392f8a5ce2435067
15.0,20.826056228706943,25.212783599052546,0.6318862427060774,-19.99666527642025,0.09,12.942769505645686,11.403957978588606,13.982597999625114,5cdd91d56d4a0a46392f8a5ce2435067
15.5,21.193460826008735,25.589570572580413,0.6208016389372575,-20.446665276420248,0.08,12.442769505645686,11.663957978588606,14.408507395518036,5cdd91d56d4a0a46392f8a5ce2435067
16.0,21.572575357514843,25.969555009000317,0.6094564480343545,-20.89666527642025,0.07,11.942769505645686,11.923957978588605,14.849683866106272,5cdd91d56d4a0a46392f8a5ce2435067
16.5,21.952575357514846,26.352598593723425,0.5978506699973676,-21.34666527642025,0.07,11.442769505645686,12.183957978588605,15.290860336694507,5cdd91d56d4a0a46392f8a5ce2435067
17.0,22.332408096617424,26.738482227224225,0.5859870184664865,-21.79649801552283,0.07,10.942769505645686,12.443288934998936,15.732036807282741,5cdd91d56d4a0a46392f8a5ce2435067
17.5,22.707408096617424,27.1246277362678,0.5739426822783211,-22.24149801552283,0.07,10.442769505645686,12.683288934998936,16.173213277870975,5cdd91d56d4a0a46392f8a5ce2435067
18.0,23.087271567835106,27.513440857999413,0.5616406543686729,-22.68649801552283,0.06,9.942769505645686,12.923288934998936,16.642998402680853,5cdd91d56d4a0a46392f8a5ce2435067
18.5,23.473758682253724,27.90481008468171,0.5490809347375423,-23.13149801552283,0.05,9.442769505645686,13.169237392673406,17.142998402680853,5cdd91d56d4a0a46392f8a5ce2435067
19.0,23.873216483080526,28.298629363940524,0.5362635233849289,-23.57649801552283,0.04,8.942769505645686,13.449237392673405,17.642998402680853,5cdd91d56d4a0a46392f8a5ce2435067
19.5,24.27493802264652,28.69157983239357,0.5232953586775669,-24.018219555088823,0.04,8.442769505645686,13.716123550937368,18.142998402680853,5cdd91d56d4a0a46392f8a5ce2435067
20.0,24.67493802264652,29.085133192641603,0.5101280531930712,-24.45821955508882,0.04,7.9427695056456855,13.976123550937368,18.642998402680853,5cdd91d56d4a0a46392f8a5ce2435067
0.0,12.096142310364849,15.967233726341892,0.8523614331553291,-4.6372360680429265,0.42,35.7612474556428,5.229671701371683,6.584113698567727,399899c928f3cae5fd2848c7cc3d4003
0.5,12.176142310364849,16.11954679696898,0.8495313201763046,-5.137236068042927,0.42,35.2612474556428,5.129671701371683,6.5547019338618435,399899c928f3cae5fd2848c7cc3d4003
1.0,12.272768224855255,16.285792120978204,0.8464116659371872,-5.637236068042927,0.38,34.7612474556428,5.07351492705236,6.5586143342750205,399899c928f3cae5fd2848c7cc3d4003
1.5,12.416547265450575,16.46554770044892,0.843002470437977,-6.137236068042927,0.35,34.2612474556428,5.158273484669016,6.632669635399463,399899c928f3cae5fd2848c7cc3d4003
2.0,12.58532102777159,16.658376185685135,0.839303733678674,-6.637236068042927,0.32,33.7612474556428,5.258273484669016,6.76047758304683,399899c928f3cae5fd2848c7cc3d4003
2.5,12.768842468428808,16.863829138479925,0.8353154556592781,-7.137236068042927,0.3,33.2612474556428,5.369097905293001,6.912332497759916,399899c928f3cae5fd2848c7cc3d4003
3.0,12.968842468428809,17.08145102969556,0.8310376363797894,-7.637236068042927,0.3,32.7612474556428,5.509097905293,7.118214850701093,399899c928f3cae5fd2848c7cc3d4003
3.5,13.174880701412931,17.310782921287252,0.8264702758402079,-8.137236068042927,0.29,32.2612474556428,5.673250837229484,7.324097203642269,399899c928f3cae5fd2848c7cc3d4003
4.0,13.396677211127125,17.551365799161424,0.8216133740405336,-8.637236068042927,0.27,31.761247455642803,5.853250837229484,7.580745762675138,399899c928f3cae5fd2848c7cc3d4003
4.5,13.641740093666403,17.802187752768074,0.8164783902705766,-9.136251480148992,0.25,31.261247455642803,6.065918890441768,7.84545164502808,399899c928f3cae5fd2848c7cc3d4003
5.0,13.886740093666404,18.06105313277591,0.8111023320666745,-9.631251480148991,0.25,30.761247455642803,6.265918890441768,8.11015752738102,399899c928f3cae5fd2848c7cc3d4003
5.5,14.130231099067489,18.329103091123987,0.8054537411944417,-10.124742485550078,0.25,30.261247455642803,6.459882912046108,8.374863409733962,399899c928f3cae5fd2848c7cc3d4003
6.0,14.370231099067489,18.604992948415784,0.7995530394358664,-10.614742485550078,0.25,29.761247455642803,6.639882912046108,8.639569292086904,399899c928f3cae5fd2848c7cc3d4003
6.5,14.619799892243464,18.889825438477484,0.7933685872424002,-11.104742485550078,0.23,29.261247455642803,6.819882912046109,8.917454609836364,399899c928f3cae5fd2848c7cc3d4003
7.0,14.899957419599966,19.181879423221577,0.7869297726898363,-11.593537623515846,0.2,28.761247455642803,7.046015611866975,9.24098402160107,399899c928f3cae5fd2848c7cc3d4003
7.5,15.191404028587664,19.47700079049536,0.7803229845536936,-12.076506322450921,0.19,28.261247455642803,7.311802047817765,9.564513433365775,399899c928f3cae5fd2848c7cc3d4003
8.0,15.481404028587665,19.778525377676868,0.7734686706422952,-12.556506322450922,0.19,27.761247455642803,7.571802047817766,9.888042845130482,399899c928f3cae5fd2848c7cc3d4003
8.5,15.784060686735293,20.086106649315596,0.7663681841827082,-13.032689514732176,0.17,27.261247455642803,7.842756402083388,10.211572256895188,399899c928f3cae5fd2848c7cc3d4003
9.0,16.104933531034657,20.399921211261677,0.7590108799033325,-13.506752229336122,0.14,26.761247455642803,8.119007260499176,10.545200325063929,399899c928f3cae5fd2848c7cc3d4003
9.5,16.431088462313696,20.71710064957531,0.7514587903309933,-13.972474217352785,0.13,26.261247455642803,8.36362698561532,10.927553266240398,399899c928f3cae5fd2848c7cc3d4003
10.0,16.771471828381944,21.04027646068337,0.743644086651368,-14.437474217352785,0.11,25.761247455642803,8.653271955276661,11.30990620741687,399899c928f3cae5fd2848c7cc3d4003
10.5,17.129366957246027,21.36944565868145,0.7355601095998565,-14.902474217352784,0.1,25.261247455642803,8.973271955276662,11.709289318382075,399899c928f3cae5fd2848c7cc3d4003
11.0,17.497113645688316,21.703421725945187,0.7272298298526827,-15.365510137282271,0.09,24.761247455642803,9.285415634994605,12.178176191986783,399899c928f3cae5fd2848c7cc3d4003
11.5,17.870357337598332,22.03822206882723,0.7187493300276155,-15.821169247770007,0.08,24.261247455642803,9.568052076945534,12.678176191986783,399899c928f3cae5fd2848c7cc3d4003
12.0,18.245357337598332,22.37770991863809,0.7100175362385709,-16.276169247770007,0.08,23.761247455642803,9.848052076945535,13.178176191986783,399899c928f3cae5fd2848c7cc3d4003
12.5,18.620357337598332,22.722138333583036,0.7010222599028417,-16.731169247770005,0.08,23.261247455642803,10.128052076945535,13.678176191986783,399899c928f3cae5fd2848c7cc3d4003
13.0,18.995357337598332,23.071286043440526,0.6917635010204282,-17.186169247770007,0.08,22.761247455642803,10.408052076945534,14.178176191986783,399899c928f3cae5fd2848c7cc3d4003
13.5,19.374255956786843,23.42430273699048,0.6822586032470663,-17.639816195192008,0.07,22.261247455642803,10.682639866633544,14.678176191986783,399899c928f3cae5fd2848c7cc3d4003
14.0,19.754255956786842,23.77988172614346,0.6725388095839014,-18.089816195192007,0.07,21.761247455642803,10.942639866633545,15.178176191986783,399899c928f3cae5fd2848c7cc3d4003
14.5,20.141997776137405,24.13954413622104,0.662558428786653,-18.539816195192007,0.06,21.261247455642803,11.202639866633545,15.678176191986783,399899c928f3cae5fd2848c7cc3d4003
15.0,20.531997776137406,24.503110155646684,0.6523174608553213,-18.989816195192006,0.06,20.761247455642803,11.462639866633545,16.178176191986783,399899c928f3cae5fd2848c7cc3d4003
15.5,20.921997776137406,24.87040859123444,0.6418159057899057,-19.439816195192005,0.06,20.261247455642803,11.722639866633545,16.678176191986783,399899c928f3cae5fd2848c7cc3d4003
16.0,21.311997776137403,25.241276506748616,0.6310537635904067,-19.889816195192008,0.06,19.761247455642803,11.982639866633544,17.178176191986783,399899c928f3cae5fd2848c7cc3d4003
16.5,21.701997776137404,25.615558863419942,0.620031034256824,-20.339816195192007,0.06,19.261247455642803,12.242639866633544,17.678176191986783,399899c928f3cae5fd2848c7cc3d4003
17.0,22.091997776137404,25.993108165060285,0.608747717789158,-20.789816195192007,0.06,18.761247455642803,12.502639866633544,18.178176191986783,399899c928f3cae5fd2848c7cc3d4003
17.5,22.481997776137405,26.373784109901937,0.5972038141874083,-21.23981619519201,0.06,18.261247455642803,12.762639866633544,18.678176191986783,399899c928f3cae5fd2848c7cc3d4003
18.0,22.871997776137405,26.757453250840367,0.5853993234515751,-21.689816195192012,0.06,17.761247455642803,13.022639866633545,19.178176191986783,399899c928f3cae5fd2848c7cc3d4003
18.5,23.261997776137406,27.14398866537672,0.5733342455816582,-22.13981619519201,0.06,17.261247455642803,13.282639866633545,19.678176191986783,399899c928f3cae5fd2848c7cc3d4003
19.0,23.65081714265008,27.530167174988733,0.5611075065060922,-22.58578740791178,0.05,16.761247455642803,13.537917332684236,20.178176191986783,399899c928f3cae5fd2848c7cc3d4003
19.5,24.04581714265008,27.918244788860545,0.5486466424038392,-23.03078740791178,0.05,16.261247455642803,13.817917332684235,20.678176191986783,399899c928f3cae5fd2848c7cc3d4003
20.0,24.436736287785667,28.304796171119147,0.536061387444309,-23.471706553047365,0.05,15.761247455642803,14.081593913226582,21.178176191986783,399899c928f3cae5fd2848c7cc3d4003
0.0,11.674957897798658,15.177443531300362,0.8666055664273601,-3.3762755006063903,0.43,36.043327512791876,6.041071233689031,7.102711066831854,c03e1c93bc54d09ce492393e64c3cdd2
0.5,11.74810125754097,15.296439704925378,0.8645056536715814,-3.8762755006063903,0.41,35.543327512791876,5.981071233689031,7.073299302125972,c03e1c93bc54d09ce492393e64c3cdd2
1.0,11.844832393163657,15.430727239732544,0.86211619965571,-4.37627550060639,0.4,35.043327512791876,5.947995776179779,7.0438875374200896,c03e1c93bc54d09ce492393e64c3cdd2
1.5,11.95211003684979,15.57991073939868,0.8594372043797456,-4.87627550060639,0.39,34.543327512791876,5.957106350924313,7.014475772714207,c03e1c93bc54d09ce492393e64c3cdd2
2.0,12.072865666662329,15.743566754336095,0.8564686678436885,-5.376275500606392,0.36,34.043327512791876,6.000284380406574,6.992295165212635,c03e1c93bc54d09ce492393e64c3cdd2
2.5,12.212865666662328,15.921248997765318,0.8532105900475385,-5.876275500606392,0.36,33.543327512791876,6.060284380406574,7.021706929918517,c03e1c93bc54d09ce492393e64c3cdd2
3.0,12.360623071013322,16.112493449167,0.8496629709912957,-6.376275500606392,0.35,33.043327512791876,6.1202843804065745,7.0511186946243996,c03e1c93bc54d09ce492393e64c3cdd2
3.5,12.51521631648216,16.316823240142547,0.8458258106749601,-6.876275500606392,0.34,32.543327512791876,6.180284380406574,7.080530459330283,c03e1c93bc54d09ce492393e64c3cdd2
4.0,12.684872418658001,16.533753238471363,0.8416991090985316,-7.376275500606392,0.32,32.043327512791876,6.278908789109948,7.109942224036165,c03e1c93bc54d09ce492393e64c3cdd2
4.5,12.869140327187843,16.762794267402697,0.8372828662620103,-7.876275500606392,0.31,31.543327512791876,6.435980423229301,7.139353988742046,c03e1c93bc54d09ce492393e64c3cdd2
5.0,13.067906412406792,17.002958629940185,0.832586894707361,-8.375431810649225,0.3,31.043327512791876,6.612605663400638,7.1687657534479285,c03e1c93bc54d09ce492393e64c3cdd2
5.5,13.262258370298031,17.251278074671852,0.8276612228221205,-8.869588428493882,0.29,30.543327512791876,6.769232134779266,7.199326577251354,c03e1c93bc54d09ce492393e64c3cdd2
6.0,13.464520348995798,17.50774638947422,0.8224989404885303,-9.359588428493883,0.28,30.043327512791876,6.909232134779266,7.300867628414677,c03e1c93bc54d09ce492393e64c3cdd2
6.5,13.681681058315213,17.773862232491563,0.817061937589503,-9.848483336759774,0.27,29.543327512791876,7.077874972056922,7.447926451944089,c03e1c93bc54d09ce492393e64c3cdd2
7.0,13.906980046623353,18.047454752912728,0.811386671548082,-10.332349427707355,0.24,29.043327512791876,7.272678856391198,7.594985275473501,c03e1c93bc54d09ce492393e64c3cdd2
7.5,14.168397218011192,18.324053219810658,0.805560925733794,-10.807738422694811,0.2,28.543327512791876,7.498473665453947,7.801025976622511,c03e1c93bc54d09ce492393e64c3cdd2
8.0,14.44765029553459,18.60547405537274,0.7995426725763496,-11.27773842269481,0.19,28.043327512791876,7.718473665453948,8.120161726760136,c03e1c93bc54d09ce492393e64c3cdd2
8.5,14.727650295534591,18.895142318803604,0.793252250634418,-11.74773842269481,0.19,27.543327512791876,7.938473665453948,8.44369113852484,c03e1c93bc54d09ce492393e64c3cdd2
9.0,15.017872670940147,19.19125217073881,0.7867214989013142,-12.214372854883468,0.16,27.043327512791876,8.145011394208574,8.801164971007996,c03e1c93bc54d09ce492393e64c3cdd2
9.5,15.331217519588986,19.494128160442838,0.7799364626398133,-12.679372854883468,0.15,26.543327512791876,8.345011394208575,9.183517912184467,c03e1c93bc54d09ce492393e64c3cdd2
10.0,15.649987404613555,19.804113350277863,0.7728821530064263,-13.144372854883468,0.14,26.043327512791876,8.545011394208574,9.588046647623113,c03e1c93bc54d09ce492393e64c3cdd2
10.5,15.984797244778333,20.12087916681419,0.7655585700011527,-13.609372854883468,0.13,25.543327512791876,8.784250754867694,10.029223118211348,c03e1c93bc54d09ce492393e64c3cdd2
11.0,16.319797244778332,20.44411043064532,0.7579657136239929,-14.074372854883467,0.13,25.043327512791876,9.024250754867694,10.470399588799584,c03e1c93bc54d09ce492393e64c3cdd2
11.5,16.662824898006587,20.772047108329136,0.7501386664802919,-14.537490703777813,0.11,24.543327512791876,9.271537159059491,10.91157605938782,c03e1c93bc54d09ce492393e64c3cdd2
12.0,17.010064833752825,21.10188963863215,0.7421404914875964,-14.993485617419196,0.1,24.043327512791876,9.51551681362503,11.352752529976055,c03e1c93bc54d09ce492393e64c3cdd2
12.5,17.36534188456746,21.436901173873757,0.7338879948211318,-15.448485617419196,0.09,23.543327512791876,9.75551681362503,11.79392900056429,c03e1c93bc54d09ce492393e64c3cdd2
13.0,17.730341884567462,21.777206376297425,0.7253720156079826,-15.903485617419197,0.09,23.043327512791876,9.995516813625029,12.235105471152524,c03e1c93bc54d09ce492393e64c3cdd2
13.5,18.1005129181015,22.122560954222013,0.716592553848149,-16.358485617419195,0.08,22.543327512791876,10.256200947761199,12.67628194174076,c03e1c93bc54d09ce492393e64c3cdd2
14.0,18.4755129181015,22.472732116738445,0.7075496095416309,-16.813485617419197,0.08,22.043327512791876,10.536200947761198,13.117458412328995,c03e1c93bc54d09ce492393e64c3cdd2
14.5,18.857772454846078,22.827498207383716,0.6982431826884283,-17.268485617419195,0.07,21.543327512791876,10.8162009477612,13.601338040238268,c03e1c93bc54d09ce492393e64c3cdd2
15.0,19.24277245484608,23.186648313750005,0.6886732732885412,-17.723485617419197,0.07,21.043327512791876,11.096200947761199,14.101338040238268,c03e1c93bc54d09ce492393e64c3cdd2
15.5,19.62563850058116,23.548975418753077,0.6788673312257991,-18.17635166315428,0.07,20.543327512791876,11.367665130701521,14.601338040238268,c03e1c93bc54d09ce492393e64c3cdd2
16.0,20.005105431739636,23.913451813333175,0.6688498207226488,-18.62581859431275,0.07,20.043327512791876,11.625532855335418,15.101338040238268,c03e1c93bc54d09ce492393e64c3cdd2
16.5,20.380105431739636,24.27779842207527,0.6586821053408314,-19.07081859431275,0.07,19.543327512791876,11.865532855335418,15.601338040238268,c03e1c93bc54d09ce492393e64c3cdd2
17.0,20.75510543173963,24.645786958773158,0.6482566982375315,-19.51581859431275,0.07,19.043327512791876,12.105532855335419,16.101338040238268,c03e1c93bc54d09ce492393e64c3cdd2
17.5,21.125215415370334,25.0117352710454,0.6377335606180938,-19.95592857794346,0.07,18.543327512791876,12.32597278985824,16.601338040238268,c03e1c93bc54d09ce492393e64c3cdd2
18.0,21.495215415370335,25.380954076763935,0.626959192606784,-20.395928577943458,0.07,18.043327512791876,12.54597278985824,17.101338040238268,c03e1c93bc54d09ce492393e64c3cdd2
18.5,21.876762419675917,25.75342226626868,0.6159300282865925,-20.835928577943456,0.05,17.543327512791876,12.777879194427783,17.601338040238268,c03e1c93bc54d09ce492393e64c3cdd2
19.0,22.266762419675914,26.129000880299394,0.6046460676575194,-21.275928577943453,0.05,17.043327512791876,13.037879194427783,18.101338040238268,c03e1c93bc54d09ce492393e64c3cdd2
19.5,22.656762419675914,26.507557706824482,0.5931073107195644,-21.715928577943455,0.05,16.543327512791876,13.297879194427782,18.601338040238268,c03e1c93bc54d09ce492393e64c3cdd2
20.0,23.046762419675915,26.888966959676484,0.5813137574727277,-22.155928577943456,0.05,16.043327512791876,13.557879194427782,19.101338040238268,c03e1c93bc54d09ce492393e64c3cdd2
0.0,10.878381697966558,15.067951348758248,0.868523275962154,-2.6086011652101337,0.44,35.23840715486941,5.26862955143705,6.906011587560147,2898e0487ceb31f75d24456842d49660
0.5,10.94738744862321,15.162511632765716,0.8668679099951984,-3.1086011652101337,0.42,34.73840715486941,5.12862955143705,6.867930367148075,2898e0487ceb31f75d24456842d49660
1.0,11.04029772252901,15.272863522567265,0.86492300276815,-3.6086011652101337,0.39,34.23840715486941,5.018025808502146,6.8712316003217575,2898e0487ceb31f75d24456842d49660
1.5,11.158202659076375,15.398667518463276,0.8626885542810088,-4.108601165210134,0.36,33.73840715486941,4.94044289333516,6.959466894439405,2898e0487ceb31f75d24456842d49660
2.0,11.300076862154917,15.539548336724142,0.8601645645337748,-4.608601165210134,0.35,33.23840715486941,4.927939705649322,7.047702188557052,2898e0487ceb31f75d24456842d49660
2.5,11.465259837984172,15.694651065289245,0.8573591937334557,-5.107601755817424,0.32,32.73840715486941,4.943942068078481,7.179141313532146,2898e0487ceb31f75d24456842d49660
3.0,11.64818798247735,15.862130179046009,0.8542986836892593,-5.602601755817421,0.31,32.23840715486941,4.975654646051188,7.385023666473322,2898e0487ceb31f75d24456842d49660
3.5,11.839473602927507,16.043293788147732,0.850951527797571,-6.097601755817421,0.28,31.738407154869407,5.01969511918896,7.618278404777349,2898e0487ceb31f75d24456842d49660
4.0,12.057901215296745,16.237683865891622,0.8473177260583908,-6.592601755817421,0.27,31.238407154869407,5.113405568665906,7.88298428713029,2898e0487ceb31f75d24456842d49660
4.5,12.284091939950397,16.444831379021633,0.8433972784717187,-7.087601755817421,0.26,30.738407154869407,5.238168467280517,8.14769016948323,2898e0487ceb31f75d24456842d49660
5.0,12.526999109535057,16.6642605848646,0.8391901850375547,-7.5826017558174215,0.25,30.238407154869407,5.429797145619159,8.412396051836174,2898e0487ceb31f75d24456842d49660
5.5,12.781312982334684,16.89352392111846,0.8347349733451781,-8.074328713706338,0.22,29.738407154869407,5.652848868853331,8.697989828254318,2898e0487ceb31f75d24456842d49660
6.0,13.051312982334684,17.133023060368185,0.8300158395358237,-8.564328713706338,0.22,29.238407154869407,5.872848868853331,9.08034276943079,2898e0487ceb31f75d24456842d49660
6.5,13.325550251087247,17.377418066481464,0.8251317536325404,-9.048640683083084,0.2,28.738407154869407,6.109797943863587,9.46269571060726,2898e0487ceb31f75d24456842d49660
7.0,13.613584235421847,17.629330654915957,0.8200250329611689,-9.528640683083083,0.19,28.238407154869407,6.401933881201983,9.84504865178373,2898e0487ceb31f75d24456842d49660
7.5,13.902011500042454,17.890403262858968,0.8146550678130445,-10.00706794770369,0.19,27.738407154869407,6.695642939684413,10.2274015929602,2898e0487ceb31f75d24456842d49660
8.0,14.196829641957668,18.159325341416697,0.8090411129737771,-10.482067947703692,0.17,27.238407154869407,6.986300070647905,10.609754534136671,2898e0487ceb31f75d24456842d49660
8.5,14.501829641957668,18.437208704224247,0.8031520939374216,-10.957067947703692,0.17,26.738407154869407,7.3063000706479055,10.992107475313142,2898e0487ceb31f75d24456842d49660
9.0,14.806829641957668,18.72365436422137,0.7969880107039778,-11.432067947703693,0.17,26.238407154869407,7.626300070647906,11.374460416489612,2898e0487ceb31f75d24456842d49660
9.5,15.111829641957668,19.018275439653557,0.7905488632734459,-11.907067947703693,0.17,25.738407154869407,7.946300070647905,11.756813357666083,2898e0487ceb31f75d24456842d49660
10.0,15.417560119092725,19.320697933724684,0.7838346516458259,-12.382067947703693,0.16,25.238407154869407,8.266300070647906,12.139166298842554,2898e0487ceb31f75d24456842d49660
10.5,15.732560119092724,19.630561290853024,0.7768453758211175,-12.857067947703692,0.16,24.738407154869407,8.586300070647905,12.521519240019025,2898e0487ceb31f75d24456842d49660
11.0,16.039817229360374,19.943929625795604,0.7696639462998899,-13.32432505797134,0.16,24.238407154869407,8.875328511718495,12.903872181195496,2898e0487ceb31f75d24456842d49660
11.5,16.339817229360374,20.258940100031367,0.7623302570288695,-13.784325057971339,0.16,23.738407154869407,9.135328511718495,13.286225122371965,2898e0487ceb31f75d24456842d49660
12.0,16.64246227617644,20.58030561081711,0.7547301897985637,-14.24432505797134,0.15,23.238407154869407,9.395328511718494,13.668578063548436,2898e0487ceb31f75d24456842d49660
12.5,16.96908870927039,20.907733117021596,0.7468637446089723,-14.704325057971339,0.13,22.738407154869407,9.655328511718494,14.050931004724907,2898e0487ceb31f75d24456842d49660
13.0,17.31292390054696,21.240942284902825,0.7387309214600958,-15.16432505797134,0.11,22.238407154869407,9.915328511718494,14.433283945901378,2898e0487ceb31f75d24456842d49660
13.5,17.65840591408715,21.577943025344705,0.7303747629786161,-15.619807071511527,0.11,21.738407154869407,10.157256565879242,14.815636887077847,2898e0487ceb31f75d24456842d49660
14.0,18.00340591408715,21.91996652088077,0.7217595745060692,-16.07480707151153,0.11,21.238407154869407,10.39725656587924,15.197989828254318,2898e0487ceb31f75d24456842d49660
14.5,18.347900854944925,22.2667038992852,0.7128873526186095,-16.529302012369307,0.11,20.738407154869407,10.635236329310356,15.58034276943079,2898e0487ceb31f75d24456842d49660
15.0,18.69315605916222,22.61593253772243,0.7038106383071355,-16.979302012369306,0.09,20.238407154869407,10.859213323413776,15.96269571060726,2898e0487ceb31f75d24456842d49660
15.5,19.054659499057806,22.96964750628928,0.6944733368615781,-17.429302012369305,0.08,19.738407154869407,11.119213323413776,16.34504865178373,2898e0487ceb31f75d24456842d49660
16.0,19.424659499057803,23.327644728423625,0.684875448281937,-17.879302012369305,0.08,19.238407154869407,11.379213323413776,16.727401592960202,2898e0487ceb31f75d24456842d49660
16.5,19.801741436753442,23.68973006574621,0.6750169725682124,-18.329302012369304,0.07,18.738407154869407,11.639213323413776,17.10975453413667,2898e0487ceb31f75d24456842d49660
17.0,20.18174143675344,24.055718916721013,0.6648979097204043,-18.779302012369303,0.07,18.238407154869407,11.899213323413775,17.49210747531314,2898e0487ceb31f75d24456842d49660
17.5,20.56174143675344,24.425435812133596,0.6545182597385126,-19.229302012369303,0.07,17.738407154869407,12.159213323413775,17.87446041648961,2898e0487ceb31f75d24456842d49660
18.0,20.941741436753443,24.79871401151737,0.6438780226225373,-19.679302012369302,0.07,17.238407154869407,12.419213323413777,18.256813357666083,2898e0487ceb31f75d24456842d49660
18.5,21.321741436753445,25.17539510389851,0.6329771983724786,-20.129302012369305,0.07,16.738407154869407,12.679213323413776,18.639166298842554,2898e0487ceb31f75d24456842d49660
19.0,21.701741436753444,25.555328615569913,0.6218157869883363,-20.579302012369304,0.07,16.238407154869407,12.939213323413776,19.021519240019025,2898e0487ceb31f75d24456842d49660
19.5,22.080443121736607,25.937483664088393,0.610420463233094,-21.028003697352474,0.07,15.738407154869407,13.194020063346443,19.403872181195496,2898e0487ceb31f75d24456842d49660
20.0,22.451984732413095,26.31674490741977,0.5989442037069824,-21.468003697352472,0.06,15.238407154869407,13.420186506052373,19.786225122371967,2898e0487ceb31f75d24456842d49660
0.0,14.691861793243673,19.7872838210121,0.773267998340299,-7.492123990030751,0.34,41.54417072510819,6.613843983717727,10.854769540268896,6ee505ee8badf87432c58a78b38ea367
0.5,14.851861793243673,19.98195998903305,0.7687846696685622,-7.992123990030752,0.34,41.04417072510819,6.553843983717727,10.943004834386542,6ee505ee8badf87432c58a78b38ea367
1.0,15.028841116255142,20.18714563759197,0.7640117997367325,-8.492123990030752,0.32,40.54417072510819,6.528691381086439,11.03124012850419,6ee505ee8badf87432c58a78b38ea367
1.5,15.214065346041478,20.402523691528444,0.75894938854481,-8.992123990030752,0.3,40.04417072510819,6.51105909327621,11.146724256380036,6ee505ee8badf87432c58a78b38ea367
2.0,15.417479058162689,20.627774891476058,0.7535974360927946,-9.492123990030752,0.29,39.54417072510819,6.544713941761058,11.293783079909447,6ee505ee8badf87432c58a78b38ea367
2.5,15.627647005695302,20.86257944175267,0.7479559423806863,-9.992123990030752,0.28,39.04417072510819,6.604713941761059,11.441829830101282,6ee505ee8badf87432c58a78b38ea367
3.0,15.8532680038638,21.1066185106348,0.7420249074084855,-10.492123990030752,0.27,38.54417072510819,6.6871979344350505,11.647712183042458,6ee505ee8badf87432c58a78b38ea367
3.5,16.090806126090584,21.359575579666895,0.7358043311761916,-10.992123990030752,0.26,38.04417072510819,6.787197934435051,11.853594535983635,6ee505ee8badf87432c58a78b38ea367
4.0,16.34192320555782,21.620155591142066,0.7293188045089267,-11.489153780469474,0.24,37.54417072510819,6.875317096189942,12.059476888924811,6ee505ee8badf87432c58a78b38ea367
4.5,16.606493943436277,21.888302391132594,0.7225628492355989,-11.984153780469473,0.23,37.04417072510819,6.993600047703754,12.265359241865989,6ee505ee8badf87432c58a78b38ea367
5.0,16.871493943436278,22.164373109703114,0.7155202481147791,-12.479153780469474,0.23,36.54417072510819,7.113600047703753,12.471241594807164,6ee505ee8badf87432c58a78b38ea367
5.5,17.1527181064874,22.448075399165067,0.7081910011464676,-12.974153780469473,0.21,36.04417072510819,7.233600047703753,12.726282563625208,6ee505ee8badf87432c58a78b38ea367
6.0,17.442927603868085,22.738428036002507,0.7005934266556867,-13.467584426892497,0.19,35.54417072510819,7.3531165476807265,12.990988445978148,6ee505ee8badf87432c58a78b38ea367
6.5,17.75280990518295,23.034293867521907,0.6927511527359348,-13.957584426892497,0.18,35.04417072510819,7.532645752940195,13.25569432833109,6ee505ee8badf87432c58a78b38ea367
7.0,18.06264584005397,23.33685177286023,0.6846266500560032,-14.447420361763513,0.18,34.54417072510819,7.711989492424273,13.52040021068403,6ee505ee8badf87432c58a78b38ea367
7.5,18.370560350993998,23.643672323141686,0.6762794128033198,-14.930852592018544,0.17,34.04417072510819,7.883647536184389,13.785106093036973,6ee505ee8badf87432c58a78b38ea367
8.0,18.680560350994,23.955460619994653,0.6676853344826299,-15.410852592018543,0.17,33.54417072510819,8.063647536184389,14.049811975389915,6ee505ee8badf87432c58a78b38ea367
8.5,18.99739528343007,24.273132185775555,0.6588132965522507,-15.890852592018543,0.16,33.04417072510819,8.270987265928671,14.314517857742855,6ee505ee8badf87432c58a78b38ea367
9.0,19.316816426532565,24.59363596970859,0.6497437153271188,-16.364812017671824,0.15,32.54417072510819,8.48867183833865,14.579223740095797,6ee505ee8badf87432c58a78b38ea367
9.5,19.64362735157974,24.916194376915108,0.6404958763370343,-16.834812017671823,0.14,32.04417072510819,8.70867183833865,14.883993887432117,6ee505ee8badf87432c58a78b38ea367
10.0,19.97362735157974,25.243940941261283,0.6309758685624625,-17.30481201767182,0.14,31.544170725108188,8.928671838338651,15.207523299196824,6ee505ee8badf87432c58a78b38ea367
10.5,20.303627351579742,25.576676216106726,0.6211836920034033,-17.774812017671824,0.14,31.044170725108188,9.14867183833865,15.53105271096153,6ee505ee8badf87432c58a78b38ea367
11.0,20.629739144910136,25.9124904704244,0.6111708942123739,-18.24045609300073,0.13,30.544170725108188,9.351248139654295,15.854582122726235,6ee505ee8badf87432c58a78b38ea367
11.5,20.9668300057564,26.252621173376887,0.6008962584824953,-18.705456093000734,0.12,30.044170725108188,9.559611583039354,16.17811153449094,6ee505ee8badf87432c58a78b38ea367
12.0,21.31487351404178,26.597144105445555,0.5903523493807308,-19.170456093000734,0.11,29.544170725108188,9.799611583039354,16.501640946255648,6ee505ee8badf87432c58a78b38ea367
12.5,21.67327803262622,26.9444275274169,0.5795848309680003,-19.630670724061506,0.09,29.044170725108188,10.052282064189084,16.825170358020355,6ee505ee8badf87432c58a78b38ea367
13.0,22.043278032626223,27.295656165483244,0.5685529205538835,-20.090670724061503,0.09,28.544170725108188,10.312282064189084,17.148699769785058,6ee505ee8badf87432c58a78b38ea367
13.5,22.413792027655724,27.65074169400063,0.5572546321804814,-20.5506707240615,0.08,28.044170725108188,10.572282064189086,17.472229181549764,6ee505ee8badf87432c58a78b38ea367
14.0,22.793792027655723,28.009537428390463,0.5456899658477941,-21.0106707240615,0.08,27.544170725108188,10.832282064189085,17.79575859331447,6ee505ee8badf87432c58a78b38ea367
14.5,23.173792027655722,28.37190260938571,0.5338589215558212,-21.470670724061502,0.08,27.044170725108188,11.092282064189085,18.119288005079177,6ee505ee8badf87432c58a78b38ea367
15.0,23.548895499473115,28.734934172533986,0.5218536235162969,-21.925774195878894,0.08,26.544170725108188,11.33269595145866,18.442817416843884,6ee505ee8badf87432c58a78b38ea367
15.5,23.923895499473115,29.101197846407295,0.5095867597091635,-22.380774195878892,0.08,26.044170725108188,11.57269595145866,18.76634682860859,6ee505ee8badf87432c58a78b38ea367
16.0,24.298895499473115,29.470629282246744,0.4970564133553458,-22.835774195878894,0.08,25.544170725108188,11.812695951458661,19.089876240373293,6ee505ee8badf87432c58a78b38ea367
16.5,24.683450120992703,29.843110837972276,0.4842625844548434,-23.290774195878893,0.07,25.044170725108188,12.090914437537002,19.413405652138,6ee505ee8badf87432c58a78b38ea367
17.0,25.070486035968425,30.218529724051383,0.4712052730076566,-23.745774195878894,0.06,24.544170725108188,12.370914437537001,19.736935063902706,6ee505ee8badf87432c58a78b38ea367
17.5,25.46264525066684,30.594961449032922,0.45794884218946774,-24.195833045221462,0.05,24.044170725108188,12.631149834907268,20.060464475667413,6ee505ee8badf87432c58a78b38ea367
18.0,25.86040709871415,30.972536153802494,0.44448729898389383,-24.643594893268773,0.05,23.544170725108188,12.882197227096505,20.38399388743212,6ee505ee8badf87432c58a78b38ea367
18.5,26.255407098714148,31.350822807254538,0.4308347945369635,-25.088594893268773,0.05,23.044170725108188,13.122197227096505,20.707523299196822,6ee505ee8badf87432c58a78b38ea367
19.0,26.65040709871415,31.731611770994867,0.41692459836855067,-25.533594893268774,0.05,22.544170725108188,13.362197227096505,21.03105271096153,6ee505ee8badf87432c58a78b38ea367
19.5,27.049175917522007,32.11481403462285,0.4027567104786549,-25.978594893268774,0.04,22.044170725108188,13.602197227096505,21.354582122726235,6ee505ee8badf87432c58a78b38ea367
20.0,27.454175917522008,32.50034423466431,0.3883311308672769,-26.423594893268774,0.04,21.544170725108188,13.842197227096506,21.67811153449094,6ee505ee8badf87432c58a78b38ea367
0.0,11.938125191759768,15.705429497260589,0.8571632069419585,-4.682613654746007,0.44,30.899412944157163,5.0871527166739305,7.4910353604290885,564a6538e1db25bea753779a0055925e
0.5,12.02747339615729,15.861687468493665,0.8543068165956659,-5.182613654746006,0.4,30.399412944157163,4.999310560876799,7.441291638477911,564a6538e1db25bea753779a0055925e
1.0,12.129698561737396,16.032022423977427,0.8511608849892806,-5.682613654746006,0.39,29.899412944157163,4.939310560876799,7.411879873772029,564a6538e1db25bea753779a0055925e
1.5,12.251612156805304,16.21599077015219,0.8477254121228024,-6.182613654746006,0.37,29.399412944157163,4.9181656398388975,7.395408258050747,564a6538e1db25bea753779a0055925e
2.0,12.39532963570784,16.413134079523232,0.8440003979962314,-6.682613654746006,0.34,28.899412944157163,4.950790050907704,7.424820022756629,564a6538e1db25bea753779a0055925e
2.5,12.56021983040779,16.622983606054387,0.8399858426095677,-7.182613654746006,0.33,28.399412944157163,5.010790050907705,7.482997638638695,564a6538e1db25bea753779a0055925e
3.0,12.745197852045067,16.8450644885052,0.835681745962811,-7.682613654746006,0.31,27.899412944157163,5.108404598549493,7.604023431149441,564a6538e1db25bea753779a0055925e
3.5,12.953597056741799,17.078899592088625,0.8310881080559614,-8.182613654746005,0.29,27.399412944157163,5.243757565534349,7.751082254678853,564a6538e1db25bea753779a0055925e
4.0,13.167234566908432,17.32401295691593,0.8262049288890192,-8.682613654746005,0.28,26.899412944157163,5.398307606200883,7.898141078208265,564a6538e1db25bea753779a0055925e
4.5,13.410381149328797,17.57834140497524,0.8210646093081568,-9.17872508754714,0.25,26.399412944157163,5.633799971455918,8.045199901737677,564a6538e1db25bea753779a0055925e
5.0,13.656500627678337,17.842486139476584,0.8156465829050358,-9.67372508754714,0.24,25.899412944157163,5.873799971455918,8.198843892029096,564a6538e1db25bea753779a0055925e
5.5,13.910145044367859,18.113693903718325,0.8099996045806803,-10.16386184864243,0.22,25.399412944157163,6.10620748353862,8.404726244970272,564a6538e1db25bea753779a0055925e
6.0,14.181569474869562,18.39380467120413,0.8040778236628805,-10.653070858808533,0.21,24.899412944157163,6.37190520554543,8.61060859791145,564a6538e1db25bea753779a0055925e
6.5,14.462125630340445,18.68094272624429,0.7979131596611466,-11.138070858808533,0.2,24.399412944157163,6.6741298274289615,8.816490950852625,564a6538e1db25bea753779a0055925e
7.0,14.759773068890441,18.974760146921614,0.7915062477020819,-11.619440235248554,0.18,23.899412944157163,6.97960733318904,9.0223733037938,564a6538e1db25bea753779a0055925e
7.5,15.05918124925106,19.27440954740639,0.7848691856054733,-12.098061440964388,0.17,23.399412944157163,7.274092156052372,9.228255656734978,564a6538e1db25bea753779a0055925e
8.0,15.36742019468905,19.57775331446678,0.7780443729844367,-12.573061440964388,0.16,22.899412944157163,7.554092156052373,9.434138009676154,564a6538e1db25bea753779a0055925e
8.5,15.682420194689051,19.88841336766408,0.7709444961663119,-13.04806144096439,0.16,22.399412944157163,7.834092156052373,9.640020362617332,564a6538e1db25bea753779a0055925e
9.0,15.995639076909987,20.205162907791863,0.7635903671415558,-13.521280323185325,0.16,21.899412944157163,8.106967684936114,9.845902715558507,564a6538e1db25bea753779a0055925e
9.5,16.305639076909987,20.526930809392656,0.756000749301746,-13.991280323185324,0.16,21.399412944157163,8.366967684936114,10.051785068499683,564a6538e1db25bea753779a0055925e
10.0,16.62152128248672,20.855003447057467,0.7481389626774488,-14.461280323185324,0.14,20.899412944157163,8.626967684936114,10.292268630715778,564a6538e1db25bea753779a0055925e
10.5,16.956954764119576,21.186773242401326,0.7400618087058033,-14.928243864838382,0.11,20.399412944157163,8.902267818081873,10.619258188764675,564a6538e1db25bea753779a0055925e
11.0,17.307252945664352,21.52098195912094,0.731796387819434,-15.388542046383158,0.11,19.899412944157163,9.163460544260978,11.001611129941146,564a6538e1db25bea753779a0055925e
11.5,17.657642323868767,21.86049419686554,0.7232673465725541,-15.848542046383159,0.1,19.399412944157163,9.425018057078642,11.383964071117617,564a6538e1db25bea753779a0055925e
12.0,18.017642323868767,22.205173914598717,0.7144719273663886,-16.30854204638316,0.1,18.899412944157163,9.72501805707864,11.766317012294088,564a6538e1db25bea753779a0055925e
12.5,18.372785438998505,22.552363074049435,0.7054733720347219,-16.763685161512896,0.1,18.399412944157163,10.005590517597593,12.14866995347056,564a6538e1db25bea753779a0055925e
13.0,18.73379035957292,22.90415388931146,0.6962131562306375,-17.218685161512898,0.09,17.899412944157163,10.285590517597592,12.566345956849464,564a6538e1db25bea753779a0055925e
13.5,19.09730780111023,23.259890580426458,0.6867033215400795,-17.672202603050202,0.09,17.399412944157163,10.559660283746823,13.0075224274377,564a6538e1db25bea753779a0055925e
14.0,19.45730780111023,23.618630621110565,0.6769647734742323,-18.1222026030502,0.09,16.899412944157163,10.81966028374682,13.448698898025935,564a6538e1db25bea753779a0055925e
14.5,19.81730780111023,23.981386845207933,0.6669656382743016,-18.5722026030502,0.09,16.399412944157163,11.07966028374682,13.88987536861417,564a6538e1db25bea753779a0055925e
15.0,20.177307801110228,24.347979744171017,0.6567059159402875,-19.022202603050204,0.09,15.899412944157163,11.33966028374682,14.331051839202404,564a6538e1db25bea753779a0055925e
15.5,20.537307801110227,24.718238614950145,0.6461856064721896,-19.472202603050203,0.09,15.399412944157163,11.599660283746822,14.77222830979064,564a6538e1db25bea753779a0055925e
16.0,20.90572812337531,25.09200117225931,0.6354047098700083,-19.922202603050202,0.08,14.899412944157163,11.859660283746821,15.213404780378877,564a6538e1db25bea753779a0055925e
16.5,21.275728123375313,25.469113165395314,0.6243632261337434,-20.3722026030502,0.08,14.399412944157163,12.119660283746821,15.654581250967112,564a6538e1db25bea753779a0055925e
17.0,21.64767690351068,25.849428002080874,0.6130611552633951,-20.8222026030502,0.07,13.899412944157163,12.379660283746821,16.107221134116315,564a6538e1db25bea753779a0055925e
17.5,22.027676903510677,26.232806381281687,0.6014984972589631,-21.2722026030502,0.07,13.399412944157163,12.63966028374682,16.607221134116315,564a6538e1db25bea753779a0055925e
18.0,22.40585814842736,26.618153153656724,0.5897049335331832,-21.720383847966886,0.07,12.899412944157163,12.892385263413555,17.107221134116315,564a6538e1db25bea753779a0055925e
18.5,22.789406778664976,27.004609998285332,0.5777046737289879,-22.165383847966886,0.06,12.399412944157163,13.166579784364012,17.607221134116315,564a6538e1db25bea753779a0055925e
19.0,23.18164172398833,27.393737331869467,0.5654467222033099,-22.610383847966887,0.05,11.899412944157163,13.446579784364012,18.107221134116315,564a6538e1db25bea753779a0055925e
19.5,23.57664172398833,27.785422956208997,0.5529310789561492,-23.055383847966887,0.05,11.399412944157163,13.726579784364013,18.607221134116315,564a6538e1db25bea753779a0055925e
20.0,23.96740273607087,28.17531601381178,0.5402962490751133,-23.496144860049426,0.05,10.899412944157163,13.989623832694164,19.107221134116315,564a6538e1db25bea753779a0055925e
0.0,11.938125191759767,15.705429497260589,0.8571632069419585,-4.682613654746009,0.44,30.899412944157163,5.08715271667393,7.491035360429084,f9989ff9018a5537d26b8f00a235dcc4
0.5,12.027473396157289,15.861687468493665,0.854306816595666,-5.182613654746009,0.4,30.399412944157163,4.999310560876799,7.441291638477906,f9989ff9018a5537d26b8f00a235dcc4
1.0,12.129698561737396,16.032022423977423,0.8511608849892806,-5.682613654746009,0.39,29.899412944157163,4.939310560876798,7.4118798737720235,f9989ff9018a5537d26b8f00a235dcc4
1.5,12.251612156805301,16.21599077015219,0.8477254121228024,-6.182613654746009,0.37,29.399412944157163,4.918165639838897,7.395408258050747,f9989ff9018a5537d26b8f00a235dcc4
2.0,12.39532963570784,16.413134079523232,0.8440003979962314,-6.682613654746009,0.34,28.899412944157163,4.950790050907706,7.424820022756629,f9989ff9018a5537d26b8f00a235dcc4
2.5,12.56021983040779,16.622983606054387,0.8399858426095677,-7.182613654746009,0.33,28.399412944157163,5.010790050907707,7.482997638638696,f9989ff9018a5537d26b8f00a235dcc4
3.0,12.745197852045067,16.8450644885052,0.835681745962811,-7.6826136547460075,0.31,27.899412944157163,5.108404598549495,7.604023431149445,f9989ff9018a5537d26b8f00a235dcc4
3.5,12.9535970567418,17.078899592088625,0.8310881080559614,-8.182613654746008,0.29,27.399412944157163,5.24375756553435,7.751082254678856,f9989ff9018a5537d26b8f00a235dcc4
4.0,13.167234566908432,17.32401295691593,0.8262049288890192,-8.682613654746008,0.28,26.899412944157163,5.398307606200883,7.898141078208268,f9989ff9018a5537d26b8f00a235dcc4
4.5,13.410381149328801,17.57834140497524,0.8210646093081568,-9.178725087547143,0.25,26.399412944157163,5.633799971455919,8.04519990173768,f9989ff9018a5537d26b8f00a235dcc4
5.0,13.656500627678337,17.842486139476584,0.8156465829050358,-9.673725087547142,0.24,25.899412944157163,5.873799971455919,8.198843892029098,f9989ff9018a5537d26b8f00a235dcc4
5.5,13.910145044367859,18.113693903718328,0.8099996045806802,-10.163861848642432,0.22,25.399412944157163,6.106207483538622,8.404726244970274,f9989ff9018a5537d26b8f00a235dcc4
6.0,14.181569474869562,18.39380467120413,0.8040778236628805,-10.653070858808537,0.21,24.899412944157163,6.371905205545431,8.610608597911451,f9989ff9018a5537d26b8f00a235dcc4
6.5,14.462125630340443,18.68094272624429,0.7979131596611466,-11.138070858808538,0.2,24.399412944157163,6.674129827428962,8.816490950852627,f9989ff9018a5537d26b8f00a235dcc4
7.0,14.759773068890441,18.974760146921618,0.7915062477020819,-11.619440235248558,0.18,23.899412944157163,6.97960733318904,9.022373303793803,f9989ff9018a5537d26b8f00a235dcc4
7.5,15.05918124925106,19.27440954740639,0.7848691856054733,-12.098061440964388,0.17,23.399412944157163,7.274092156052373,9.22825565673498,f9989ff9018a5537d26b8f00a235dcc4
8.0,15.36742019468905,19.57775331446678,0.7780443729844366,-12.573061440964388,0.16,22.899412944157163,7.5540921560523735,9.434138009676156,f9989ff9018a5537d26b8f00a235dcc4
8.5,15.682420194689051,19.888413367664082,0.7709444961663119,-13.04806144096439,0.16,22.399412944157163,7.834092156052374,9.640020362617333,f9989ff9018a5537d26b8f00a235dcc4
9.0,15.995639076909987,20.205162907791866,0.7635903671415558,-13.521280323185326,0.16,21.899412944157163,8.106967684936114,9.845902715558509,f9989ff9018a5537d26b8f00a235dcc4
9.5,16.305639076909987,20.526930809392656,0.756000749301746,-13.991280323185327,0.16,21.399412944157163,8.366967684936114,10.051785068499685,f9989ff9018a5537d26b8f00a235dcc4
10.0,16.62152128248672,20.855003447057467,0.7481389626774488,-14.461280323185326,0.14,20.899412944157163,8.626967684936114,10.292268630715776,f9989ff9018a5537d26b8f00a235dcc4
10.5,16.956954764119576,21.186773242401326,0.7400618087058033,-14.928243864838386,0.11,20.399412944157163,8.902267818081873,10.619258188764675,f9989ff9018a5537d26b8f00a235dcc4
11.0,17.307252945664356,21.52098195912094,0.731796387819434,-15.388542046383161,0.11,19.899412944157163,9.16346054426098,11.001611129941145,f9989ff9018a5537d26b8f00a235dcc4
11.5,17.65764232386877,21.860494196865545,0.723267346572554,-15.84854204638316,0.1,19.399412944157163,9.425018057078644,11.383964071117616,f9989ff9018a5537d26b8f00a235dcc4
12.0,18.01764232386877,22.20517391459872,0.7144719273663885,-16.30854204638316,0.1,18.899412944157163,9.725018057078644,11.766317012294087,f9989ff9018a5537d26b8f00a235dcc4
12.5,18.37278543899851,22.552363074049435,0.7054733720347219,-16.7636851615129,0.1,18.399412944157163,10.005590517597595,12.148669953470558,f9989ff9018a5537d26b8f00a235dcc4
13.0,18.73379035957292,22.904153889311463,0.6962131562306375,-17.218685161512898,0.09,17.899412944157163,10.285590517597596,12.566345956849466,f9989ff9018a5537d26b8f00a235dcc4
13.5,19.09730780111023,23.259890580426465,0.6867033215400793,-17.672202603050206,0.09,17.399412944157163,10.559660283746823,13.007522427437701,f9989ff9018a5537d26b8f00a235dcc4
14.0,19.45730780111023,23.61863062111057,0.6769647734742323,-18.12220260305021,0.09,16.899412944157163,10.819660283746822,13.448698898025937,f9989ff9018a5537d26b8f00a235dcc4
14.5,19.81730780111023,23.981386845207933,0.6669656382743016,-18.572202603050208,0.09,16.399412944157163,11.079660283746824,13.88987536861417,f9989ff9018a5537d26b8f00a235dcc4
15.0,20.177307801110228,24.347979744171017,0.6567059159402875,-19.022202603050207,0.09,15.899412944157163,11.339660283746825,14.331051839202406,f9989ff9018a5537d26b8f00a235dcc4
15.5,20.537307801110227,24.718238614950145,0.6461856064721896,-19.472202603050206,0.09,15.399412944157163,11.599660283746825,14.772228309790641,f9989ff9018a5537d26b8f00a235dcc4
16.0,20.905728123375308,25.09200117225931,0.6354047098700083,-19.922202603050206,0.08,14.899412944157163,11.859660283746825,15.213404780378877,f9989ff9018a5537d26b8f00a235dcc4
16.5,21.275728123375306,25.469113165395314,0.6243632261337433,-20.37220260305021,0.08,14.399412944157163,12.119660283746825,15.654581250967112,f9989ff9018a5537d26b8f00a235dcc4
17.0,21.647676903510675,25.849428002080877,0.613061155263395,-20.822202603050204,0.07,13.899412944157163,12.379660283746825,16.10722113411632,f9989ff9018a5537d26b8f00a235dcc4
17.5,22.027676903510674,26.232806381281687,0.6014984972589631,-21.272202603050204,0.07,13.399412944157163,12.639660283746826,16.60722113411632,f9989ff9018a5537d26b8f00a235dcc4
18.0,22.405858148427356,26.618153153656724,0.5897049335331832,-21.720383847966882,0.07,12.899412944157163,12.892385263413557,17.10722113411632,f9989ff9018a5537d26b8f00a235dcc4
18.5,22.78940677866497,27.004609998285332,0.5777046737289878,-22.165383847966883,0.06,12.399412944157163,13.166579784364014,17.60722113411632,f9989ff9018a5537d26b8f00a235dcc4
19.0,23.181641723988328,27.39373733186947,0.5654467222033098,-22.610383847966883,0.05,11.899412944157163,13.446579784364014,18.10722113411632,f9989ff9018a5537d26b8f00a235dcc4
19.5,23.576641723988327,27.785422956209,0.5529310789561492,-23.055383847966883,0.05,11.399412944157163,13.726579784364015,18.60722113411632,f9989ff9018a5537d26b8f00a235dcc4
20.0,23.967402736070866,28.17531601381178,0.5402962490751133,-23.496144860049423,0.05,10.899412944157163,13.989623832694168,19.10722113411632,f9989ff9018a5537d26b8f00a235dcc4
0.0,11.938125191759768,15.705429497260587,0.8571632069419585,-4.682613654746007,0.44,30.899412944157135,5.08715271667393,7.491035360429088,1f251a311c4b6c9d9c38593007e33359
0.5,12.027473396157289,15.861687468493663,0.854306816595666,-5.1826136547460075,0.4,30.399412944157135,4.999310560876799,7.44129163847791,1f251a311c4b6c9d9c38593007e33359
1.0,12.129698561737396,16.032022423977423,0.8511608849892807,-5.6826136547460075,0.39,29.899412944157135,4.939310560876799,7.411879873772028,1f251a311c4b6c9d9c38593007e33359
1.5,12.251612156805301,16.215990770152185,0.8477254121228025,-6.1826136547460075,0.37,29.399412944157135,4.918165639838898,7.395408258050744,1f251a311c4b6c9d9c38593007e33359
2.0,12.39532963570784,16.413134079523232,0.8440003979962314,-6.6826136547460075,0.34,28.899412944157135,4.950790050907707,7.424820022756627,1f251a311c4b6c9d9c38593007e33359
2.5,12.56021983040779,16.622983606054387,0.8399858426095677,-7.1826136547460075,0.33,28.399412944157135,5.010790050907707,7.482997638638693,1f251a311c4b6c9d9c38593007e33359
3.0,12.745197852045067,16.845064488505198,0.835681745962811,-7.6826136547460075,0.31,27.899412944157135,5.108404598549495,7.6040234311494395,1f251a311c4b6c9d9c38593007e33359
3.5,12.953597056741799,17.078899592088625,0.8310881080559614,-8.182613654746008,0.29,27.399412944157135,5.2437575655343505,7.751082254678852,1f251a311c4b6c9d9c38593007e33359
4.0,13.167234566908432,17.32401295691593,0.8262049288890192,-8.682613654746008,0.28,26.899412944157135,5.398307606200885,7.898141078208263,1f251a311c4b6c9d9c38593007e33359
4.5,13.410381149328796,17.578341404975237,0.8210646093081568,-9.178725087547141,0.25,26.399412944157135,5.63379997145592,8.045199901737675,1f251a311c4b6c9d9c38593007e33359
5.0,13.656500627678337,17.842486139476584,0.8156465829050358,-9.67372508754714,0.24,25.899412944157135,5.87379997145592,8.198843892029096,1f251a311c4b6c9d9c38593007e33359
5.5,13.910145044367859,18.113693903718325,0.8099996045806803,-10.16386184864243,0.22,25.399412944157135,6.106207483538623,8.404726244970272,1f251a311c4b6c9d9c38593007e33359
6.0,14.181569474869562,18.39380467120413,0.8040778236628805,-10.653070858808535,0.21,24.899412944157135,6.371905205545431,8.61060859791145,1f251a311c4b6c9d9c38593007e33359
6.5,14.462125630340443,18.680942726244286,0.7979131596611467,-11.138070858808534,0.2,24.399412944157135,6.674129827428962,8.816490950852625,1f251a311c4b6c9d9c38593007e33359
7.0,14.759773068890437,18.974760146921614,0.7915062477020819,-11.619440235248554,0.18,23.899412944157135,6.97960733318904,9.0223733037938,1f251a311c4b6c9d9c38593007e33359
7.5,15.05918124925106,19.27440954740639,0.7848691856054733,-12.098061440964388,0.17,23.399412944157135,7.274092156052373,9.228255656734978,1f251a311c4b6c9d9c38593007e33359
8.0,15.36742019468905,19.57775331446678,0.7780443729844367,-12.573061440964388,0.16,22.899412944157135,7.5540921560523735,9.434138009676154,1f251a311c4b6c9d9c38593007e33359
8.5,15.682420194689051,19.88841336766408,0.770944496166312,-13.04806144096439,0.16,22.399412944157135,7.834092156052374,9.640020362617332,1f251a311c4b6c9d9c38593007e33359
9.0,15.995639076909987,20.205162907791863,0.7635903671415558,-13.521280323185325,0.16,21.899412944157135,8.106967684936114,9.845902715558507,1f251a311c4b6c9d9c38593007e33359
9.5,16.305639076909987,20.526930809392656,0.756000749301746,-13.991280323185324,0.16,21.399412944157135,8.366967684936114,10.051785068499683,1f251a311c4b6c9d9c38593007e33359
10.0,16.62152128248672,20.855003447057467,0.7481389626774488,-14.461280323185324,0.14,20.899412944157135,8.626967684936114,10.292268630715776,1f251a311c4b6c9d9c38593007e33359
10.5,16.956954764119573,21.186773242401326,0.7400618087058033,-14.928243864838382,0.11,20.399412944157135,8.902267818081873,10.619258188764674,1f251a311c4b6c9d9c38593007e33359
11.0,17.30725294566435,21.52098195912094,0.731796387819434,-15.388542046383158,0.11,19.899412944157135,9.16346054426098,11.001611129941143,1f251a311c4b6c9d9c38593007e33359
11.5,17.657642323868767,21.86049419686554,0.7232673465725541,-15.848542046383159,0.1,19.399412944157135,9.425018057078644,11.383964071117614,1f251a311c4b6c9d9c38593007e33359
12.0,18.017642323868767,22.205173914598717,0.7144719273663886,-16.30854204638316,0.1,18.899412944157135,9.725018057078644,11.766317012294085,1f251a311c4b6c9d9c38593007e33359
12.5,18.372785438998502,22.55236307404943,0.7054733720347219,-16.763685161512896,0.1,18.399412944157135,10.005590517597595,12.148669953470556,1f251a311c4b6c9d9c38593007e33359
13.0,18.733790359572918,22.90415388931146,0.6962131562306375,-17.218685161512894,0.09,17.899412944157135,10.285590517597596,12.566345956849464,1f251a311c4b6c9d9c38593007e33359
13.5,19.097307801110226,23.259890580426458,0.6867033215400795,-17.672202603050206,0.09,17.399412944157135,10.559660283746823,13.0075224274377,1f251a311c4b6c9d9c38593007e33359
14.0,19.457307801110225,23.618630621110565,0.6769647734742323,-18.122202603050205,0.09,16.899412944157135,10.819660283746822,13.448698898025935,1f251a311c4b6c9d9c38593007e33359
14.5,19.81730780111023,23.981386845207933,0.6669656382743016,-18.572202603050204,0.09,16.399412944157135,11.079660283746824,13.88987536861417,1f251a311c4b6c9d9c38593007e33359
15.0,20.177307801110228,24.347979744171017,0.6567059159402875,-19.022202603050204,0.09,15.899412944157135,11.339660283746824,14.331051839202404,1f251a311c4b6c9d9c38593007e33359
15.5,20.537307801110227,24.718238614950145,0.6461856064721896,-19.472202603050206,0.09,15.399412944157135,11.599660283746823,14.77222830979064,1f251a311c4b6c9d9c38593007e33359
16.0,20.90572812337531,25.09200117225931,0.6354047098700083,-19.922202603050206,0.08,14.899412944157135,11.859660283746823,15.213404780378873,1f251a311c4b6c9d9c38593007e33359
16.5,21.275728123375313,25.469113165395314,0.6243632261337434,-20.372202603050205,0.08,14.399412944157135,12.119660283746823,15.654581250967109,1f251a311c4b6c9d9c38593007e33359
17.0,21.647676903510675,25.849428002080877,0.613061155263395,-20.8222026030502,0.07,13.899412944157135,12.379660283746823,16.107221134116315,1f251a311c4b6c9d9c38593007e33359
17.5,22.027676903510674,26.232806381281687,0.6014984972589631,-21.2722026030502,0.07,13.399412944157135,12.639660283746823,16.607221134116315,1f251a311c4b6c9d9c38593007e33359
18.0,22.40585814842736,26.618153153656724,0.5897049335331832,-21.720383847966886,0.07,12.899412944157135,12.892385263413555,17.107221134116315,1f251a311c4b6c9d9c38593007e33359
18.5,22.78940677866497,27.004609998285332,0.5777046737289879,-22.165383847966886,0.06,12.399412944157135,13.166579784364012,17.607221134116315,1f251a311c4b6c9d9c38593007e33359
19.0,23.18164172398833,27.393737331869463,0.5654467222033099,-22.610383847966887,0.05,11.899412944157135,13.446579784364012,18.107221134116315,1f251a311c4b6c9d9c38593007e33359
19.5,23.57664172398833,27.785422956208997,0.5529310789561492,-23.055383847966887,0.05,11.399412944157135,13.726579784364013,18.607221134116315,1f251a311c4b6c9d9c38593007e33359
20.0,23.96740273607087,28.175316013811777,0.5402962490751134,-23.496144860049426,0.05,10.899412944157135,13.989623832694164,19.107221134116315,1f251a311c4b6c9d9c38593007e33359
0.0,11.93812519175977,15.705429497260589,0.8571632069419584,-4.682613654746007,0.44,30.899412944157163,5.08715271667393,7.491035360429087,47c0a901a5dfdd25f841ab619a4eabc3
0.5,12.027473396157292,15.861687468493665,0.8543068165956659,-5.182613654746007,0.4,30.399412944157163,4.999310560876799,7.4412916384779075,47c0a901a5dfdd25f841ab619a4eabc3
1.0,12.129698561737396,16.032022423977427,0.8511608849892806,-5.682613654746007,0.39,29.899412944157163,4.939310560876798,7.411879873772025,47c0a901a5dfdd25f841ab619a4eabc3
1.5,12.251612156805304,16.21599077015219,0.8477254121228024,-6.182613654746007,0.37,29.399412944157163,4.9181656398388975,7.395408258050745,47c0a901a5dfdd25f841ab619a4eabc3
2.0,12.39532963570784,16.413134079523232,0.8440003979962314,-6.682613654746007,0.34,28.899412944157163,4.950790050907706,7.424820022756627,47c0a901a5dfdd25f841ab619a4eabc3
2.5,12.56021983040779,16.62298360605439,0.8399858426095677,-7.182613654746007,0.33,28.399412944157163,5.010790050907706,7.482997638638695,47c0a901a5dfdd25f841ab619a4eabc3
3.0,12.745197852045067,16.8450644885052,0.835681745962811,-7.682613654746007,0.31,27.899412944157163,5.108404598549494,7.604023431149438,47c0a901a5dfdd25f841ab619a4eabc3
3.5,12.9535970567418,17.078899592088625,0.8310881080559614,-8.182613654746007,0.29,27.399412944157163,5.24375756553435,7.75108225467885,47c0a901a5dfdd25f841ab619a4eabc3
4.0,13.167234566908432,17.32401295691593,0.8262049288890191,-8.682613654746007,0.28,26.899412944157163,5.398307606200884,7.898141078208262,47c0a901a5dfdd25f841ab619a4eabc3
4.5,13.410381149328797,17.57834140497524,0.8210646093081568,-9.17872508754714,0.25,26.399412944157163,5.633799971455919,8.045199901737673,47c0a901a5dfdd25f841ab619a4eabc3
5.0,13.656500627678337,17.842486139476584,0.8156465829050358,-9.673725087547139,0.24,25.899412944157163,5.873799971455919,8.19884389202909,47c0a901a5dfdd25f841ab619a4eabc3
5.5,13.910145044367859,18.113693903718328,0.8099996045806802,-10.16386184864243,0.22,25.399412944157163,6.106207483538622,8.404726244970266,47c0a901a5dfdd25f841ab619a4eabc3
6.0,14.181569474869562,18.39380467120413,0.8040778236628805,-10.653070858808535,0.21,24.899412944157163,6.371905205545431,8.610608597911444,47c0a901a5dfdd25f841ab619a4eabc3
6.5,14.462125630340445,18.68094272624429,0.7979131596611466,-11.138070858808534,0.2,24.399412944157163,6.674129827428962,8.81649095085262,47c0a901a5dfdd25f841ab619a4eabc3
7.0,14.759773068890441,18.974760146921614,0.7915062477020819,-11.619440235248556,0.18,23.899412944157163,6.97960733318904,9.022373303793797,47c0a901a5dfdd25f841ab619a4eabc3
7.5,15.05918124925106,19.27440954740639,0.7848691856054733,-12.098061440964388,0.17,23.399412944157163,7.274092156052372,9.228255656734973,47c0a901a5dfdd25f841ab619a4eabc3
8.0,15.367420194689048,19.57775331446678,0.7780443729844366,-12.573061440964388,0.16,22.899412944157163,7.554092156052373,9.434138009676149,47c0a901a5dfdd25f841ab619a4eabc3
8.5,15.682420194689048,19.88841336766408,0.7709444961663119,-13.04806144096439,0.16,22.399412944157163,7.834092156052373,9.640020362617326,47c0a901a5dfdd25f841ab619a4eabc3
9.0,15.995639076909983,20.205162907791866,0.7635903671415558,-13.521280323185325,0.16,21.899412944157163,8.106967684936114,9.845902715558502,47c0a901a5dfdd25f841ab619a4eabc3
9.5,16.305639076909983,20.526930809392656,0.756000749301746,-13.991280323185324,0.16,21.399412944157163,8.366967684936114,10.05178506849968,47c0a901a5dfdd25f841ab619a4eabc3
10.0,16.621521282486718,20.855003447057467,0.7481389626774488,-14.461280323185324,0.14,20.899412944157163,8.626967684936114,10.292268630715776,47c0a901a5dfdd25f841ab619a4eabc3
10.5,16.956954764119576,21.186773242401326,0.7400618087058033,-14.928243864838382,0.11,20.399412944157163,8.902267818081874,10.619258188764672,47c0a901a5dfdd25f841ab619a4eabc3
11.0,17.307252945664352,21.52098195912094,0.731796387819434,-15.388542046383158,0.11,19.899412944157163,9.16346054426098,11.001611129941141,47c0a901a5dfdd25f841ab619a4eabc3
11.5,17.657642323868767,21.860494196865545,0.723267346572554,-15.848542046383159,0.1,19.399412944157163,9.425018057078645,11.383964071117612,47c0a901a5dfdd25f841ab619a4eabc3
12.0,18.017642323868767,22.205173914598717,0.7144719273663886,-16.30854204638316,0.1,18.899412944157163,9.725018057078644,11.766317012294083,47c0a901a5dfdd25f841ab619a4eabc3
12.5,18.372785438998505,22.55236307404943,0.7054733720347219,-16.763685161512896,0.1,18.399412944157163,10.005590517597595,12.148669953470554,47c0a901a5dfdd25f841ab619a4eabc3
13.0,18.73379035957292,22.90415388931146,0.6962131562306375,-17.218685161512898,0.09,17.899412944157163,10.285590517597596,12.566345956849462,47c0a901a5dfdd25f841ab619a4eabc3
13.5,19.097307801110226,23.25989058042646,0.6867033215400794,-17.672202603050206,0.09,17.399412944157163,10.559660283746826,13.007522427437697,47c0a901a5dfdd25f841ab619a4eabc3
14.0,19.457307801110225,23.618630621110565,0.6769647734742323,-18.122202603050205,0.09,16.899412944157163,10.819660283746826,13.448698898025933,47c0a901a5dfdd25f841ab619a4eabc3
14.5,19.817307801110225,23.981386845207933,0.6669656382743016,-18.572202603050204,0.09,16.399412944157163,11.079660283746826,13.889875368614168,47c0a901a5dfdd25f841ab619a4eabc3
15.0,20.177307801110224,24.347979744171017,0.6567059159402875,-19.022202603050204,0.09,15.899412944157163,11.339660283746825,14.331051839202402,47c0a901a5dfdd25f841ab619a4eabc3
15.5,20.537307801110227,24.718238614950145,0.6461856064721896,-19.472202603050206,0.09,15.399412944157163,11.599660283746825,14.772228309790638,47c0a901a5dfdd25f841ab619a4eabc3
16.0,20.90572812337531,25.09200117225931,0.6354047098700083,-19.922202603050206,0.08,14.899412944157163,11.859660283746825,15.21340478037887,47c0a901a5dfdd25f841ab619a4eabc3
16.5,21.275728123375313,25.469113165395314,0.6243632261337434,-20.372202603050205,0.08,14.399412944157163,12.119660283746825,15.654581250967105,47c0a901a5dfdd25f841ab619a4eabc3
17.0,21.647676903510675,25.849428002080874,0.6130611552633951,-20.8222026030502,0.07,13.899412944157163,12.379660283746825,16.107221134116315,47c0a901a5dfdd25f841ab619a4eabc3
17.5,22.027676903510674,26.232806381281687,0.6014984972589631,-21.2722026030502,0.07,13.399412944157163,12.639660283746826,16.607221134116315,47c0a901a5dfdd25f841ab619a4eabc3
18.0,22.40585814842736,26.618153153656724,0.5897049335331832,-21.720383847966886,0.07,12.899412944157163,12.892385263413557,17.107221134116315,47c0a901a5dfdd25f841ab619a4eabc3
18.5,22.78940677866497,27.004609998285332,0.5777046737289878,-22.165383847966886,0.06,12.399412944157163,13.166579784364012,17.607221134116315,47c0a901a5dfdd25f841ab619a4eabc3
19.0,23.18164172398833,27.393737331869463,0.5654467222033099,-22.610383847966887,0.05,11.899412944157163,13.446579784364012,18.107221134116315,47c0a901a5dfdd25f841ab619a4eabc3
19.5,23.57664172398833,27.785422956208997,0.5529310789561492,-23.055383847966887,0.05,11.399412944157163,13.726579784364013,18.607221134116315,47c0a901a5dfdd25f841ab619a4eabc3
20.0,23.96740273607087,28.17531601381178,0.5402962490751133,-23.496144860049426,0.05,10.899412944157163,13.989623832694164,19.107221134116315,47c0a901a5dfdd25f841ab619a4eabc3
0.0,11.451457325928247,15.126531552785456,0.8674989953975598,-4.488308962794141,0.39,35.600901805520024,5.086731751046457,5.8684905212237375,73971c956b3e4407df08d138f006eb7c
0.5,11.573101793464545,15.282351448000668,0.8647551235019667,-4.988308962794141,0.36,35.100901805520024,5.04133529508412,5.902454257188417,73971c956b3e4407df08d138f006eb7c
1.0,11.721411936063781,15.452785339316735,0.8617217103462808,-5.488308962794142,0.34,34.600901805520024,5.054575865481048,5.990689551306064,73971c956b3e4407df08d138f006eb7c
1.5,11.88179949541089,15.637355393601451,0.858398755930502,-5.988308962794142,0.33,34.100901805520024,5.114575865481049,6.07892484542371,73971c956b3e4407df08d138f006eb7c
2.0,12.059468798010464,15.835567330177676,0.8547862602546303,-6.488308962794142,0.32,33.600901805520024,5.205253075879345,6.167160139541358,73971c956b3e4407df08d138f006eb7c
2.5,12.256694372169292,16.04691564230911,0.8508842233186659,-6.988308962794142,0.3,33.100901805520024,5.338142561948832,6.255395433659005,73971c956b3e4407df08d138f006eb7c
3.0,12.474929710633758,16.2708884389937,0.8466926451226087,-7.488308962794142,0.26,32.600901805520024,5.495670475368745,6.401250265843324,73971c956b3e4407df08d138f006eb7c
3.5,12.720572376197163,16.50697184697947,0.8422115256664585,-7.988308962794142,0.25,32.100901805520024,5.698241137622367,6.607132618784501,73971c956b3e4407df08d138f006eb7c
4.0,12.970572376197163,16.754653936138673,0.8374408649502156,-8.488308962794143,0.25,31.600901805520024,5.918241137622367,6.813014971725678,73971c956b3e4407df08d138f006eb7c
4.5,13.220572376197163,17.013428151979284,0.8323806629738798,-8.988308962794143,0.25,31.100901805520024,6.138241137622368,7.018897324666854,73971c956b3e4407df08d138f006eb7c
5.0,13.47031527587253,17.28012465240718,0.8270843913155166,-9.48379396661536,0.24,30.600901805520024,6.357212736323828,7.224779677608031,73971c956b3e4407df08d138f006eb7c
5.5,13.729734751717109,17.55659425883465,0.82150707733268,-9.978793966615362,0.22,30.100901805520024,6.597212736323828,7.447974033479996,73971c956b3e4407df08d138f006eb7c
6.0,13.999998422041088,17.837673938266537,0.8157460114371616,-10.462476803560932,0.21,29.600901805520024,6.818267417619748,7.712679915832937,73971c956b3e4407df08d138f006eb7c
6.5,14.269535620030458,18.125551832384513,0.8097507598556037,-10.942014001550298,0.21,29.100901805520024,7.036416209577222,7.977385798185878,73971c956b3e4407df08d138f006eb7c
7.0,14.53235709031271,18.415630727616016,0.8036125859787471,-11.414835471832555,0.21,28.600901805520024,7.227702090706239,8.24209168053882,73971c956b3e4407df08d138f006eb7c
7.5,14.799450491161863,18.712436788610614,0.797231191881687,-11.884835471832554,0.2,28.100901805520024,7.4360756941028425,8.50679756289176,73971c956b3e4407df08d138f006eb7c
8.0,15.081926691107572,19.016969423112098,0.7905776290001396,-12.354835471832555,0.18,27.600901805520024,7.68919422602426,8.771503445244702,73971c956b3e4407df08d138f006eb7c
8.5,15.385584319110578,19.32886343040927,0.783651897334105,-12.824835471832555,0.15,27.100901805520024,7.975128525915068,9.078409639540602,73971c956b3e4407df08d138f006eb7c
9.0,15.715609476061989,19.647406244639928,0.7764622342405494,-13.293951305191019,0.13,26.600901805520024,8.311591859348928,9.401939051305309,73971c956b3e4407df08d138f006eb7c
9.5,16.058291653985396,19.97090442236172,0.7690404513189028,-13.758951305191019,0.12,26.100901805520024,8.631591859348928,9.770657744972409,73971c956b3e4407df08d138f006eb7c
10.0,16.409586539090455,20.300085196583574,0.7613638812168841,-14.223171463054438,0.11,25.600901805520024,8.948472490802608,10.153010686148878,73971c956b3e4407df08d138f006eb7c
10.5,16.759586539090453,20.631932300480393,0.7534981040539447,-14.683171463054439,0.11,25.100901805520024,9.248472490802609,10.53536362732535,73971c956b3e4407df08d138f006eb7c
11.0,17.114009156294706,20.96791153023521,0.7454044509557811,-15.13990055839636,0.09,24.600901805520024,9.535388872170284,10.959497699816135,73971c956b3e4407df08d138f006eb7c
11.5,17.487297167750942,21.308465794096183,0.7370671679563024,-15.59490055839636,0.08,24.100901805520024,9.815388872170283,11.40067417040437,73971c956b3e4407df08d138f006eb7c
12.0,17.863937799033128,21.65417084666516,0.7284664024101395,-16.04990055839636,0.07,23.600901805520024,10.095388872170282,11.841850640992604,73971c956b3e4407df08d138f006eb7c
12.5,18.24893779903313,22.004783925659435,0.7196021543172919,-16.504900558396358,0.07,23.100901805520024,10.375388872170284,12.28302711158084,73971c956b3e4407df08d138f006eb7c
13.0,18.63393779903313,22.360074154021852,0.71047442367776,-16.95990055839636,0.07,22.600901805520024,10.655388872170283,12.724203582169075,73971c956b3e4407df08d138f006eb7c
13.5,19.024628996880573,22.719822110477722,0.7010832104915434,-17.414900558396358,0.06,22.100901805520024,10.935388872170284,13.198857687154035,73971c956b3e4407df08d138f006eb7c
14.0,19.419628996880572,23.083819382635728,0.6914285147586425,-17.86990055839636,0.06,21.600901805520024,11.215388872170283,13.698857687154035,73971c956b3e4407df08d138f006eb7c
14.5,19.81180766409887,23.45052776667257,0.6815467406829785,-18.322079225614655,0.06,21.100901805520024,11.484103541043474,14.198857687154035,73971c956b3e4407df08d138f006eb7c
15.0,20.201807664098865,23.820040549106878,0.6714318604247269,-18.772079225614654,0.06,20.600901805520024,11.744103541043474,14.698857687154035,73971c956b3e4407df08d138f006eb7c
15.5,20.591807664098866,24.193210018240872,0.6610563930323918,-19.222079225614653,0.06,20.100901805520024,12.004103541043474,15.198857687154035,73971c956b3e4407df08d138f006eb7c
16.0,20.98180766409887,24.56986956034413,0.6504203385059734,-19.672079225614656,0.06,19.600901805520024,12.264103541043474,15.698857687154035,73971c956b3e4407df08d138f006eb7c
16.5,21.371807664098863,24.94986111059418,0.6395236968454712,-20.122079225614655,0.06,19.100901805520024,12.524103541043473,16.198857687154035,73971c956b3e4407df08d138f006eb7c
17.0,21.761807664098864,25.333034730634907,0.6283664680508856,-20.57207922561465,0.06,18.600901805520024,12.784103541043473,16.698857687154035,73971c956b3e4407df08d138f006eb7c
17.5,22.15180766409886,25.71924819836632,0.6169486521222163,-21.022079225614654,0.06,18.100901805520024,13.044103541043473,17.198857687154035,73971c956b3e4407df08d138f006eb7c
18.0,22.54180766409886,26.10836661139076,0.6052702490594635,-21.472079225614653,0.06,17.600901805520024,13.304103541043473,17.698857687154035,73971c956b3e4407df08d138f006eb7c
18.5,22.93180766409886,26.50026200512739,0.5933312588626272,-21.922079225614652,0.06,17.100901805520024,13.564103541043472,18.198857687154035,73971c956b3e4407df08d138f006eb7c
19.0,23.32180766409886,26.89481298626211,0.5811316815317074,-22.37207922561465,0.06,16.600901805520024,13.824103541043474,18.698857687154035,73971c956b3e4407df08d138f006eb7c
19.5,23.71118317359429,27.291262966827546,0.5686917910162221,-22.821454735110077,0.06,16.100901805520024,14.081605579025187,19.198857687154035,73971c956b3e4407df08d138f006eb7c
20.0,24.092892756905083,27.68399853178991,0.5561889706622052,-23.263164318420866,0.06,15.600901805520024,14.308443912268363,19.698857687154035,73971c956b3e4407df08d138f006eb7c
0.0,11.451457325928242,15.126531552785456,0.8674989953975598,-4.488308962794139,0.39,35.60090180552007,5.086731751046458,5.868490521223733,0667e9dd94468dac419eec524dd2a320
0.5,11.573101793464545,15.282351448000668,0.8647551235019667,-4.988308962794139,0.36,35.10090180552007,5.041335295084121,5.902454257188416,0667e9dd94468dac419eec524dd2a320
1.0,11.721411936063776,15.452785339316735,0.8617217103462808,-5.4883089627941395,0.34,34.60090180552007,5.05457586548105,5.990689551306063,0667e9dd94468dac419eec524dd2a320
1.5,11.88179949541089,15.637355393601451,0.858398755930502,-5.9883089627941395,0.33,34.10090180552007,5.11457586548105,6.0789248454237095,0667e9dd94468dac419eec524dd2a320
2.0,12.059468798010464,15.835567330177676,0.8547862602546303,-6.4883089627941395,0.32,33.60090180552007,5.205253075879346,6.167160139541357,0667e9dd94468dac419eec524dd2a320
2.5,12.256694372169292,16.046915642309106,0.8508842233186659,-6.9883089627941395,0.3,33.10090180552007,5.338142561948834,6.255395433659004,0667e9dd94468dac419eec524dd2a320
3.0,12.474929710633752,16.2708884389937,0.8466926451226087,-7.4883089627941395,0.26,32.60090180552007,5.495670475368745,6.401250265843324,0667e9dd94468dac419eec524dd2a320
3.5,12.720572376197163,16.50697184697947,0.8422115256664585,-7.988308962794139,0.25,32.10090180552007,5.698241137622368,6.607132618784501,0667e9dd94468dac419eec524dd2a320
4.0,12.970572376197158,16.754653936138673,0.8374408649502156,-8.48830896279414,0.25,31.600901805520067,5.918241137622369,6.813014971725678,0667e9dd94468dac419eec524dd2a320
4.5,13.220572376197158,17.013428151979284,0.8323806629738799,-8.98830896279414,0.25,31.100901805520067,6.1382411376223684,7.018897324666854,0667e9dd94468dac419eec524dd2a320
5.0,13.47031527587253,17.28012465240718,0.8270843913155166,-9.483793966615359,0.24,30.600901805520067,6.357212736323829,7.224779677608031,0667e9dd94468dac419eec524dd2a320
5.5,13.729734751717109,17.556594258834647,0.82150707733268,-9.978793966615358,0.22,30.100901805520067,6.597212736323829,7.447974033479998,0667e9dd94468dac419eec524dd2a320
6.0,13.999998422041088,17.837673938266537,0.8157460114371616,-10.462476803560929,0.21,29.600901805520067,6.81826741761975,7.712679915832939,0667e9dd94468dac419eec524dd2a320
6.5,14.269535620030453,18.12555183238451,0.8097507598556037,-10.942014001550298,0.21,29.100901805520067,7.036416209577223,7.97738579818588,0667e9dd94468dac419eec524dd2a320
7.0,14.53235709031271,18.415630727616016,0.8036125859787471,-11.41483547183255,0.21,28.600901805520067,7.227702090706239,8.24209168053882,0667e9dd94468dac419eec524dd2a320
7.5,14.799450491161858,18.71243678861061,0.797231191881687,-11.88483547183255,0.2,28.100901805520067,7.4360756941028425,8.506797562891762,0667e9dd94468dac419eec524dd2a320
8.0,15.081926691107572,19.016969423112094,0.7905776290001396,-12.354835471832551,0.18,27.600901805520067,7.68919422602426,8.771503445244704,0667e9dd94468dac419eec524dd2a320
8.5,15.385584319110574,19.32886343040927,0.7836518973341051,-12.82483547183255,0.15,27.100901805520067,7.975128525915065,9.0784096395406,0667e9dd94468dac419eec524dd2a320
9.0,15.715609476061983,19.647406244639924,0.7764622342405495,-13.293951305191015,0.13,26.600901805520067,8.311591859348928,9.401939051305309,0667e9dd94468dac419eec524dd2a320
9.5,16.058291653985396,19.97090442236172,0.7690404513189028,-13.758951305191015,0.12,26.100901805520067,8.631591859348928,9.77065774497241,0667e9dd94468dac419eec524dd2a320
10.0,16.409586539090455,20.300085196583574,0.7613638812168841,-14.223171463054438,0.11,25.600901805520067,8.948472490802608,10.153010686148882,0667e9dd94468dac419eec524dd2a320
10.5,16.759586539090453,20.631932300480386,0.7534981040539448,-14.683171463054439,0.11,25.100901805520067,9.248472490802607,10.535363627325353,0667e9dd94468dac419eec524dd2a320
11.0,17.114009156294706,20.96791153023521,0.7454044509557811,-15.139900558396356,0.09,24.600901805520067,9.535388872170282,10.959497699816136,0667e9dd94468dac419eec524dd2a320
11.5,17.487297167750942,21.30846579409618,0.7370671679563026,-15.594900558396354,0.08,24.100901805520067,9.815388872170281,11.400674170404372,0667e9dd94468dac419eec524dd2a320
12.0,17.863937799033128,21.65417084666516,0.7284664024101395,-16.049900558396356,0.07,23.600901805520067,10.095388872170282,11.841850640992606,0667e9dd94468dac419eec524dd2a320
12.5,18.24893779903313,22.00478392565943,0.7196021543172919,-16.504900558396354,0.07,23.100901805520067,10.375388872170284,12.283027111580841,0667e9dd94468dac419eec524dd2a320
13.0,18.63393779903313,22.360074154021852,0.71047442367776,-16.959900558396356,0.07,22.600901805520067,10.655388872170283,12.724203582169077,0667e9dd94468dac419eec524dd2a320
13.5,19.024628996880573,22.719822110477722,0.7010832104915434,-17.414900558396354,0.06,22.100901805520067,10.935388872170284,13.198857687154037,0667e9dd94468dac419eec524dd2a320
14.0,19.419628996880572,23.083819382635724,0.6914285147586425,-17.869900558396356,0.06,21.600901805520067,11.215388872170283,13.698857687154037,0667e9dd94468dac419eec524dd2a320
14.5,19.811807664098872,23.450527766672568,0.6815467406829785,-18.322079225614655,0.06,21.100901805520067,11.48410354104347,14.198857687154037,0667e9dd94468dac419eec524dd2a320
15.0,20.201807664098872,23.820040549106878,0.6714318604247269,-18.772079225614654,0.06,20.600901805520067,11.74410354104347,14.698857687154037,0667e9dd94468dac419eec524dd2a320
15.5,20.59180766409887,24.19321001824087,0.661056393032392,-19.222079225614653,0.06,20.100901805520067,12.00410354104347,15.198857687154035,0667e9dd94468dac419eec524dd2a320
16.0,20.981807664098866,24.569869560344127,0.6504203385059735,-19.672079225614656,0.06,19.600901805520067,12.264103541043472,15.698857687154035,0667e9dd94468dac419eec524dd2a320
16.5,21.37180766409886,24.949861110594174,0.6395236968454713,-20.122079225614655,0.06,19.100901805520067,12.524103541043472,16.198857687154035,0667e9dd94468dac419eec524dd2a320
17.0,21.76180766409886,25.333034730634907,0.6283664680508856,-20.57207922561465,0.06,18.600901805520067,12.784103541043471,16.698857687154035,0667e9dd94468dac419eec524dd2a320
17.5,22.15180766409886,25.71924819836632,0.6169486521222163,-21.022079225614654,0.06,18.100901805520067,13.044103541043471,17.198857687154035,0667e9dd94468dac419eec524dd2a320
18.0,22.54180766409886,26.108366611390753,0.6052702490594636,-21.47207922561465,0.06,17.600901805520067,13.304103541043471,17.698857687154035,0667e9dd94468dac419eec524dd2a320
18.5,22.93180766409886,26.500262005127382,0.5933312588626274,-21.92207922561465,0.06,17.100901805520067,13.56410354104347,18.198857687154035,0667e9dd94468dac419eec524dd2a320
19.0,23.32180766409886,26.89481298626211,0.5811316815317074,-22.372079225614648,0.06,16.600901805520067,13.82410354104347,18.698857687154035,0667e9dd94468dac419eec524dd2a320
19.5,23.71118317359429,27.291262966827542,0.5686917910162224,-22.821454735110073,0.06,16.100901805520067,14.081605579025187,19.198857687154035,0667e9dd94468dac419eec524dd2a320
20.0,24.092892756905083,27.683998531789907,0.5561889706622052,-23.263164318420866,0.06,15.600901805520067,14.30844391226836,19.698857687154035,0667e9dd94468dac419eec524dd2a320
