shift,MAE,RMSE,R2,mean_error,overestimation_share,max_overestimation,near_failure_MAE,warning_zone_MAE,candidate_hash
0.0,13.441856347743396,18.688417033277002,0.7977514160827905,2.8718142167733167,0.49,54.74620345070548,5.093601118539061,6.317697221847909,6ab1fff6d27303f70be8695d5839c82e
0.5,13.457848282753282,18.61813946109827,0.7992696628668982,2.371814216773317,0.48,54.24620345070548,5.07360111853906,6.32353213367077,6ab1fff6d27303f70be8695d5839c82e
1.0,13.485054459587454,18.561069548281193,0.800498368390913,1.871814216773317,0.47,53.74620345070548,5.053601118539061,6.352943898376652,6ab1fff6d27303f70be8695d5839c82e
1.5,13.524651219688769,18.51732941218463,0.8014375326548351,1.371814216773317,0.46,53.24620345070548,5.071988158944325,6.382355663082534,6ab1fff6d27303f70be8695d5839c82e
2.0,13.569927065655827,18.487013667506837,0.8020871556586643,0.8718142167733168,0.45,52.74620345070548,5.1130915428125485,6.4117674277884165,6ab1fff6d27303f70be8695d5839c82e
2.5,13.63251891976369,18.470188416088543,0.8024472374024005,0.371814216773317,0.42,52.24620345070548,5.199614403546209,6.476244715579291,6ab1fff6d27303f70be8695d5839c82e
3.0,13.71251891976369,18.46689053167961,0.8025177778860442,-0.12818578322668298,0.42,51.74620345070548,5.339614403546209,6.564480009696938,6ab1fff6d27303f70be8695d5839c82e
3.5,13.79711164353365,18.477127257565357,0.8022987771095949,-0.6281857832266828,0.41,51.24620345070548,5.479614403546209,6.679731325990825,6ab1fff6d27303f70be8695d5839c82e
4.0,13.890803268538262,18.50087612724034,0.8017902350730527,-1.128185783226683,0.4,50.74620345070548,5.634380903564648,6.826790149520237,6ab1fff6d27303f70be8695d5839c82e
4.5,14.00061378620823,18.53808521014827,0.8009921517764178,-1.628185783226683,0.39,50.24620345070548,5.814380903564649,7.031557900520042,6ab1fff6d27303f70be8695d5839c82e
5.0,14.120281456401601,18.587058677364492,0.7999392946197034,-2.1245174638845254,0.37,49.74620345070548,6.033051584338146,7.2374402534612186,6ab1fff6d27303f70be8695d5839c82e
5.5,14.24178012606527,18.646702528906715,0.7986532884697628,-2.616016133548195,0.37,49.24620345070548,6.259046262992825,7.443322606402395,6ab1fff6d27303f70be8695d5839c82e
6.0,14.390143730907322,18.718454298768485,0.7971007588904893,-3.1060161335481946,0.33,48.74620345070548,6.549953307433956,7.704279251064884,6ab1fff6d27303f70be8695d5839c82e
6.5,14.540373342871677,18.79555123228591,0.7954259278607461,-3.5862457455125463,0.33,48.24620345070548,6.8108717552913625,7.968985133417825,6ab1fff6d27303f70be8695d5839c82e
7.0,14.685373342871676,18.88243871619863,0.7935301589239876,-4.061245745512546,0.33,47.74620345070548,7.050871755291363,8.233691015770766,6ab1fff6d27303f70be8695d5839c82e
7.5,14.838917155638779,18.979566130709983,0.7914006184890894,-4.531906720944078,0.3,47.24620345070548,7.287839877000278,8.542578087872002,6ab1fff6d27303f70be8695d5839c82e
8.0,15.008917155638779,19.0882381908582,0.7890050081193521,-5.001906720944079,0.3,46.74620345070548,7.5478398770002775,8.866107499636708,6ab1fff6d27303f70be8695d5839c82e
8.5,15.178917155638779,19.208533102553186,0.7863372289651276,-5.471906720944079,0.3,46.24620345070548,7.807839877000277,9.189636911401415,6ab1fff6d27303f70be8695d5839c82e
9.0,15.348917155638778,19.34023398702368,0.7833972810264157,-5.941906720944079,0.3,45.74620345070548,8.067839877000278,9.51316632316612,6ab1fff6d27303f70be8695d5839c82e
9.5,15.535923416676392,19.483109541183868,0.7801851643032167,-6.411906720944079,0.27,45.24620345070548,8.3321811467176,9.836695734930826,6ab1fff6d27303f70be8695d5839c82e
10.0,15.74143177696881,19.636915850375125,0.7767008787955304,-6.8819067209440785,0.26,44.74620345070548,8.654214587887276,10.160225146695533,6ab1fff6d27303f70be8695d5839c82e
10.5,15.953343759555393,19.800290778468298,0.7729698207022135,-7.349211139214377,0.25,44.24620345070548,8.983432260968478,10.510857877967783,6ab1fff6d27303f70be8695d5839c82e
11.0,16.166934078836842,19.97192823810822,0.7690167702598132,-7.812801458495825,0.25,43.74620345070548,9.297793538094268,10.893210819144254,6ab1fff6d27303f70be8695d5839c82e
11.5,16.378395763563365,20.148261685825805,0.7649200327804044,-8.268003078445169,0.24,43.24620345070548,9.578600017891635,11.275563760320725,6ab1fff6d27303f70be8695d5839c82e
12.0,16.5970162003488,20.33415727388183,0.7605621454920735,-8.723003078445169,0.23,42.74620345070548,9.858600017891634,11.679213388470357,6ab1fff6d27303f70be8695d5839c82e
12.5,16.822016200348802,20.529453356516985,0.755940775657058,-9.178003078445169,0.23,42.24620345070548,10.138600017891635,12.12038985905859,6ab1fff6d27303f70be8695d5839c82e
13.0,17.05454649131975,20.733884300725027,0.7510559232753581,-9.633003078445169,0.21,41.74620345070548,10.418600017891633,12.561566329646826,6ab1fff6d27303f70be8695d5839c82e
13.5,17.298926715457743,20.94685627470434,0.7459155064209129,-10.087383302583161,0.21,41.24620345070548,10.696120914443602,13.002742800235064,6ab1fff6d27303f70be8695d5839c82e
14.0,17.541076654032477,21.166085398478952,0.740569194630733,-10.537383302583162,0.2,40.74620345070548,10.956120914443602,13.456565968321733,6ab1fff6d27303f70be8695d5839c82e
14.5,17.791076654032477,21.39358675861266,0.7349622957064696,-10.987383302583163,0.2,40.24620345070548,11.216120914443602,13.956565968321733,6ab1fff6d27303f70be8695d5839c82e
15.0,18.044756232087238,21.629099327084106,0.7290948096481227,-11.437383302583164,0.18,39.74620345070548,11.476120914443602,14.456565968321733,6ab1fff6d27303f70be8695d5839c82e
15.5,18.314756232087237,21.87236432129488,0.7229667364556922,-11.887383302583164,0.18,39.24620345070548,11.736120914443601,14.956565968321733,6ab1fff6d27303f70be8695d5839c82e
16.0,18.584756232087237,22.123126006648256,0.7165780761291782,-12.337383302583165,0.18,38.74620345070548,11.996120914443601,15.456565968321733,6ab1fff6d27303f70be8695d5839c82e
16.5,18.854756232087237,22.38113240228518,0.7099288286685805,-12.787383302583164,0.18,38.24620345070548,12.256120914443603,15.956565968321733,6ab1fff6d27303f70be8695d5839c82e
17.0,19.124756232087236,22.646135893595684,0.7030189940738995,-13.237383302583163,0.18,37.74620345070548,12.516120914443603,16.456565968321733,6ab1fff6d27303f70be8695d5839c82e
17.5,19.394756232087236,22.917893756054156,0.6958485723451348,-13.687383302583164,0.18,37.24620345070548,12.776120914443602,16.956565968321733,6ab1fff6d27303f70be8695d5839c82e
18.0,19.664756232087235,23.19616859561874,0.6884175634822866,-14.137383302583164,0.18,36.74620345070548,13.036120914443602,17.456565968321733,6ab1fff6d27303f70be8695d5839c82e
18.5,19.934756232087235,23.480728711412517,0.6807259674853547,-14.587383302583165,0.18,36.24620345070548,13.296120914443602,17.956565968321733,6ab1fff6d27303f70be8695d5839c82e
19.0,20.221788473514422,23.77134838669307,0.6727737843543395,-15.037383302583164,0.16,35.74620345070548,13.556120914443602,18.456565968321733,6ab1fff6d27303f70be8695d5839c82e
19.5,20.512167791472457,24.064762928860777,0.6646458917209082,-15.484778054899282,0.15,35.24620345070548,13.805699923708072,18.956565968321733,6ab1fff6d27303f70be8695d5839c82e
20.0,20.80441110603597,24.358595525141048,0.6564064964966541,-15.925593557821774,0.14,34.74620345070548,14.03467318196215,19.456565968321733,6ab1fff6d27303f70be8695d5839c82e
0.0,13.558845442764401,19.016735150846582,0.7905827887656114,2.2575637458430053,0.51,59.929450383401445,5.522116784953966,6.941538865097666,4d1bcd48f2373cb87b4673d329e65ee3
0.5,13.5488454427644,18.963877558442555,0.7917453338389875,1.7575637458430051,0.51,59.429450383401445,5.462116784953967,6.912127100391784,4d1bcd48f2373cb87b4673d329e65ee3
1.0,13.56320031544268,18.92408751580266,0.7926183376522707,1.2575637458430051,0.47,58.929450383401445,5.421165537384886,6.976363755245013,4d1bcd48f2373cb87b4673d329e65ee3
1.5,13.594127567002179,18.897447567328108,0.7932018002054613,0.7575637458430049,0.46,58.429450383401445,5.404874543622887,7.064599049362661,4d1bcd48f2373cb87b4673d329e65ee3
2.0,13.658774736691171,18.884013366180188,0.793495721498559,0.25756374584300495,0.41,57.929450383401445,5.492554881167177,7.163804160503869,4d1bcd48f2373cb87b4673d329e65ee3
2.5,13.750554487884035,18.883813096624024,0.7935001015315637,-0.24243625415699513,0.4,57.429450383401445,5.632554881167176,7.32133210869719,4d1bcd48f2373cb87b4673d329e65ee3
3.0,13.871114195965369,18.896847179420856,0.7932149403044757,-0.7424362541569949,0.37,56.929450383401445,5.810986648908527,7.546048259777088,4d1bcd48f2373cb87b4673d329e65ee3
3.5,14.00111419596537,18.923088267419327,0.7926402378172949,-1.2424362541569949,0.37,56.429450383401445,5.990986648908526,7.810754142130029,4d1bcd48f2373cb87b4673d329e65ee3
4.0,14.135297761444544,18.961950955741866,0.791787646242681,-1.7414351758092803,0.36,55.929450383401445,6.187720910825231,8.07546002448297,4d1bcd48f2373cb87b4673d329e65ee3
4.5,14.265644642868269,19.008043078868536,0.7907741837089945,-2.227713773026455,0.35,55.429450383401445,6.352835299693929,8.34016590683591,4d1bcd48f2373cb87b4673d329e65ee3
5.0,14.400241501069623,19.06419196979375,0.7895362710298748,-2.7077137730264553,0.34,54.929450383401445,6.511222732499341,8.604871789188852,4d1bcd48f2373cb87b4673d329e65ee3
5.5,14.549850293654314,19.132724041133685,0.7880203987410659,-3.1877137730264553,0.32,54.429450383401445,6.704777319940624,8.869577671541792,4d1bcd48f2373cb87b4673d329e65ee3
6.0,14.721931116626493,19.213506785779668,0.786226566842568,-3.6677137730264553,0.3,53.929450383401445,6.973100611829336,9.134283553894734,4d1bcd48f2373cb87b4673d329e65ee3
6.5,14.910022977461095,19.30619328906805,0.7841590938222224,-4.147249031345922,0.29,53.429450383401445,7.271241645107203,9.398989436247675,4d1bcd48f2373cb87b4673d329e65ee3
7.0,15.086584703538593,19.403161459789995,0.7819854639663122,-4.613810757423422,0.29,52.929450383401445,7.5174885494172035,9.663695318600617,4d1bcd48f2373cb87b4673d329e65ee3
7.5,15.261584703538592,19.51074025740959,0.7795612445826232,-5.0788107574234225,0.29,52.429450383401445,7.757488549417203,9.928401200953559,4d1bcd48f2373cb87b4673d329e65ee3
8.0,15.431787727210612,19.6243859023808,0.77698575384872,-5.539013781095442,0.29,51.929450383401445,7.97830064410528,10.193107083306499,4d1bcd48f2373cb87b4673d329e65ee3
8.5,15.608566252402957,19.748810997795733,0.774148820601939,-5.999013781095442,0.28,51.429450383401445,8.19830064410528,10.457812965659441,4d1bcd48f2373cb87b4673d329e65ee3
9.0,15.790418859845396,19.884027499673024,0.7710455093958727,-6.459013781095442,0.27,50.929450383401445,8.41830064410528,10.722518848012381,4d1bcd48f2373cb87b4673d329e65ee3
9.5,15.98841675495596,20.029816858594806,0.7676758202305207,-6.919013781095442,0.24,50.429450383401445,8.66463588919215,10.995542870593841,4d1bcd48f2373cb87b4673d329e65ee3
10.0,16.20940707190037,20.185949994239657,0.7640397531058836,-7.379013781095442,0.23,49.929450383401445,8.96463588919215,11.324897676149178,4d1bcd48f2373cb87b4673d329e65ee3
10.5,16.43940707190037,20.352188849139534,0.7601373080219609,-7.839013781095442,0.23,49.429450383401445,9.26463588919215,11.707250617325649,4d1bcd48f2373cb87b4673d329e65ee3
11.0,16.66940707190037,20.52828791526792,0.7559684849787528,-8.299013781095443,0.23,48.929450383401445,9.56463588919215,12.08960355850212,4d1bcd48f2373cb87b4673d329e65ee3
11.5,16.900223867533356,20.713771373237396,0.7515386659752716,-8.758550155315692,0.21,48.429450383401445,9.862781386073152,12.475362290734907,4d1bcd48f2373cb87b4673d329e65ee3
12.0,17.145223867533353,20.906371628239672,0.7468967114493967,-9.213550155315692,0.21,47.929450383401445,10.142781386073151,12.91653876132314,4d1bcd48f2373cb87b4673d329e65ee3
12.5,17.400108601767773,21.10799433421803,0.7419912743768373,-9.668550155315693,0.2,47.429450383401445,10.422781386073153,13.357715231911376,4d1bcd48f2373cb87b4673d329e65ee3
13.0,17.655108601767775,21.31838349802105,0.7368223547575936,-10.123550155315693,0.2,46.929450383401445,10.702781386073152,13.798891702499612,4d1bcd48f2373cb87b4673d329e65ee3
13.5,17.91474527693106,21.537282213037276,0.7313899525916653,-10.578550155315693,0.19,46.429450383401445,10.982781386073151,14.240068173087847,4d1bcd48f2373cb87b4673d329e65ee3
14.0,18.174941305963394,21.761952580233533,0.7257566059971563,-11.028746184348025,0.19,45.929450383401445,11.243565502202477,14.681244643676083,4d1bcd48f2373cb87b4673d329e65ee3
14.5,18.43494130596339,21.994461263888258,0.7198651674169948,-11.478746184348024,0.19,45.429450383401445,11.503565502202475,15.122421114264318,4d1bcd48f2373cb87b4673d329e65ee3
15.0,18.694941305963393,22.23465926145551,0.7137131417027498,-11.928746184348023,0.19,44.929450383401445,11.763565502202475,15.56359758485255,4d1bcd48f2373cb87b4673d329e65ee3
15.5,18.954941305963395,22.482300119368947,0.7073005288544213,-12.378746184348024,0.19,44.429450383401445,12.023565502202475,16.004774055440784,4d1bcd48f2373cb87b4673d329e65ee3
16.0,19.223851272379203,22.737140647885454,0.7006273288720091,-12.828746184348024,0.18,43.929450383401445,12.283565502202475,16.44595052602902,4d1bcd48f2373cb87b4673d329e65ee3
16.5,19.49493787762466,22.99894151968897,0.6936935417555135,-13.278746184348025,0.17,43.429450383401445,12.543565502202476,16.89351879217878,4d1bcd48f2373cb87b4673d329e65ee3
17.0,19.774937877624662,23.26746778681387,0.6864991675049342,-13.728746184348024,0.17,42.929450383401445,12.803565502202476,17.39351879217878,4d1bcd48f2373cb87b4673d329e65ee3
17.5,20.05493787762466,23.542489320264522,0.6790442061202715,-14.178746184348023,0.17,42.429450383401445,13.063565502202476,17.89351879217878,4d1bcd48f2373cb87b4673d329e65ee3
18.0,20.332838481417582,23.821304385886965,0.6713969933542883,-14.626646788140947,0.17,41.929450383401445,13.315167917374163,18.39351879217878,4d1bcd48f2373cb87b4673d329e65ee3
18.5,20.607838481417584,24.10277348010428,0.6635856642370574,-15.071646788140947,0.17,41.429450383401445,13.555167917374163,18.89351879217878,4d1bcd48f2373cb87b4673d329e65ee3
19.0,20.880457387363712,24.388348650011768,0.6555666103135228,-15.51426569408708,0.17,40.929450383401445,13.785643541158702,19.39351879217878,4d1bcd48f2373cb87b4673d329e65ee3
19.5,21.148763063933558,24.67667091484151,0.6473745976885661,-15.95257137065692,0.17,40.429450383401445,13.99886624743806,19.89351879217878,4d1bcd48f2373cb87b4673d329e65ee3
20.0,21.428003096020056,24.96854338582933,0.638983650641576,-16.387571370656918,0.15,39.929450383401445,14.198866247438062,20.39351879217878,4d1bcd48f2373cb87b4673d329e65ee3
0.0,14.705163305483405,20.945335955767725,0.7459523878931122,5.920356073857708,0.56,73.52299119939656,4.8767780504385385,8.916697570816606,7010f628f2b8f23b01c2170791b7c58a
0.5,14.662283117909325,20.809534887308715,0.7492359919787118,5.420356073857709,0.54,73.02299119939656,4.8060146639763595,8.946109335522488,7010f628f2b8f23b01c2170791b7c58a
1.0,14.623667406256644,20.684931378959437,0.7522300548042187,4.92035607385771,0.53,72.52299119939656,4.751551817365626,8.97552110022837,7010f628f2b8f23b01c2170791b7c58a
1.5,14.60111517671288,20.571728903483127,0.7549345763696326,4.42035607385771,0.52,72.02299119939656,4.761342899190577,9.004932864934252,7010f628f2b8f23b01c2170791b7c58a
2.0,14.58123520157858,20.470116609451576,0.7573495566749536,3.92035607385771,0.51,71.52299119939656,4.781342899190577,9.034344629640135,7010f628f2b8f23b01c2170791b7c58a
2.5,14.591811994012883,20.38026785718695,0.7594749957201818,3.42035607385771,0.47,71.02299119939656,4.852414685303837,9.063756394346017,7010f628f2b8f23b01c2170791b7c58a
3.0,14.621811994012882,20.30233882725904,0.7613108935053173,2.92035607385771,0.47,70.52299119939656,4.992414685303837,9.0931681590519,7010f628f2b8f23b01c2170791b7c58a
3.5,14.65339853291054,20.235633905658613,0.7628767802943311,2.422725004976793,0.46,70.02299119939656,5.122938960827505,9.145847394444486,7010f628f2b8f23b01c2170791b7c58a
4.0,14.696931586585452,20.18008063806643,0.7641769508485969,1.9277250049767938,0.45,69.52299119939656,5.2770711755271495,9.234082688562133,7010f628f2b8f23b01c2170791b7c58a
4.5,14.757941058985255,20.136668779961763,0.7651904755553709,1.4327250049767937,0.43,69.02299119939656,5.5011090651263705,9.32231798267978,7010f628f2b8f23b01c2170791b7c58a
5.0,14.836432848252276,20.105476978895826,0.7659173544146529,0.9377250049767933,0.41,68.52299119939656,5.795076222194449,9.410553276797426,7010f628f2b8f23b01c2170791b7c58a
5.5,14.925878648122339,20.08656216339504,0.766357587426443,0.4427250049767932,0.39,68.02299119939656,6.124926308955811,9.498788570915073,7010f628f2b8f23b01c2170791b7c58a
6.0,15.030849025329324,20.07994722320049,0.7665114491062225,-0.05224537223019045,0.39,67.52299119939656,6.484807817783744,9.58702386503272,7010f628f2b8f23b01c2170791b7c58a
6.5,15.127481399226497,20.082075950915524,0.7664619410183955,-0.538877746127363,0.39,67.02299119939656,6.811337313372435,9.675259159150368,7010f628f2b8f23b01c2170791b7c58a
7.0,15.22650372083974,20.094687299860922,0.766168529645092,-1.0221578087858945,0.38,66.52299119939656,7.124457564006563,9.763494453268015,7010f628f2b8f23b01c2170791b7c58a
7.5,15.33434633554433,20.11508820280714,0.7656934991462523,-1.49974683728803,0.36,66.02299119939656,7.415909554195167,9.851729747385662,7010f628f2b8f23b01c2170791b7c58a
8.0,15.45111064413349,20.144577936606144,0.765005985255633,-1.97474683728803,0.35,65.52299119939656,7.7359095541951675,9.950343327321878,7010f628f2b8f23b01c2170791b7c58a
8.5,15.576110644133486,20.18579369460827,0.7640434071679256,-2.44974683728803,0.35,65.02299119939656,8.055909554195168,10.097402150851291,7010f628f2b8f23b01c2170791b7c58a
9.0,15.701110644133486,20.238663837283703,0.76280576488313,-2.92474683728803,0.35,64.52299119939656,8.375909554195168,10.244460974380702,7010f628f2b8f23b01c2170791b7c58a
9.5,15.826110644133486,20.303097319272815,0.7612930584012463,-3.3997468372880295,0.35,64.02299119939656,8.695909554195167,10.391519797910114,7010f628f2b8f23b01c2170791b7c58a
10.0,15.956987006694215,20.37898445931865,0.7595052877222743,-3.8747468372880296,0.33,63.52299119939656,9.015909554195167,10.573145460032045,7010f628f2b8f23b01c2170791b7c58a
10.5,16.10213438995026,20.46492842540012,0.7574725413796444,-4.3465627658747295,0.32,63.02299119939656,9.323173268541964,10.857448134557584,7010f628f2b8f23b01c2170791b7c58a
11.0,16.257327872010638,20.561246514319713,0.7551842604545099,-4.81656276587473,0.31,62.52299119939656,9.623173268541965,11.211527440795113,7010f628f2b8f23b01c2170791b7c58a
11.5,16.41302226647378,20.66620206187113,0.7526785417601384,-5.282257160337874,0.31,62.02299119939656,9.90595084639454,11.593880381971584,7010f628f2b8f23b01c2170791b7c58a
12.0,16.56302226647378,20.77773242734693,0.7500018734347838,-5.742257160337874,0.31,61.52299119939656,10.165950846394539,11.976233323148055,7010f628f2b8f23b01c2170791b7c58a
12.5,16.719608297700685,20.89967516452737,0.7470588271501437,-6.202257160337874,0.29,61.02299119939656,10.425950846394542,12.358586264324526,7010f628f2b8f23b01c2170791b7c58a
13.0,16.896356088818017,21.030725872442154,0.7438767636410949,-6.659356712734007,0.27,60.52299119939656,10.674349055979073,12.740939205500995,7010f628f2b8f23b01c2170791b7c58a
13.5,17.07905089511473,21.169719926849965,0.7404800908063536,-7.112051519030717,0.27,60.02299119939656,10.905128281165915,13.123292146677466,7010f628f2b8f23b01c2170791b7c58a
14.0,17.268335830078072,21.316990718680234,0.7368567416437817,-7.562051519030717,0.26,59.52299119939656,11.125128281165914,13.560262352344186,7010f628f2b8f23b01c2170791b7c58a
14.5,17.45833583007807,21.47373150664155,0.7329728053471264,-8.012051519030717,0.26,59.02299119939656,11.345128281165913,14.001438822932421,7010f628f2b8f23b01c2170791b7c58a
15.0,17.655210891960635,21.639736512683342,0.7288282819163875,-8.462051519030718,0.25,58.52299119939656,11.565128281165912,14.442615293520657,7010f628f2b8f23b01c2170791b7c58a
15.5,17.864192515564493,21.814794242838765,0.724423171351565,-8.912051519030717,0.24,58.02299119939656,11.785128281165912,14.883791764108892,7010f628f2b8f23b01c2170791b7c58a
16.0,18.07622211584296,21.998688583104723,0.7197574736526591,-9.362051519030718,0.23,57.52299119939656,12.005128281165913,15.32496823469713,7010f628f2b8f23b01c2170791b7c58a
16.5,18.29622211584296,22.191199852541835,0.7148311888196694,-9.812051519030717,0.23,57.02299119939656,12.225128281165912,15.766144705285365,7010f628f2b8f23b01c2170791b7c58a
17.0,18.525833717584657,22.39210580571831,0.7096443168525963,-10.262051519030717,0.22,56.52299119939656,12.4835746881327,16.207321175873602,7010f628f2b8f23b01c2170791b7c58a
17.5,18.765137116575588,22.601182578208473,0.7041968577514398,-10.712051519030718,0.21,56.02299119939656,12.743574688132702,16.648497646461834,7010f628f2b8f23b01c2170791b7c58a
18.0,19.005137116575586,22.818205570389292,0.6984888115161996,-11.162051519030717,0.21,55.52299119939656,13.003574688132701,17.08967411705007,7010f628f2b8f23b01c2170791b7c58a
18.5,19.2412815089462,23.04057537013635,0.6925835550136884,-11.608195911401333,0.21,55.02299119939656,13.24815225761516,17.530850587638305,7010f628f2b8f23b01c2170791b7c58a
19.0,19.4762815089462,23.269697232631433,0.6864390864843906,-12.053195911401334,0.21,54.52299119939656,13.48815225761516,17.97202705822654,7010f628f2b8f23b01c2170791b7c58a
19.5,19.713465120163203,23.506052522908572,0.6800369262336099,-12.498195911401332,0.2,54.02299119939656,13.736886702483156,18.413203528814776,7010f628f2b8f23b01c2170791b7c58a
20.0,19.958465120163204,23.74942527980704,0.6733770742613467,-12.943195911401332,0.2,53.52299119939656,14.016886702483157,18.85437999940301,7010f628f2b8f23b01c2170791b7c58a
0.0,15.307010888335185,22.322572207719173,0.7114447842681135,4.18123487151137,0.53,101.43333489940235,5.958349448912511,6.368593756746964,50b82b7ac4bfb7aee11cf34ad27b4301
0.5,15.28002695074951,22.234342695418835,0.7137212936649502,3.6812348715113696,0.52,100.93333489940235,5.898349448912511,6.398005521452847,50b82b7ac4bfb7aee11cf34ad27b4301
1.0,15.280049159310206,22.15704764236006,0.7157082618016939,3.1812348715113696,0.49,100.43333489940235,5.838349448912511,6.45269577510534,50b82b7ac4bfb7aee11cf34ad27b4301
1.5,15.290049159310206,22.090801826875865,0.7174056886783449,2.6812348715113696,0.49,99.93333489940235,5.778349448912511,6.540931069222987,50b82b7ac4bfb7aee11cf34ad27b4301
2.0,15.307369253953812,22.035704900973574,0.7188135742949029,2.1812348715113696,0.47,99.43333489940235,5.721542627204519,6.629166363340635,50b82b7ac4bfb7aee11cf34ad27b4301
2.5,15.337369253953812,21.991840659919294,0.719931918651368,1.6812348715113687,0.47,98.93333489940235,5.701542627204519,6.717401657458281,50b82b7ac4bfb7aee11cf34ad27b4301
3.0,15.370245398873621,21.959276416580035,0.7207607217477404,1.1812348715113692,0.46,98.43333489940235,5.681542627204519,6.822555451104234,50b82b7ac4bfb7aee11cf34ad27b4301
3.5,15.41947829744568,21.93806249121049,0.72129998358402,0.6812348715113692,0.44,97.93333489940235,5.689922303639198,6.9696142746336465,50b82b7ac4bfb7aee11cf34ad27b4301
4.0,15.498415266733026,21.928231825588338,0.7215497041602068,0.18123487151136916,0.41,97.43333489940235,5.753880443858848,7.163422711295028,50b82b7ac4bfb7aee11cf34ad27b4301
4.5,15.588415266733028,21.929799728343028,0.7215098834763007,-0.3187651284886307,0.41,96.93333489940235,5.853880443858848,7.369305064236204,50b82b7ac4bfb7aee11cf34ad27b4301
5.0,15.678415266733028,21.942763756047746,0.7211805215323017,-0.8187651284886307,0.41,96.43333489940235,5.953880443858847,7.57518741717738,50b82b7ac4bfb7aee11cf34ad27b4301
5.5,15.77338620591358,21.967103732222213,0.72056161832821,-1.3187651284886308,0.4,95.93333489940235,6.073764200581054,7.781069770118556,50b82b7ac4bfb7aee11cf34ad27b4301
6.0,15.874937052012042,22.001056130831316,0.7196971497604739,-1.8141773597276056,0.39,95.43333489940235,6.1954131255369544,8.023061622233179,50b82b7ac4bfb7aee11cf34ad27b4301
6.5,15.976351635671662,22.03954921555956,0.7187154550493725,-2.2996099202908233,0.38,94.93333489940235,6.277143367789822,8.322955875741442,50b82b7ac4bfb7aee11cf34ad27b4301
7.0,16.104222161468847,22.088545437519485,0.7174634149878121,-2.784609920290823,0.35,94.43333489940235,6.396085052771509,8.646485287506149,50b82b7ac4bfb7aee11cf34ad27b4301
7.5,16.25721659264771,22.14810651651122,0.7159376583693831,-3.2689276618867207,0.32,93.93333489940235,6.588062777486955,8.970014699270855,50b82b7ac4bfb7aee11cf34ad27b4301
8.0,16.421914157337493,22.215098123519645,0.7142166469097573,-3.7449480730006486,0.31,93.43333489940235,6.826853036246084,9.29354411103556,50b82b7ac4bfb7aee11cf34ad27b4301
8.5,16.581914157337494,22.289919979905864,0.7122883321875568,-4.214948073000649,0.31,92.93333489940235,7.046853036246084,9.617073522800267,50b82b7ac4bfb7aee11cf34ad27b4301
9.0,16.746109477039717,22.374996777287084,0.7100878486808688,-4.6849480730006485,0.3,92.43333489940235,7.283634315054996,9.940602934564973,50b82b7ac4bfb7aee11cf34ad27b4301
9.5,16.921069560631132,22.470212034082103,0.7076151963896937,-5.154948073000647,0.29,91.93333489940235,7.543634315054995,10.293309308632097,50b82b7ac4bfb7aee11cf34ad27b4301
10.0,17.11266847763579,22.575295671179347,0.7048740827673559,-5.624548925714146,0.27,91.43333489940235,7.802037725908991,10.689360924597478,50b82b7ac4bfb7aee11cf34ad27b4301
10.5,17.308477641792887,22.688565921337627,0.7019050983543382,-6.089548925714147,0.26,90.93333489940235,8.045274382537386,11.130537395185714,50b82b7ac4bfb7aee11cf34ad27b4301
11.0,17.51347764179289,22.811468003892195,0.6986668405694342,-6.554548925714146,0.26,90.43333489940235,8.325274382537387,11.57171386577395,50b82b7ac4bfb7aee11cf34ad27b4301
11.5,17.718477641792887,22.943847136396098,0.6951593094126438,-7.019548925714146,0.26,89.93333489940235,8.605274382537386,12.012890336362185,50b82b7ac4bfb7aee11cf34ad27b4301
12.0,17.92347764179289,23.08554028702871,0.691382504883967,-7.4845489257141455,0.26,89.43333489940235,8.885274382537386,12.45406680695042,50b82b7ac4bfb7aee11cf34ad27b4301
12.5,18.128477641792887,23.236377068504886,0.687336426983404,-7.949548925714145,0.26,88.93333489940235,9.165274382537387,12.895243277538654,50b82b7ac4bfb7aee11cf34ad27b4301
13.0,18.33347764179289,23.396180632647155,0.6830210757109547,-8.414548925714145,0.26,88.43333489940235,9.445274382537386,13.33641974812689,50b82b7ac4bfb7aee11cf34ad27b4301
13.5,18.535992172202615,23.563911641572062,0.6784598374701741,-8.87706345612387,0.26,87.93333489940235,9.715332504176283,13.777596218715125,50b82b7ac4bfb7aee11cf34ad27b4301
14.0,18.735992172202614,23.739313286359806,0.6736551530538616,-9.337063456123872,0.26,87.43333489940235,9.975332504176283,14.21877268930336,50b82b7ac4bfb7aee11cf34ad27b4301
14.5,18.93599217220261,23.923044512855444,0.6685840906782636,-9.797063456123873,0.26,86.93333489940235,10.235332504176283,14.659949159891596,50b82b7ac4bfb7aee11cf34ad27b4301
15.0,19.151455405764974,24.114638369035536,0.6632543744650082,-10.256458820107751,0.24,86.43333489940235,10.519691370148566,15.101125630479832,50b82b7ac4bfb7aee11cf34ad27b4301
15.5,19.365268652927465,24.31134767059282,0.6577381259358327,-10.710272067270248,0.24,85.93333489940235,10.794944358798546,15.542302101068067,50b82b7ac4bfb7aee11cf34ad27b4301
16.0,19.575268652927466,24.51319843732574,0.6520311101500025,-11.160272067270249,0.24,85.43333489940235,11.054944358798545,15.983478571656303,50b82b7ac4bfb7aee11cf34ad27b4301
16.5,19.782151828207848,24.719835994543367,0.6461398755313534,-11.607155242550625,0.24,84.93333489940235,11.302477059920056,16.424655042244538,50b82b7ac4bfb7aee11cf34ad27b4301
17.0,19.987151828207846,24.932106746917167,0.6400365454116091,-12.052155242550626,0.24,84.43333489940235,11.542477059920056,16.865831512832774,50b82b7ac4bfb7aee11cf34ad27b4301
17.5,20.196924261404714,25.151433400150836,0.6336755235703824,-12.497155242550626,0.23,83.93333489940235,11.782477059920057,17.30700798342101,50b82b7ac4bfb7aee11cf34ad27b4301
18.0,20.414831374927175,25.37615165741738,0.6271003479705433,-12.940815867693019,0.22,83.43333489940235,12.034105514009893,17.748184454009245,50b82b7ac4bfb7aee11cf34ad27b4301
18.5,20.6439953047008,25.603513212212498,0.6203883091068717,-13.380815867693018,0.21,82.93333489940235,12.294105514009892,18.18936092459748,50b82b7ac4bfb7aee11cf34ad27b4301
19.0,20.8739953047008,25.837389664508155,0.6134214739343185,-13.820815867693018,0.21,82.43333489940235,12.554105514009894,18.630537395185712,50b82b7ac4bfb7aee11cf34ad27b4301
19.5,21.112965901561633,26.07760572873449,0.6061998424528835,-14.260815867693019,0.19,81.93333489940235,12.814105514009894,19.071713865773948,50b82b7ac4bfb7aee11cf34ad27b4301
20.0,21.362965901561633,26.323987851596854,0.5987234146625668,-14.700815867693018,0.19,81.43333489940235,13.074105514009894,19.512890336362183,50b82b7ac4bfb7aee11cf34ad27b4301
0.0,15.039006293300975,22.186655092295375,0.7149479820685497,5.0738194333113915,0.55,104.2649699852972,4.9917680720290045,7.777210911144438,2898e0487ceb31f75d24456842d49660
0.5,14.994099827406599,22.07767752167707,0.7177413715829122,4.5738194333113915,0.54,103.7649699852972,4.851768072029004,7.89540817058928,2898e0487ceb31f75d24456842d49660
1.0,14.980537573519372,21.979536512807854,0.7202452198371818,4.0738194333113915,0.5,103.2649699852972,4.768423292346602,8.042466994118692,2898e0487ceb31f75d24456842d49660
1.5,14.994574910128309,21.89237780334841,0.7224595268313587,3.573819433311392,0.47,102.7649699852972,4.764572638782339,8.189525817648104,2898e0487ceb31f75d24456842d49660
2.0,15.024574910128308,21.816333020267884,0.7243842925654428,3.073819433311392,0.47,102.2649699852972,4.824572638782339,8.336584641177515,2898e0487ceb31f75d24456842d49660
2.5,15.059841875830863,21.75127629536006,0.7260256243568752,2.5745687471474206,0.46,101.7649699852972,4.881575383438224,8.51903334434564,2898e0487ceb31f75d24456842d49660
3.0,15.097621061259874,21.696104528922813,0.7274137249680317,2.079568747147421,0.45,101.2649699852972,4.93269212515427,8.724915697286818,2898e0487ceb31f75d24456842d49660
3.5,15.14845946745136,21.652225820520105,0.7285151797316962,1.5845687471474208,0.42,100.7649699852972,5.027493670894615,8.938281461172297,2898e0487ceb31f75d24456842d49660
4.0,15.226770354615908,21.619708930410006,0.7293299886478688,1.0895687471474207,0.41,100.2649699852972,5.160737219552808,9.202987343525237,2898e0487ceb31f75d24456842d49660
4.5,15.311770354615907,21.59860517460567,0.7298581517165494,0.5945687471474208,0.41,99.7649699852972,5.320737219552807,9.467693225878179,2898e0487ceb31f75d24456842d49660
5.0,15.40227623863558,21.588948023036124,0.7300996689377383,0.09956874714742085,0.4,99.2649699852972,5.502760755631494,9.732399108231121,2898e0487ceb31f75d24456842d49660
5.5,15.509538965233947,21.58985002551735,0.7300771151890498,-0.3935006946339341,0.36,98.7649699852972,5.746035697868088,9.99840098734127,2898e0487ceb31f75d24456842d49660
6.0,15.637697467521237,21.598899110918804,0.729850798923295,-0.8816591969212257,0.36,98.2649699852972,5.998669707017252,10.321930399105977,2898e0487ceb31f75d24456842d49660
6.5,15.76533412489423,21.614359182607103,0.7294639254320349,-1.362527420893234,0.34,97.7649699852972,6.244998411253658,10.645459810870683,2898e0487ceb31f75d24456842d49660
7.0,15.921900945130227,21.640541820750357,0.7288080985989647,-1.8425274208932343,0.31,97.2649699852972,6.542531905095827,10.970390113893444,2898e0487ceb31f75d24456842d49660
7.5,16.093950374910836,21.677766898749937,0.7278743121562053,-2.322527420893234,0.3,96.7649699852972,6.850729624218254,11.352743055069915,2898e0487ceb31f75d24456842d49660
8.0,16.271203510320284,21.72494880954786,0.7266884536171839,-2.799780556302684,0.3,96.2649699852972,7.1797421658560525,11.735095996246386,2898e0487ceb31f75d24456842d49660
8.5,16.446203510320284,21.78211838489952,0.7252481129242314,-3.2747805563026837,0.3,95.7649699852972,7.499742165856053,12.117448937422855,2898e0487ceb31f75d24456842d49660
9.0,16.62936161037521,21.8500105695645,0.7235327080341907,-3.749780556302684,0.29,95.2649699852972,7.819742165856053,12.499801878599326,2898e0487ceb31f75d24456842d49660
9.5,16.814361610375208,21.9285257700189,0.7215422389470617,-4.224780556302684,0.29,94.7649699852972,8.139742165856052,12.882154819775797,2898e0487ceb31f75d24456842d49660
10.0,17.00672086985386,22.01755034064157,0.7192767056628446,-4.6997805563026835,0.28,94.2649699852972,8.459742165856053,13.264507760952268,2898e0487ceb31f75d24456842d49660
10.5,17.201236104647503,22.116606149512506,0.7167451047996591,-5.174295791096326,0.28,93.7649699852972,8.777803105030623,13.646860702128738,2898e0487ceb31f75d24456842d49660
11.0,17.38722725381561,22.220892546652376,0.7140675442026014,-5.640286940264429,0.28,93.2649699852972,9.061767701703031,14.029213643305209,2898e0487ceb31f75d24456842d49660
11.5,17.567227253815606,22.332674548968278,0.7111835470899854,-6.100286940264429,0.28,92.7649699852972,9.321767701703031,14.41156658448168,2898e0487ceb31f75d24456842d49660
12.0,17.751084623872043,22.454145262075773,0.7080331720180841,-6.560286940264429,0.27,92.2649699852972,9.581767701703031,14.79391952565815,2898e0487ceb31f75d24456842d49660
12.5,17.941084623872044,22.585148358836705,0.7046164189868972,-7.020286940264429,0.27,91.7649699852972,9.84176770170303,15.176272466834622,2898e0487ceb31f75d24456842d49660
13.0,18.128331681862207,22.724533183099723,0.7009592337546503,-7.477533998254593,0.27,91.2649699852972,10.090755933663688,15.558625408011093,2898e0487ceb31f75d24456842d49660
13.5,18.313331681862206,22.87224174382684,0.6970590932934049,-7.932533998254591,0.27,90.7649699852972,10.330755933663688,15.940978349187564,2898e0487ceb31f75d24456842d49660
14.0,18.498331681862204,23.028883524528705,0.692895470285475,-8.387533998254591,0.27,90.2649699852972,10.570755933663689,16.323331290364035,2898e0487ceb31f75d24456842d49660
14.5,18.681481488644664,23.193392675766177,0.6884921340833817,-8.840683805037049,0.27,89.7649699852972,10.803355160793517,16.705684231540506,2898e0487ceb31f75d24456842d49660
15.0,18.870603626792544,23.364912745767338,0.6838677641801552,-9.29068380503705,0.25,89.2649699852972,11.023355160793518,17.088037172716977,2898e0487ceb31f75d24456842d49660
15.5,19.080574741625384,23.544741056600262,0.678982807142845,-9.74068380503705,0.24,88.7649699852972,11.243355160793516,17.470390113893444,2898e0487ceb31f75d24456842d49660
16.0,19.296630601546703,23.732688748378155,0.6738372629714512,-10.190683805037049,0.23,88.2649699852972,11.487578600478804,17.852743055069915,2898e0487ceb31f75d24456842d49660
16.5,19.516630601546705,23.928564500037027,0.6684311316659739,-10.64068380503705,0.23,87.7649699852972,11.747578600478803,18.235095996246386,2898e0487ceb31f75d24456842d49660
17.0,19.736630601546704,24.13217526120406,0.662764413226413,-11.090683805037049,0.23,87.2649699852972,12.007578600478803,18.617448937422857,2898e0487ceb31f75d24456842d49660
17.5,19.962754881340715,24.343326942768247,0.6568371076527686,-11.54068380503705,0.22,86.7649699852972,12.292075719654843,18.999801878599328,2898e0487ceb31f75d24456842d49660
18.0,20.192754881340715,24.561825063450463,0.6506492149450407,-11.99068380503705,0.22,86.2649699852972,12.592075719654842,19.3821548197758,2898e0487ceb31f75d24456842d49660
18.5,20.422754881340712,24.787475350518864,0.6442007351032293,-12.440683805037049,0.22,85.7649699852972,12.892075719654843,19.76450776095227,2898e0487ceb31f75d24456842d49660
19.0,20.652754881340712,25.02008429357538,0.6374916681273343,-12.89068380503705,0.22,85.2649699852972,13.192075719654843,20.14686070212874,2898e0487ceb31f75d24456842d49660
19.5,20.884022917386496,25.259459651042704,0.6305220140173556,-13.340683805037049,0.21,84.7649699852972,13.492075719654842,20.529213643305212,2898e0487ceb31f75d24456842d49660
20.0,21.124022917386498,25.50541090960292,0.6232917727732934,-13.79068380503705,0.21,84.2649699852972,13.792075719654843,20.91156658448168,2898e0487ceb31f75d24456842d49660
0.0,16.5576846870921,25.57194314756817,0.621323882045026,4.288355027889893,0.49,143.808365474803,5.6199075113053985,6.423507623080941,e722a2b98432005e2fb4b3214deef2fc
0.5,16.567684687092097,25.492860202703206,0.6236624228519808,3.7883550278898936,0.49,143.308365474803,5.599907511305398,6.394095858375059,e722a2b98432005e2fb4b3214deef2fc
1.0,16.58709161097976,25.423366541169933,0.6257114223988429,3.2883550278898936,0.47,142.808365474803,5.617535206856036,6.364684093669176,e722a2b98432005e2fb4b3214deef2fc
1.5,16.627640854490082,25.363540984231463,0.6274708806856122,2.7883550278898936,0.45,142.308365474803,5.677535206856036,6.397326702553411,e722a2b98432005e2fb4b3214deef2fc
2.0,16.67764085449008,25.313452080482804,0.6289407977122886,2.2883550278898928,0.45,141.808365474803,5.737535206856036,6.485561996671058,e722a2b98432005e2fb4b3214deef2fc
2.5,16.742995842002568,25.27315772124665,0.6301211734788723,1.7883550278898925,0.42,141.308365474803,5.844575114725944,6.573797290788705,e722a2b98432005e2fb4b3214deef2fc
3.0,16.824531277816753,25.24270481099677,0.6310120079853628,1.2883550278898932,0.41,140.808365474803,5.990716857982688,6.662032584906352,e722a2b98432005e2fb4b3214deef2fc
3.5,16.914531277816753,25.222128997117384,0.6316133012317608,0.7883550278898932,0.41,140.308365474803,6.170716857982688,6.750267879023999,e722a2b98432005e2fb4b3214deef2fc
4.0,17.01326691995239,25.211454462591796,0.6319250532180659,0.28835502788989326,0.4,139.808365474803,6.350716857982689,6.889889303351303,e722a2b98432005e2fb4b3214deef2fc
4.5,17.11326691995239,25.21069378441319,0.6319472639442781,-0.21164497211010677,0.4,139.308365474803,6.530716857982688,7.0369481268807155,e722a2b98432005e2fb4b3214deef2fc
5.0,17.211405456173118,25.219102884187496,0.6317016928879666,-0.7097835083308308,0.4,138.808365474803,6.703271002865583,7.184006950410128,e722a2b98432005e2fb4b3214deef2fc
5.5,17.307837287397447,25.236093869526737,0.6312052549934488,-1.2047835083308305,0.39,138.308365474803,6.868998327762907,7.331065773939539,e722a2b98432005e2fb4b3214deef2fc
6.0,17.41615586556659,25.262872308981333,0.6304221712514391,-1.6997835083308306,0.38,137.808365474803,7.068998327762907,7.4976456455227325,e722a2b98432005e2fb4b3214deef2fc
6.5,17.537179303932724,25.29868994378863,0.6293734553715276,-2.1922378029944998,0.36,137.308365474803,7.292359727196806,7.704604989685447,e722a2b98432005e2fb4b3214deef2fc
7.0,17.664064273260614,25.34004288267231,0.6281608215839392,-2.674931481252344,0.35,136.808365474803,7.499899604508345,7.969310872038388,e722a2b98432005e2fb4b3214deef2fc
7.5,17.79767719589353,25.386220765937644,0.6268043604584134,-3.1499314812523442,0.34,136.308365474803,7.699899604508345,8.284681005173226,e722a2b98432005e2fb4b3214deef2fc
8.0,17.942091228334668,25.44165160240538,0.6251728351357992,-3.6249314812523443,0.33,135.808365474803,7.937555734272888,8.608210416937933,e722a2b98432005e2fb4b3214deef2fc
8.5,18.096959808227,25.506275065940706,0.6232662456160971,-4.099931481252344,0.32,135.308365474803,8.217030053842205,8.93173982870264,e722a2b98432005e2fb4b3214deef2fc
9.0,18.24947402881535,25.578528546252365,0.6211288202702467,-4.570228019308515,0.31,134.808365474803,8.478216206066886,9.255269240467344,e722a2b98432005e2fb4b3214deef2fc
9.5,18.40447402881535,25.65801727746623,0.6187703746647948,-5.035228019308515,0.31,134.308365474803,8.718216206066886,9.57879865223205,e722a2b98432005e2fb4b3214deef2fc
10.0,18.56201512993645,25.74629252203245,0.6161426556874565,-5.500228019308516,0.3,133.808365474803,8.958216206066886,9.917275717650297,e722a2b98432005e2fb4b3214deef2fc
10.5,18.72054364913784,25.840662662129215,0.6133235266762707,-5.958756538509902,0.3,133.308365474803,9.172330282872434,10.299628658826766,e722a2b98432005e2fb4b3214deef2fc
11.0,18.880947315251216,25.941397482719953,0.6103028836940153,-6.413756538509902,0.29,132.808365474803,9.372330282872433,10.681981600003237,e722a2b98432005e2fb4b3214deef2fc
11.5,19.052327276117648,26.050477152923303,0.6070187581650757,-6.868756538509902,0.27,132.308365474803,9.583359806681957,11.08564383479175,e722a2b98432005e2fb4b3214deef2fc
12.0,19.237327276117647,26.1677973171891,0.6034711500894514,-7.323756538509901,0.27,131.808365474803,9.823359806681957,11.526820305379985,e722a2b98432005e2fb4b3214deef2fc
12.5,19.44383256138793,26.29324766878369,0.5996600594671427,-7.778756538509901,0.24,131.308365474803,10.09750521904737,12.013891633561608,e722a2b98432005e2fb4b3214deef2fc
13.0,19.65883256138793,26.426712423426956,0.5955854862981497,-8.233756538509901,0.24,130.808365474803,10.377505219047368,12.513891633561608,e722a2b98432005e2fb4b3214deef2fc
13.5,19.87383256138793,26.56807080028617,0.5912474305824721,-8.688756538509903,0.24,130.308365474803,10.65750521904737,13.013891633561608,e722a2b98432005e2fb4b3214deef2fc
14.0,20.088064843480836,26.716880316655494,0.5866557070351497,-9.14298882060281,0.24,129.808365474803,10.934434347418998,13.513891633561608,e722a2b98432005e2fb4b3214deef2fc
14.5,20.298064843480837,26.871540385230926,0.5818562775816445,-9.592988820602809,0.24,129.308365474803,11.194434347418998,14.013891633561608,e722a2b98432005e2fb4b3214deef2fc
15.0,20.50453653473076,27.030875635686183,0.5768827955324867,-10.039460511852734,0.24,128.808365474803,11.440321112418703,14.513891633561608,e722a2b98432005e2fb4b3214deef2fc
15.5,20.715682767713634,27.196326923755453,0.5716872900282767,-10.484460511852735,0.22,128.308365474803,11.70181206446538,15.013891633561608,e722a2b98432005e2fb4b3214deef2fc
16.0,20.940682767713632,27.36890861279708,0.5662340928025843,-10.929460511852737,0.22,127.808365474803,11.98181206446538,15.513891633561608,e722a2b98432005e2fb4b3214deef2fc
16.5,21.173298804856316,27.54848669468962,0.5605232038554092,-11.374460511852737,0.21,127.308365474803,12.26181206446538,16.013891633561606,e722a2b98432005e2fb4b3214deef2fc
17.0,21.411151394694794,27.734925269041987,0.5545546231867514,-11.819460511852737,0.2,126.808365474803,12.54181206446538,16.513891633561606,e722a2b98432005e2fb4b3214deef2fc
17.5,21.651611013201286,27.923497583955157,0.5484767828901791,-12.25992013035923,0.2,126.308365474803,12.803650538491354,17.013891633561606,e722a2b98432005e2fb4b3214deef2fc
18.0,21.891544498084293,28.115261451158407,0.5422538410155613,-12.69542864046024,0.19,125.808365474803,13.045684578895395,17.513891633561606,e722a2b98432005e2fb4b3214deef2fc
18.5,22.136544498084294,28.313086287218038,0.5357895841657909,-13.130428640460238,0.19,125.308365474803,13.285684578895395,18.013891633561606,e722a2b98432005e2fb4b3214deef2fc
19.0,22.38545812331425,28.515984729288586,0.5291124558096223,-13.563829995216595,0.17,124.808365474803,13.519289997920815,18.513891633561606,e722a2b98432005e2fb4b3214deef2fc
19.5,22.645458123314253,28.72246881931002,0.5222683779503463,-13.993829995216595,0.17,124.308365474803,13.739289997920814,19.013891633561606,e722a2b98432005e2fb4b3214deef2fc
20.0,22.908653832188712,28.934910490123396,0.5151752946073906,-14.423829995216595,0.16,123.808365474803,13.959289997920814,19.513891633561606,e722a2b98432005e2fb4b3214deef2fc
0.0,11.639140621590768,15.394350159250044,0.8627655401278695,-5.237479491191397,0.35,32.36553244917859,5.065376886842989,5.877268687799206,d6d6649155ada136813217fd28602c31
0.5,11.795556582173043,15.571560497162551,0.8595878366746433,-5.737479491191397,0.34,31.865532449178588,5.045376886842989,5.906680452505088,d6d6649155ada136813217fd28602c31
1.0,11.958582884814119,15.762644949626463,0.8561205919613243,-6.237479491191397,0.33,31.365532449178588,5.0374820974072785,5.9360922172109705,d6d6649155ada136813217fd28602c31
1.5,12.128582884814119,15.967105413918205,0.8523638059879124,-6.737479491191397,0.33,30.865532449178588,5.057482097407278,5.965503981916853,d6d6649155ada136813217fd28602c31
2.0,12.306630187583082,16.18443495431235,0.8483174787544077,-7.237479491191397,0.3,30.365532449178588,5.082888215923265,6.020459161887379,d6d6649155ada136813217fd28602c31
2.5,12.51653938072874,16.414122403636416,0.8439816102608102,-7.737479491191397,0.29,29.865532449178588,5.182524988505895,6.108694456005026,d6d6649155ada136813217fd28602c31
3.0,12.734230843962678,16.65565650980922,0.8393562005071198,-8.237479491191397,0.28,29.365532449178588,5.282524988505895,6.242173651498767,d6d6649155ada136813217fd28602c31
3.5,12.969045624518317,16.90852960088315,0.8344412494933365,-8.737479491191397,0.26,28.865532449178588,5.410691975197332,6.434956203750439,d6d6649155ada136813217fd28602c31
4.0,13.209045624518318,17.172240761040275,0.8292367572194606,-9.237479491191397,0.26,28.365532449178588,5.550691975197331,6.640838556691616,d6d6649155ada136813217fd28602c31
4.5,13.455992961525713,17.44629852565651,0.8237427236854916,-9.737479491191397,0.24,27.865532449178588,5.718481323226905,6.846720909632793,d6d6649155ada136813217fd28602c31
5.0,13.7250178714582,17.728773367003463,0.8179889175774643,-10.234688177247063,0.22,27.365532449178588,5.927316067449564,7.066325955021809,d6d6649155ada136813217fd28602c31
5.5,14.002599044339435,18.016911313424906,0.8120245481906576,-10.724688177247062,0.21,26.865532449178588,6.107316067449565,7.33103183737475,d6d6649155ada136813217fd28602c31
6.0,14.292974420741338,18.31011449497174,0.8058566247162066,-11.211416317075795,0.18,26.365532449178588,6.328817573057183,7.595737719727691,d6d6649155ada136813217fd28602c31
6.5,14.59395286586931,18.608231782667655,0.799483244086593,-11.692394762203767,0.18,25.865532449178588,6.592731353569069,7.8604436020806325,d6d6649155ada136813217fd28602c31
7.0,14.89129838870183,18.912699427257035,0.7928678577549987,-12.169740285036282,0.18,25.365532449178588,6.84211344489914,8.125149484433575,d6d6649155ada136813217fd28602c31
7.5,15.186298388701825,19.223616722947966,0.7860015371682929,-12.644740285036283,0.18,24.865532449178588,7.08211344489914,8.389855366786515,d6d6649155ada136813217fd28602c31
8.0,15.483614778158618,19.539889263017116,0.7789020824670423,-13.11533603248527,0.16,24.365532449178588,7.320244924487087,8.654561249139457,d6d6649155ada136813217fd28602c31
8.5,15.806719825075165,19.862719059671985,0.7715359582197423,-13.58533603248527,0.14,23.865532449178588,7.610901487359489,8.95127246207151,d6d6649155ada136813217fd28602c31
9.0,16.14695875972963,20.192026755032348,0.763897665187955,-14.05533603248527,0.12,23.365532449178588,7.910901487359489,9.285241421216938,d6d6649155ada136813217fd28602c31
9.5,16.504368249223297,20.527500590876315,0.7559872033716805,-14.52533603248527,0.11,22.865532449178588,8.240539445334164,9.667594362393407,d6d6649155ada136813217fd28602c31
10.0,16.873634120469305,20.8685830529548,0.7478108603926594,-14.994660267670774,0.1,22.365532449178588,8.57783638607617,10.049947303569878,d6d6649155ada136813217fd28602c31
10.5,17.238634120469307,21.213555074662594,0.7394042266389176,-15.459660267670774,0.1,21.865532449178588,8.89783638607617,10.432300244746347,d6d6649155ada136813217fd28602c31
11.0,17.603103279319065,21.563083897817382,0.7307459768911843,-15.923147116350238,0.09,21.365532449178588,9.211783780794025,10.82043148104222,d6d6649155ada136813217fd28602c31
11.5,17.973103279319066,21.915969846225412,0.7218610285914688,-16.383147116350237,0.09,20.865532449178588,9.511783780794026,11.261607951630456,d6d6649155ada136813217fd28602c31
12.0,18.348927937573297,22.272064180357667,0.7127491022750234,-16.841034853919517,0.08,20.365532449178588,9.803334731071143,11.702784422218691,d6d6649155ada136813217fd28602c31
12.5,18.72489940584386,22.630585005869612,0.703426722140519,-17.29603485391952,0.07,19.865532449178588,10.083334731071142,12.149675412045546,d6d6649155ada136813217fd28602c31
13.0,19.1130167784548,22.993410198615823,0.6938408594593302,-17.751034853919517,0.06,19.365532449178588,10.363334731071143,12.649675412045546,d6d6649155ada136813217fd28602c31
13.5,19.5080167784548,23.360339197360332,0.683991514231457,-18.20603485391952,0.06,18.865532449178588,10.643334731071143,13.149675412045546,d6d6649155ada136813217fd28602c31
14.0,19.9030167784548,23.731181645035065,0.6738786864568991,-18.661034853919517,0.06,18.365532449178588,10.92333473107114,13.649675412045546,d6d6649155ada136813217fd28602c31
14.5,20.29449590511837,24.104124507130766,0.6635479492746517,-19.11251398058309,0.06,17.865532449178588,11.189251237725422,14.149675412045546,d6d6649155ada136813217fd28602c31
15.0,20.684495905118375,24.479916916440814,0.6529753420664506,-19.56251398058309,0.06,17.365532449178588,11.449251237725424,14.649675412045546,d6d6649155ada136813217fd28602c31
15.5,21.07449590511837,24.85907975401399,0.6421421477241661,-20.01251398058309,0.06,16.865532449178588,11.709251237725423,15.149675412045546,d6d6649155ada136813217fd28602c31
16.0,21.46449590511837,25.241461134352175,0.6310483662477981,-20.46251398058309,0.06,16.365532449178588,11.969251237725423,15.649675412045546,d6d6649155ada136813217fd28602c31
16.5,21.85449590511837,25.626916985419737,0.6196939976373463,-20.912513980583086,0.06,15.865532449178588,12.229251237725423,16.149675412045546,d6d6649155ada136813217fd28602c31
17.0,22.252626356305992,26.01531064888862,0.6080790418928113,-21.362513980583085,0.05,15.365532449178588,12.489251237725423,16.649675412045546,d6d6649155ada136813217fd28602c31
17.5,22.65262635630599,26.406512494813857,0.5962034990141929,-21.812513980583084,0.05,14.865532449178588,12.749251237725423,17.149675412045546,d6d6649155ada136813217fd28602c31
18.0,23.052626356305993,26.800399551486983,0.5840673690014905,-22.262513980583083,0.05,14.365532449178588,13.009251237725422,17.649675412045546,d6d6649155ada136813217fd28602c31
18.5,23.452626356305995,27.196855150916377,0.5716706518547048,-22.712513980583086,0.05,13.865532449178588,13.269251237725422,18.149675412045546,d6d6649155ada136813217fd28602c31
19.0,23.852626356305997,27.595768590139137,0.5590133475738354,-23.16251398058309,0.05,13.365532449178588,13.529251237725424,18.649675412045546,d6d6649155ada136813217fd28602c31
19.5,24.258205504701714,27.997034808370206,0.5460954561588824,-23.61251398058309,0.04,12.865532449178588,13.811567831308304,19.149675412045546,d6d6649155ada136813217fd28602c31
20.0,24.662193922414257,28.39654797625495,0.5330487391938863,-24.05650239829564,0.04,12.365532449178588,14.08752150215849,19.649675412045546,d6d6649155ada136813217fd28602c31
0.0,11.771535103438621,15.53650181396527,0.8602193885309313,-5.459897291631267,0.36,32.15983471512551,4.947379697410143,5.75138630438956,63d957a3cfb5e2f2cc7061644cd314b7
0.5,11.914045160388453,15.719185281272608,0.8569128868172922,-5.959897291631267,0.35,31.659834715125513,4.927379697410142,5.780798069095442,63d957a3cfb5e2f2cc7061644cd314b7
1.0,12.08042412234919,15.915485641305725,0.8533168438435602,-6.459897291631267,0.32,31.159834715125513,4.940468223788911,5.811466844944266,63d957a3cfb5e2f2cc7061644cd314b7
1.5,12.267865900689515,16.124905596320243,0.8494312596097354,-6.959897291631267,0.3,30.659834715125513,4.97074989814769,5.92835719641857,63d957a3cfb5e2f2cc7061644cd314b7
2.0,12.476809576265147,16.346940930396464,0.8452561341158178,-7.459897291631267,0.29,30.159834715125513,5.066524600450219,6.0754160199479825,63d957a3cfb5e2f2cc7061644cd314b7
2.5,12.68872128449672,16.58108485815999,0.8407914673618074,-7.959897291631267,0.28,29.659834715125513,5.166524600450218,6.222474843477394,63d957a3cfb5e2f2cc7061644cd314b7
3.0,12.915261677104116,16.826831917064297,0.8360372593477042,-8.459897291631268,0.27,29.159834715125513,5.266524600450218,6.40800656469735,63d957a3cfb5e2f2cc7061644cd314b7
3.5,13.150323476402871,17.083681384782526,0.8309935100735081,-8.959897291631268,0.26,28.659834715125513,5.386771797645249,6.613888917638526,63d957a3cfb5e2f2cc7061644cd314b7
4.0,13.390323476402871,17.35114022041192,0.8256602195392192,-9.459897291631268,0.26,28.159834715125513,5.5267717976452495,6.819771270579702,63d957a3cfb5e2f2cc7061644cd314b7
4.5,13.641867773849743,17.628725542137968,0.8200373877448375,-9.959897291631268,0.24,27.659834715125513,5.682313105226557,7.070706391471144,63d957a3cfb5e2f2cc7061644cd314b7
5.0,13.908131099207141,17.914628148275472,0.8141527873957686,-10.457235768824312,0.23,27.159834715125513,5.887366406656155,7.335412273824085,63d957a3cfb5e2f2cc7061644cd314b7
5.5,14.181722957071504,18.205936873992734,0.8080595445887702,-10.947235768824312,0.21,26.659834715125513,6.121733838113587,7.600118156177026,63d957a3cfb5e2f2cc7061644cd314b7
6.0,14.468699931592875,18.505901038010347,0.8016825513468808,-11.437235768824312,0.19,26.159834715125513,6.409135323253687,7.864824038529967,63d957a3cfb5e2f2cc7061644cd314b7
6.5,14.759427454847893,18.807360553666896,0.7951687776566189,-11.917963292079332,0.19,25.659834715125513,6.672045416273769,8.12952992088291,63d957a3cfb5e2f2cc7061644cd314b7
7.0,15.043337559149599,19.112981395548342,0.7884576473946978,-12.391873396381039,0.19,25.159834715125513,6.907685833480586,8.39423580323585,63d957a3cfb5e2f2cc7061644cd314b7
7.5,15.331785496055279,19.424287148386117,0.7815104677139733,-12.861873396381037,0.17,24.659834715125513,7.137416539204822,8.694325570733625,63d957a3cfb5e2f2cc7061644cd314b7
8.0,15.63178549605528,19.742588599759127,0.7742911192487614,-13.331873396381036,0.17,24.159834715125513,7.397416539204823,9.017854982498331,63d957a3cfb5e2f2cc7061644cd314b7
8.5,15.948287860566333,20.06755286565156,0.7667996019990622,-13.801873396381035,0.12,23.659834715125513,7.687798476720783,9.356965846596374,63d957a3cfb5e2f2cc7061644cd314b7
9.0,16.298753202508,20.398861522450247,0.7590359159648759,-14.271873396381036,0.11,23.159834715125513,8.027798476720783,9.739318787772845,63d957a3cfb5e2f2cc7061644cd314b7
9.5,16.659899260204842,20.735710652964645,0.7510120646727051,-14.740588187086189,0.1,22.659834715125513,8.362657639541393,10.121671728949316,63d957a3cfb5e2f2cc7061644cd314b7
10.0,17.02489926020484,21.076830512924793,0.7427525596196969,-15.205588187086189,0.1,22.159834715125513,8.682657639541393,10.504024670125787,63d957a3cfb5e2f2cc7061644cd314b7
10.5,17.389899260204842,21.42337211219662,0.7342237811948025,-15.670588187086189,0.1,21.659834715125513,9.002657639541393,10.886377611302256,63d957a3cfb5e2f2cc7061644cd314b7
11.0,17.757792142149317,21.77313778087015,0.7254746225049331,-16.13145212128884,0.09,21.159834715125513,9.306113376352009,11.310077303901226,63d957a3cfb5e2f2cc7061644cd314b7
11.5,18.138045647496817,22.125268109192284,0.7165231880255225,-16.588556693409394,0.07,20.659834715125513,9.594531664834216,11.751253774489461,63d957a3cfb5e2f2cc7061644cd314b7
12.0,18.52750714096783,22.48051479831035,0.707347013580498,-17.043556693409393,0.06,20.159834715125513,9.874531664834215,12.21867432431895,63d957a3cfb5e2f2cc7061644cd314b7
12.5,18.92250714096783,22.840197072058288,0.6979073565887892,-17.498556693409395,0.06,19.659834715125513,10.154531664834217,12.718674324318952,63d957a3cfb5e2f2cc7061644cd314b7
13.0,19.31750714096783,23.204108666007176,0.688204217050396,-17.953556693409393,0.06,19.159834715125513,10.434531664834218,13.218674324318952,63d957a3cfb5e2f2cc7061644cd314b7
13.5,19.71250714096783,23.572053700882297,0.6782375949653182,-18.408556693409395,0.06,18.659834715125513,10.714531664834217,13.718674324318952,63d957a3cfb5e2f2cc7061644cd314b7
14.0,20.10750714096783,23.943846231770873,0.668007490333556,-18.863556693409397,0.06,18.159834715125513,10.994531664834216,14.218674324318952,63d957a3cfb5e2f2cc7061644cd314b7
14.5,20.49997624131845,24.3181518361595,0.6575465172781385,-19.316025793760016,0.06,17.659834715125513,11.264408066236701,14.718674324318952,63d957a3cfb5e2f2cc7061644cd314b7
15.0,20.88997624131845,24.69480784538053,0.6468560599362755,-19.766025793760015,0.06,17.159834715125513,11.5244080662367,15.21867432431895,63d957a3cfb5e2f2cc7061644cd314b7
15.5,21.27997624131845,25.074779367205362,0.635905015460329,-20.216025793760014,0.06,16.659834715125513,11.7844080662367,15.71867432431895,63d957a3cfb5e2f2cc7061644cd314b7
16.0,21.66997624131845,25.45791794526386,0.6246933838502989,-20.66602579376001,0.06,16.159834715125513,12.044408066236702,16.21867432431895,63d957a3cfb5e2f2cc7061644cd314b7
16.5,22.05997624131845,25.844082725094882,0.6132211651061853,-21.11602579376001,0.06,15.659834715125513,12.304408066236702,16.71867432431895,63d957a3cfb5e2f2cc7061644cd314b7
17.0,22.44997624131845,26.23314006548411,0.601488359227988,-21.56602579376001,0.06,15.159834715125513,12.564408066236702,17.21867432431895,63d957a3cfb5e2f2cc7061644cd314b7
17.5,22.83997624131845,26.62496316408847,0.5894949662157072,-22.016025793760008,0.06,14.659834715125513,12.824408066236701,17.71867432431895,63d957a3cfb5e2f2cc7061644cd314b7
18.0,23.22997624131845,27.019431697998904,0.5772409860693429,-22.466025793760014,0.06,14.159834715125513,13.084408066236701,18.21867432431895,63d957a3cfb5e2f2cc7061644cd314b7
18.5,23.61997624131845,27.416431479617984,0.5647264187888952,-22.916025793760014,0.06,13.659834715125513,13.344408066236701,18.71867432431895,63d957a3cfb5e2f2cc7061644cd314b7
19.0,24.015030244064892,27.81585412800311,0.5519512643743639,-23.366025793760013,0.05,13.159834715125513,13.62462407722246,19.21867432431895,63d957a3cfb5e2f2cc7061644cd314b7
19.5,24.42133476251705,28.21759675564359,0.538915522825749,-23.81602579376002,0.04,12.659834715125513,13.924624077222461,19.71867432431895,63d957a3cfb5e2f2cc7061644cd314b7
20.0,24.823575775515682,28.615592655241148,0.5258170373659417,-24.258266806758648,0.04,12.159834715125513,14.193588129217,20.21867432431895,63d957a3cfb5e2f2cc7061644cd314b7
0.0,11.85540076609341,15.661721446853422,0.8579571273483368,-5.309862927189131,0.36,33.66057335619902,5.090254776987379,5.99414597082812,5af76fa3254a2d47df08c25d8e936757
0.5,12.00022187789866,15.838225330068315,0.8547375079125733,-5.809862927189131,0.35,33.16057335619902,5.07025477698738,6.023557735534002,5af76fa3254a2d47df08c25d8e936757
1.0,12.152205055424263,16.028388706704323,0.851228347216717,-6.309862927189131,0.34,32.66057335619902,5.05025477698738,6.064635250390486,5af76fa3254a2d47df08c25d8e936757
1.5,12.313761646782465,16.231731499146846,0.8474296452607678,-6.809862927189131,0.33,32.16057335619902,5.036481142420191,6.152870544508133,5af76fa3254a2d47df08c25d8e936757
2.0,12.489767098232594,16.44776490553002,0.8433414020447259,-7.309862927189131,0.32,31.660573356199023,5.056481142420192,6.24110583862578,5af76fa3254a2d47df08c25d8e936757
2.5,12.684917114838115,16.675995721838444,0.8389636175685911,-7.809862927189131,0.29,31.160573356199023,5.120953339489409,6.35305858767412,5af76fa3254a2d47df08c25d8e936757
3.0,12.894917114838115,16.915930250564504,0.8342962918323634,-8.309862927189132,0.29,30.660573356199023,5.22095333948941,6.500117411203531,5af76fa3254a2d47df08c25d8e936757
3.5,13.118209262367584,17.167077770230797,0.829339424836043,-8.809862927189132,0.27,30.160573356199023,5.360740536706415,6.647176234732943,5af76fa3254a2d47df08c25d8e936757
4.0,13.355243885047841,17.428953557122746,0.8240930165796296,-9.309862927189132,0.25,29.660573356199023,5.500740536706416,6.835615191675624,5af76fa3254a2d47df08c25d8e936757
4.5,13.606885260634083,17.701081464801256,0.8185570670631236,-9.809862927189132,0.24,29.160573356199023,5.647306039051371,7.100321074028565,5af76fa3254a2d47df08c25d8e936757
5.0,13.870105600721388,17.9816468113802,0.8127596767878595,-10.307465373434168,0.22,28.660573356199023,5.840187399400606,7.365026956381506,5af76fa3254a2d47df08c25d8e936757
5.5,14.148228500074094,18.26742297471979,0.8067608914203362,-10.797224373961365,0.19,28.160573356199023,6.078554258956031,7.629732838734448,5af76fa3254a2d47df08c25d8e936757
6.0,14.445007173860501,18.556628640765588,0.8005938221905802,-11.282224373961364,0.18,27.660573356199023,6.325668954101657,7.894438721087389,5af76fa3254a2d47df08c25d8e936757
6.5,14.748760650118049,18.852814280654638,0.7941775069172243,-11.76342839951914,0.17,27.160573356199023,6.590485056332759,8.15914460344033,5af76fa3254a2d47df08c25d8e936757
7.0,15.05876065011805,19.156514158384205,0.7874929093080482,-12.243428399519141,0.17,26.660573356199023,6.850485056332759,8.42385048579327,5af76fa3254a2d47df08c25d8e936757
7.5,15.366730721936959,19.46685676558473,0.7805517496330979,-12.721398471338045,0.17,26.160573356199023,7.1023653436083825,8.688556368146212,5af76fa3254a2d47df08c25d8e936757
8.0,15.6683999547839,19.78163312589985,0.7733974764928988,-13.193067704184994,0.17,25.660573356199023,7.329042274996167,8.953262250499153,5af76fa3254a2d47df08c25d8e936757
8.5,15.979972354603484,20.10251419180903,0.7659863391932527,-13.663067704184993,0.15,25.160573356199023,7.570038323695088,9.255164530762983,5af76fa3254a2d47df08c25d8e936757
9.0,16.31737994925671,20.429859141366304,0.7583030331091193,-14.133067704184993,0.11,24.660573356199023,7.865886103685699,9.587233183515455,5af76fa3254a2d47df08c25d8e936757
9.5,16.677379949256714,20.7633622575982,0.7503475582404986,-14.603067704184994,0.11,24.160573356199023,8.2058861036857,9.969586124691926,5af76fa3254a2d47df08c25d8e936757
10.0,17.037379949256714,21.10273157542498,0.7421199145873907,-15.073067704184993,0.11,23.660573356199023,8.5458861036857,10.351939065868395,5af76fa3254a2d47df08c25d8e936757
10.5,17.404106845830892,21.446634001444203,0.7336462984860568,-15.540288621276284,0.1,23.160573356199023,8.874769772050856,10.734292007044866,5af76fa3254a2d47df08c25d8e936757
11.0,17.767264843589782,21.793614093220924,0.7249580308529158,-16.00344661903517,0.1,22.660573356199023,9.187401763086404,11.116644948221337,5af76fa3254a2d47df08c25d8e936757
11.5,18.12648654791068,22.142931950743886,0.7160703764920788,-16.462668323356066,0.1,22.160573356199023,9.484288580369999,11.498997889397808,5af76fa3254a2d47df08c25d8e936757
12.0,18.491325513886053,22.49510177124412,0.706967101801647,-16.917668323356068,0.08,21.660573356199023,9.76428858037,11.93922710101765,5af76fa3254a2d47df08c25d8e936757
12.5,18.87563852464916,22.85180019215087,0.6976003445645308,-17.372668323356066,0.07,21.160573356199023,10.044288580369999,12.43922710101765,5af76fa3254a2d47df08c25d8e936757
13.0,19.26063852464916,23.212818448980784,0.68797010478073,-17.827668323356068,0.07,20.660573356199023,10.32428858037,12.93922710101765,5af76fa3254a2d47df08c25d8e936757
13.5,19.645638524649158,23.577958110674015,0.6780763824502448,-18.282668323356067,0.07,20.160573356199023,10.604288580370001,13.43922710101765,5af76fa3254a2d47df08c25d8e936757
14.0,20.035886604939023,23.947030650835494,0.6679191775730751,-18.73766832335607,0.06,19.660573356199023,10.88428858037,13.93922710101765,5af76fa3254a2d47df08c25d8e936757
14.5,20.425913205286896,24.31755656007926,0.6575632826863973,-19.18769492370394,0.06,19.160573356199023,11.144394981761497,14.43922710101765,5af76fa3254a2d47df08c25d8e936757
15.0,20.815913205286897,24.69162311344392,0.646947139508184,-19.63769492370394,0.06,18.660573356199023,11.404394981761497,14.93922710101765,5af76fa3254a2d47df08c25d8e936757
15.5,21.205913205286894,25.06908348743651,0.6360704091958871,-20.087694923703943,0.06,18.160573356199023,11.664394981761497,15.43922710101765,5af76fa3254a2d47df08c25d8e936757
16.0,21.59591320528689,25.44978667540783,0.6249330917495068,-20.537694923703942,0.06,17.660573356199023,11.924394981761498,15.93922710101765,5af76fa3254a2d47df08c25d8e936757
16.5,21.98591320528689,25.83358931212366,0.6135351871690429,-20.987694923703945,0.06,17.160573356199023,12.184394981761498,16.43922710101765,5af76fa3254a2d47df08c25d8e936757
17.0,22.375913205286892,26.22035529261901,0.6018766954544952,-21.437694923703944,0.06,16.660573356199023,12.444394981761498,16.93922710101765,5af76fa3254a2d47df08c25d8e936757
17.5,22.772592630655357,26.609955403849845,0.5899576166058642,-21.887694923703943,0.05,16.160573356199023,12.704394981761498,17.43922710101765,5af76fa3254a2d47df08c25d8e936757
18.0,23.17259263065536,27.00226696998942,0.5777779506231496,-22.337694923703943,0.05,15.660573356199023,12.964394981761497,17.93922710101765,5af76fa3254a2d47df08c25d8e936757
18.5,23.572592630655357,27.397173511920634,0.5653376975063515,-22.787694923703942,0.05,15.160573356199023,13.224394981761497,18.43922710101765,5af76fa3254a2d47df08c25d8e936757
19.0,23.97295445617528,27.794564421231524,0.55263685725547,-23.237694923703945,0.04,14.660573356199023,13.485842283841198,18.93922710101765,5af76fa3254a2d47df08c25d8e936757
19.5,24.37803089482634,28.190023125006675,0.5398162062796107,-23.682771362355002,0.04,14.160573356199023,13.766148038445422,19.43922710101765,5af76fa3254a2d47df08c25d8e936757
20.0,24.777141557933138,28.58295286750033,0.5268981545417525,-24.121882025461797,0.04,13.660573356199023,14.02259069087261,19.93922710101765,5af76fa3254a2d47df08c25d8e936757
0.0,11.5387520734808,15.403280386427078,0.8626062751565671,-1.1036995005403392,0.42,42.816473577202885,5.265838039974243,6.010651863995496,6239cf2cf171f3fbbd24eadb1bea5c5b
0.5,11.619456081417306,15.447159808956126,0.86182237143822,-1.6036995005403396,0.41,42.316473577202885,5.245838039974243,5.9853813224455426,6239cf2cf171f3fbbd24eadb1bea5c5b
1.0,11.710318957604818,15.507045033273414,0.8607489264597803,-2.1036995005403396,0.4,41.816473577202885,5.229289544724282,6.014793087151425,6239cf2cf171f3fbbd24eadb1bea5c5b
1.5,11.826737415402494,15.582751527394322,0.8593859402212477,-2.60369950054034,0.38,41.316473577202885,5.281150849951623,6.0939291547446155,6239cf2cf171f3fbbd24eadb1bea5c5b
2.0,11.952758079849266,15.674050040275182,0.8577334127226222,-3.10369950054034,0.37,40.816473577202885,5.365233507738713,6.182164448862262,6239cf2cf171f3fbbd24eadb1bea5c5b
2.5,12.082758079849269,15.780669953002336,0.855791343963904,-3.60369950054034,0.37,40.316473577202885,5.465233507738714,6.27039974297991,6239cf2cf171f3fbbd24eadb1bea5c5b
3.0,12.223728792370473,15.902303093141292,0.8535597339450929,-4.1036995005403405,0.35,39.816473577202885,5.582145980194267,6.358635037097557,6239cf2cf171f3fbbd24eadb1bea5c5b
3.5,12.37394698027938,16.038607893663073,0.8510385826661888,-4.603699500540339,0.34,39.316473577202885,5.722145980194267,6.448153789502882,6239cf2cf171f3fbbd24eadb1bea5c5b
4.0,12.538578030951967,16.189213775449744,0.8482278901271921,-5.103699500540339,0.33,38.816473577202885,5.862145980194267,6.622454087576935,6239cf2cf171f3fbbd24eadb1bea5c5b
4.5,12.71421316446282,16.35291975815836,0.8451429195251534,-5.602068774034567,0.31,38.316473577202885,6.009311059241665,6.850947403747539,6239cf2cf171f3fbbd24eadb1bea5c5b
5.0,12.898791294469389,16.528130511146834,0.8418067593560609,-6.096646904041136,0.31,37.816473577202885,6.167623579267935,7.11565328610048,6239cf2cf171f3fbbd24eadb1bea5c5b
5.5,13.088622591465278,16.713489913765585,0.8382386573383745,-6.586646904041135,0.3,37.316473577202885,6.3076235792679345,7.380359168453421,6239cf2cf171f3fbbd24eadb1bea5c5b
6.0,13.299198394523422,16.909339892388125,0.8344253812816507,-7.07466487451571,0.27,36.816473577202885,6.490627837123609,7.702857630772405,6239cf2cf171f3fbbd24eadb1bea5c5b
6.5,13.517145180283524,17.110828164376617,0.830455964671088,-7.5546648745157094,0.26,36.316473577202885,6.702414980163995,8.02638704253711,6239cf2cf171f3fbbd24eadb1bea5c5b
7.0,13.751103420659279,17.32383056212857,0.8262085884508361,-8.034664874515709,0.24,35.816473577202885,6.949512466843982,8.349916454301816,6239cf2cf171f3fbbd24eadb1bea5c5b
7.5,13.987278898430095,17.545924487547016,0.8217239644946543,-8.510840352286525,0.24,35.316473577202885,7.194214377927241,8.673445866066523,6239cf2cf171f3fbbd24eadb1bea5c5b
8.0,14.227690384041402,17.776743065899304,0.8170026306381217,-8.98306279228445,0.23,34.816473577202885,7.423104137918947,8.996975277831227,6239cf2cf171f3fbbd24eadb1bea5c5b
8.5,14.472524419997688,18.016677185965325,0.812029433592853,-9.45306279228445,0.22,34.316473577202885,7.662440281744085,9.320504689595934,6239cf2cf171f3fbbd24eadb1bea5c5b
9.0,14.73251274922376,18.266327480245387,0.806784067763097,-9.923062792284451,0.2,33.816473577202885,7.942011957778276,9.64403410136064,6239cf2cf171f3fbbd24eadb1bea5c5b
9.5,15.004199505583326,18.525301142163716,0.8012665331488537,-10.39306279228445,0.19,33.316473577202885,8.248758983216533,9.967563513125345,6239cf2cf171f3fbbd24eadb1bea5c5b
10.0,15.281294084976103,18.791907132448078,0.7955052462128275,-10.860052460061063,0.18,32.816473577202885,8.576717654322987,10.29171005204394,6239cf2cf171f3fbbd24eadb1bea5c5b
10.5,15.57744568192022,19.066156564305615,0.7894928915682955,-11.32505246006106,0.15,32.316473577202885,8.896717654322988,10.67450098964024,6239cf2cf171f3fbbd24eadb1bea5c5b
11.0,15.892014243826466,19.34831339468423,0.7832162710960242,-11.789621021967307,0.15,31.816473577202885,9.214991901947966,11.115677460228476,6239cf2cf171f3fbbd24eadb1bea5c5b
11.5,16.204015047225965,19.631899570615232,0.7768149484183852,-12.244837179004413,0.14,31.316473577202885,9.495856530096402,11.556853930816711,6239cf2cf171f3fbbd24eadb1bea5c5b
12.0,16.521477380091095,19.922696050728852,0.770154146016742,-12.699837179004414,0.13,30.816473577202885,9.775856530096403,12.012514712376307,6239cf2cf171f3fbbd24eadb1bea5c5b
12.5,16.846477380091095,20.220562680319546,0.7632298610684145,-13.154837179004414,0.13,30.316473577202885,10.055856530096403,12.512514712376307,6239cf2cf171f3fbbd24eadb1bea5c5b
13.0,17.17405857744945,20.525191650450815,0.7560420935734025,-13.609837179004414,0.12,29.816473577202885,10.335856530096402,13.012514712376307,6239cf2cf171f3fbbd24eadb1bea5c5b
13.5,17.50905857744945,20.836286364578985,0.748590843531706,-14.064837179004414,0.12,29.316473577202885,10.615856530096403,13.512514712376307,6239cf2cf171f3fbbd24eadb1bea5c5b
14.0,17.841944518392506,21.152451640930945,0.7409033024717544,-14.51772311994747,0.12,28.816473577202885,10.887400293868627,14.012514712376307,6239cf2cf171f3fbbd24eadb1bea5c5b
14.5,18.171944518392504,21.47298147770518,0.7329914583348565,-14.96772311994747,0.12,28.316473577202885,11.147400293868627,14.512514712376307,6239cf2cf171f3fbbd24eadb1bea5c5b
15.0,18.501944518392506,21.799120547898653,0.7248190270638748,-15.417723119947471,0.12,27.816473577202885,11.407400293868626,15.012514712376307,6239cf2cf171f3fbbd24eadb1bea5c5b
15.5,18.831944518392504,22.130620862998054,0.7163860086588096,-15.86772311994747,0.12,27.316473577202885,11.667400293868628,15.512514712376307,6239cf2cf171f3fbbd24eadb1bea5c5b
16.0,19.161944518392502,22.467245111533195,0.707692403119661,-16.31772311994747,0.12,26.816473577202885,11.927400293868628,16.012514712376305,6239cf2cf171f3fbbd24eadb1bea5c5b
16.5,19.491944518392504,22.8087664291969,0.6987382104464288,-16.76772311994747,0.12,26.316473577202885,12.187400293868627,16.512514712376305,6239cf2cf171f3fbbd24eadb1bea5c5b
17.0,19.821944518392506,23.15496813087004,0.6895234306391129,-17.217723119947472,0.12,25.816473577202885,12.447400293868627,17.012514712376305,6239cf2cf171f3fbbd24eadb1bea5c5b
17.5,20.151944518392508,23.505643413051992,0.6800480636977136,-17.66772311994747,0.12,25.316473577202885,12.707400293868627,17.512514712376305,6239cf2cf171f3fbbd24eadb1bea5c5b
18.0,20.481944518392506,23.860595034103866,0.6703121096222308,-18.11772311994747,0.12,24.816473577202885,12.967400293868627,18.012514712376305,6239cf2cf171f3fbbd24eadb1bea5c5b
18.5,20.820773381369587,24.21963497869961,0.6603155684126643,-18.56772311994747,0.11,24.316473577202885,13.227400293868627,18.512514712376305,6239cf2cf171f3fbbd24eadb1bea5c5b
19.0,21.15826296718943,24.579711719411453,0.6501402142875334,-19.015212705767315,0.11,23.816473577202885,13.477358637147999,19.012514712376305,6239cf2cf171f3fbbd24eadb1bea5c5b
19.5,21.497103736460485,24.94072855622185,0.6397875433587226,-19.460212705767315,0.1,23.316473577202885,13.732721714232214,19.512514712376305,6239cf2cf171f3fbbd24eadb1bea5c5b
20.0,21.847745470502808,25.304083097635935,0.6292154188063391,-19.903646351900665,0.09,22.816473577202885,14.006456298765615,20.012514712376305,6239cf2cf171f3fbbd24eadb1bea5c5b
0.0,11.804102626261948,15.597999018213866,0.8591106280565708,-5.497059361596467,0.34,31.128302620127172,5.068137143912931,5.819246866808022,83ebcf806ff486dd4551b13f7c6167d4
0.5,11.964102626261948,15.781148016978904,0.8557826064378009,-5.997059361596467,0.34,30.628302620127172,5.04813714391293,5.848658631513905,83ebcf806ff486dd4551b13f7c6167d4
1.0,12.127992369353825,15.977850046091735,0.8521650435589383,-6.497059361596467,0.33,30.128302620127172,5.043696116280432,5.878070396219787,83ebcf806ff486dd4551b13f7c6167d4
1.5,12.302012328535625,16.187611048483653,0.8482579394199827,-6.997059361596467,0.32,29.628302620127172,5.079775953007645,5.907482160925669,83ebcf806ff486dd4551b13f7c6167d4
2.0,12.502325652290695,16.409930250265738,0.8440612940209344,-7.497059361596467,0.29,29.128302620127172,5.151020416975051,6.039848088944589,83ebcf806ff486dd4551b13f7c6167d4
2.5,12.724055893150148,16.644304436658896,0.8395751073617933,-7.997059361596467,0.27,28.628302620127172,5.251020416975051,6.234812150651294,83ebcf806ff486dd4551b13f7c6167d4
3.0,12.954055893150148,16.890231778805745,0.8347993794425592,-8.497059361596467,0.27,28.128302620127172,5.351020416975051,6.4406945035924705,83ebcf806ff486dd4551b13f7c6167d4
3.5,13.186035662625038,17.147215193825964,0.8297341102632324,-8.997059361596467,0.26,27.628302620127172,5.458939494874608,6.646576856533647,83ebcf806ff486dd4551b13f7c6167d4
4.0,13.434126950595871,17.414765237147826,0.8243792998238128,-9.497059361596467,0.25,27.128302620127172,5.598939494874608,6.852459209474823,83ebcf806ff486dd4551b13f7c6167d4
4.5,13.693914086654258,17.692402539693948,0.8187349481243003,-9.997059361596467,0.24,26.628302620127172,5.778088039108152,7.0583415624159995,83ebcf806ff486dd4551b13f7c6167d4
5.0,13.976886267204156,17.979243847370455,0.8128097168870142,-10.496314254273234,0.21,26.128302620127172,6.023735411477165,7.3028141356962575,83ebcf806ff486dd4551b13f7c6167d4
5.5,14.25704240903858,18.27066434343972,0.8066923087008773,-10.986470396107656,0.21,25.628302620127172,6.244359978814856,7.567520018049199,83ebcf806ff486dd4551b13f7c6167d4
6.0,14.545696137479224,18.56840295601277,0.800340692582194,-11.473082213721419,0.19,25.128302620127172,6.49897489257743,7.83222590040214,83ebcf806ff486dd4551b13f7c6167d4
6.5,14.836723668750789,18.86898700382681,0.7938242293740159,-11.953082213721418,0.18,24.628302620127172,6.75897489257743,8.09693178275508,83ebcf806ff486dd4551b13f7c6167d4
7.0,15.133184533207107,19.175682407061306,0.7870674220123623,-12.429543078177735,0.18,24.128302620127172,7.004818350402698,8.361637665108022,83ebcf806ff486dd4551b13f7c6167d4
7.5,15.42380749939171,19.487223775363944,0.7800923182207216,-12.900166044362336,0.18,23.628302620127172,7.2273102151411095,8.626343547460962,83ebcf806ff486dd4551b13f7c6167d4
8.0,15.721767683365451,19.805480466665585,0.7728507951524122,-13.370166044362335,0.16,23.128302620127172,7.4591248639938295,8.891049429813904,83ebcf806ff486dd4551b13f7c6167d4
8.5,16.03374100942722,20.130380586562055,0.7653371032996154,-13.840166044362336,0.15,22.628302620127172,7.727018168240895,9.155755312166846,83ebcf806ff486dd4551b13f7c6167d4
9.0,16.368798605991902,20.461607673987807,0.7575512426623314,-14.310166044362337,0.11,22.128302620127172,8.03935386710844,9.44179215131447,83ebcf806ff486dd4551b13f7c6167d4
9.5,16.731528862884986,20.798859455473977,0.7494932132405601,-14.780166044362339,0.1,21.628302620127172,8.379353867108442,9.82414509249094,83ebcf806ff486dd4551b13f7c6167d4
10.0,17.10954451940445,21.141311080575363,0.74117615238252,-15.248760486366411,0.09,21.128302620127172,8.713731635124738,10.261916942581495,83ebcf806ff486dd4551b13f7c6167d4
10.5,17.48917551718236,21.48501589740619,0.7326920873980312,-15.710041624281791,0.08,20.628302620127172,9.018856186786266,10.70309341316973,83ebcf806ff486dd4551b13f7c6167d4
11.0,17.867230645636422,21.83201030717572,0.7239880335766945,-16.168096752735856,0.08,20.128302620127172,9.311076700602515,11.144269883757966,83ebcf806ff486dd4551b13f7c6167d4
11.5,18.250034127396283,22.18247666076452,0.7150553401337525,-16.623096752735854,0.07,19.628302620127172,9.591076700602514,11.585446354346201,83ebcf806ff486dd4551b13f7c6167d4
12.0,18.638424780460483,22.537587882426518,0.7058591641441261,-17.078096752735856,0.06,19.128302620127172,9.871076700602513,12.04656784295914,83ebcf806ff486dd4551b13f7c6167d4
12.5,19.033424780460482,22.897127861608197,0.6963995056078152,-17.533096752735855,0.06,18.628302620127172,10.151076700602514,12.54656784295914,83ebcf806ff486dd4551b13f7c6167d4
13.0,19.42842478046048,23.260891235366934,0.6866763645248197,-17.988096752735853,0.06,18.128302620127172,10.431076700602514,13.04656784295914,83ebcf806ff486dd4551b13f7c6167d4
13.5,19.82342478046048,23.628682947136646,0.6766897408951398,-18.443096752735855,0.06,17.628302620127172,10.711076700602513,13.54656784295914,83ebcf806ff486dd4551b13f7c6167d4
14.0,20.21842478046048,24.000317801417587,0.6664396347187754,-18.898096752735853,0.06,17.128302620127172,10.991076700602514,14.04656784295914,83ebcf806ff486dd4551b13f7c6167d4
14.5,20.612434895723037,24.375171299303204,0.6559387136872554,-19.35210686799841,0.06,16.628302620127172,11.267117161652736,14.54656784295914,83ebcf806ff486dd4551b13f7c6167d4
15.0,21.002434895723034,24.75168848257373,0.6452273624259914,-19.802106867998408,0.06,16.128302620127172,11.527117161652736,15.04656784295914,83ebcf806ff486dd4551b13f7c6167d4
15.5,21.392434895723035,25.131517853213154,0.6342554240306438,-20.25210686799841,0.06,15.628302620127172,11.787117161652736,15.54656784295914,83ebcf806ff486dd4551b13f7c6167d4
16.0,21.782434895723036,25.514511488060474,0.6230228985012127,-20.70210686799841,0.06,15.128302620127172,12.047117161652736,16.046567842959146,83ebcf806ff486dd4551b13f7c6167d4
16.5,22.172434895723036,25.90052901665077,0.6115297858376982,-21.152106867998405,0.06,14.628302620127172,12.307117161652736,16.546567842959146,83ebcf806ff486dd4551b13f7c6167d4
17.0,22.562434895723037,26.289437236471354,0.5997760860401,-21.602106867998405,0.06,14.128302620127172,12.567117161652737,17.046567842959146,83ebcf806ff486dd4551b13f7c6167d4
17.5,22.952434895723037,26.68110974225707,0.5877617991084183,-22.052106867998404,0.06,13.628302620127172,12.827117161652737,17.546567842959146,83ebcf806ff486dd4551b13f7c6167d4
18.0,23.342434895723034,27.07542656997972,0.5754869250426531,-22.502106867998403,0.06,13.128302620127172,13.087117161652737,18.046567842959146,83ebcf806ff486dd4551b13f7c6167d4
18.5,23.732434895723035,27.472273855914477,0.5629514638428043,-22.952106867998406,0.06,12.628302620127172,13.347117161652736,18.546567842959146,83ebcf806ff486dd4551b13f7c6167d4
19.0,24.122434895723035,27.871543510942487,0.550155415508872,-23.402106867998405,0.06,12.128302620127172,13.607117161652736,19.046567842959146,83ebcf806ff486dd4551b13f7c6167d4
19.5,24.512434895723036,28.273132910067797,0.5370987800408561,-23.852106867998405,0.06,11.628302620127172,13.867117161652736,19.546567842959146,83ebcf806ff486dd4551b13f7c6167d4
20.0,24.90973582071229,28.675599201595137,0.5238262405160622,-24.300201655869852,0.04,11.128302620127172,14.14775109666494,20.046567842959146,83ebcf806ff486dd4551b13f7c6167d4
0.0,11.876933316591838,15.67619094027758,0.8576945460178111,-5.435524862826157,0.36,33.9786936427239,5.204598177449518,5.834482613282957,c3ea02c389ebd390b52b48b3716c4cf9
0.5,12.02068370774981,15.85649668933422,0.8544021579516675,-5.935524862826157,0.35,33.4786936427239,5.1845981774495185,5.8638943779888395,c3ea02c389ebd390b52b48b3716c4cf9
1.0,12.170683707749811,16.050358629067865,0.850820228625431,-6.435524862826157,0.35,32.9786936427239,5.164598177449518,5.893306142694722,c3ea02c389ebd390b52b48b3716c4cf9
1.5,12.335750752924483,16.257291809662497,0.8469487580391019,-6.935524862826157,0.32,32.4786936427239,5.203536867534981,5.922717907400604,c3ea02c389ebd390b52b48b3716c4cf9
2.0,12.523670107892885,16.476803750950776,0.8427877461926798,-7.435524862826157,0.3,31.978693642723897,5.268090758063391,5.9920172152612015,c3ea02c389ebd390b52b48b3716c4cf9
2.5,12.741784248168901,16.70839868779087,0.8383371930861648,-7.935524862826157,0.27,31.478693642723897,5.36809075806339,6.129682514545488,c3ea02c389ebd390b52b48b3716c4cf9
3.0,12.971784248168902,16.95158138856071,0.8335970987195571,-8.435524862826158,0.27,30.978693642723897,5.46809075806339,6.3355648674866645,c3ea02c389ebd390b52b48b3716c4cf9
3.5,13.21104357183108,17.205860525873852,0.8285674630928566,-8.935524862826158,0.25,30.478693642723897,5.602456921303219,6.545375354852674,c3ea02c389ebd390b52b48b3716c4cf9
4.0,13.46104357183108,17.470751595127503,0.8232482862060632,-9.435524862826158,0.25,29.978693642723897,5.742456921303219,6.810081237205615,c3ea02c389ebd390b52b48b3716c4cf9
4.5,13.720614246434257,17.745779390082486,0.8176395680591769,-9.93552486282616,0.24,29.478693642723897,5.920739619715919,7.074787119558557,c3ea02c389ebd390b52b48b3716c4cf9
5.0,13.984475077470773,18.027858045908904,0.8117960581832916,-10.430543959069691,0.22,28.978693642723897,6.1161829438619835,7.339493001911499,c3ea02c389ebd390b52b48b3716c4cf9
5.5,14.254475077470772,18.316637510266784,0.8057182721367542,-10.920543959069692,0.22,28.478693642723897,6.336182943861984,7.60419888426444,c3ea02c389ebd390b52b48b3716c4cf9
6.0,14.524839774612241,18.613308639102563,0.7993738157794369,-11.409842863982556,0.21,27.978693642723897,6.557641732427863,7.868904766617379,c3ea02c389ebd390b52b48b3716c4cf9
6.5,14.795731068274682,18.91119151399876,0.7929008858114482,-11.889659815842085,0.2,27.478693642723897,6.781206907077624,8.13361064897032,c3ea02c389ebd390b52b48b3716c4cf9
7.0,15.073329545592209,19.21341982982273,0.7862285018179569,-12.36130378798834,0.18,26.978693642723897,7.007782795662649,8.421093530482553,c3ea02c389ebd390b52b48b3716c4cf9
7.5,15.371515199926739,19.522341185037558,0.7792990244631015,-12.83130378798834,0.17,26.478693642723897,7.227782795662649,8.74462294224726,c3ea02c389ebd390b52b48b3716c4cf9
8.0,15.678266926343326,19.838299048381185,0.7720973783237588,-13.30130378798834,0.16,25.978693642723897,7.474789701329002,9.068152354011964,c3ea02c389ebd390b52b48b3716c4cf9
8.5,15.988266926343327,20.160962599067297,0.7646235633999288,-13.771303787988343,0.16,25.478693642723897,7.734789701329003,9.39168176577667,c3ea02c389ebd390b52b48b3716c4cf9
9.0,16.327443128268616,20.490015049017863,0.7568775796916115,-14.241303787988343,0.12,24.978693642723897,8.033723281464617,9.715211177541377,c3ea02c389ebd390b52b48b3716c4cf9
9.5,16.688106756408512,20.82515355278244,0.7488594271988069,-14.711303787988342,0.1,24.478693642723897,8.333723281464618,10.101467813658388,c3ea02c389ebd390b52b48b3716c4cf9
10.0,17.061382617784677,21.165873100368437,0.7405743988423328,-15.180734551672293,0.09,23.978693642723897,8.646826726969287,10.542644284246624,c3ea02c389ebd390b52b48b3716c4cf9
10.5,17.433439801482308,21.508193380991294,0.7321150464898347,-15.642791735369924,0.09,23.478693642723897,8.955055461759814,10.98382075483486,c3ea02c389ebd390b52b48b3716c4cf9
11.0,17.80606095558169,21.854179788989743,0.723427192041896,-16.102791735369923,0.08,22.978693642723897,9.255055461759815,11.424997225423095,c3ea02c389ebd390b52b48b3716c4cf9
11.5,18.18333419341649,22.203889011125124,0.7145049706020865,-16.560064973204724,0.08,22.478693642723897,9.544148413099014,11.86617369601133,c3ea02c389ebd390b52b48b3716c4cf9
12.0,18.55833419341649,22.557266061993587,0.7053452952142027,-17.015064973204723,0.08,21.978693642723897,9.824148413099016,12.307350166599564,c3ea02c389ebd390b52b48b3716c4cf9
12.5,18.937248722254285,22.91512201941706,0.6959221372796345,-17.47006497320472,0.07,21.478693642723897,10.104148413099015,12.7485266371878,c3ea02c389ebd390b52b48b3716c4cf9
13.0,19.322248722254287,23.27725031308417,0.6862354967983817,-17.925064973204723,0.07,20.978693642723897,10.384148413099014,13.189703107776035,c3ea02c389ebd390b52b48b3716c4cf9
13.5,19.707248722254285,23.643454635716456,0.6762853737704444,-18.380064973204725,0.07,20.478693642723897,10.664148413099015,13.63087957836427,c3ea02c389ebd390b52b48b3716c4cf9
14.0,20.09528518987411,24.01354851087999,0.6660717681958228,-18.835064973204723,0.06,19.978693642723897,10.944148413099017,14.089917623186771,c3ea02c389ebd390b52b48b3716c4cf9
14.5,20.485989419469135,24.385379323363917,0.6556504760148973,-19.285769202799745,0.06,19.478693642723897,11.206965331479102,14.589917623186771,c3ea02c389ebd390b52b48b3716c4cf9
15.0,20.875989419469132,24.760401732345628,0.6449775397359798,-19.735769202799744,0.06,18.978693642723897,11.466965331479102,15.089917623186773,c3ea02c389ebd390b52b48b3716c4cf9
15.5,21.265989419469133,25.13878006487077,0.6340440163229788,-20.185769202799744,0.06,18.478693642723897,11.726965331479102,15.589917623186773,c3ea02c389ebd390b52b48b3716c4cf9
16.0,21.655989419469133,25.520365051322127,0.6228499057758942,-20.635769202799747,0.06,17.978693642723897,11.986965331479103,16.089917623186775,c3ea02c389ebd390b52b48b3716c4cf9
16.5,22.045989419469134,25.905014988521884,0.611395208094726,-21.085769202799746,0.06,17.478693642723897,12.246965331479103,16.589917623186775,c3ea02c389ebd390b52b48b3716c4cf9
17.0,22.435989419469134,26.29259535987924,0.5996799232794743,-21.53576920279975,0.06,16.978693642723897,12.506965331479103,17.089917623186775,c3ea02c389ebd390b52b48b3716c4cf9
17.5,22.834285581851386,26.682978468700657,0.5877040513301391,-21.985769202799744,0.05,16.478693642723897,12.766965331479103,17.589917623186775,c3ea02c389ebd390b52b48b3716c4cf9
18.0,23.234285581851385,27.076043085427806,0.5754675922467203,-22.435769202799744,0.05,15.978693642723897,13.026965331479103,18.089917623186775,c3ea02c389ebd390b52b48b3716c4cf9
18.5,23.634285581851387,27.471674109284688,0.5629705460292179,-22.885769202799743,0.05,15.478693642723897,13.286965331479102,18.589917623186775,c3ea02c389ebd390b52b48b3716c4cf9
19.0,24.038373128274543,27.869762244582247,0.5502129126776322,-23.335769202799742,0.04,14.978693642723897,13.563315517171732,19.089917623186775,c3ea02c389ebd390b52b48b3716c4cf9
19.5,24.44142384432288,28.263776146173004,0.5374051161471727,-23.778819918848086,0.04,14.478693642723897,13.835518381365091,19.589917623186775,c3ea02c389ebd390b52b48b3716c4cf9
20.0,24.840890948208582,28.657545471843868,0.5244256355715573,-24.218287022733783,0.04,13.978693642723897,14.093386796907883,20.089917623186775,c3ea02c389ebd390b52b48b3716c4cf9
0.0,11.426575919046666,15.23946473611768,0.8655131311342938,-4.448524979468258,0.39,35.326514674871774,5.064138518904262,5.624799729719952,0deeb16e2638c6890b47f3519e7357f6
0.5,11.545144794773794,15.392849327621011,0.8627922974480281,-4.948524979468258,0.37,34.826514674871774,5.044138518904261,5.674824911841393,0deeb16e2638c6890b47f3519e7357f6
1.0,11.684492199871835,15.560794819105832,0.8597819225016695,-5.4485249794682575,0.35,34.326514674871774,5.052597169142913,5.76306020595904,0deeb16e2638c6890b47f3519e7357f6
1.5,11.846288712478124,15.74283520785818,0.8564820062952182,-5.9485249794682575,0.33,33.826514674871774,5.097220253289185,5.884476332839728,0deeb16e2638c6890b47f3519e7357f6
2.0,12.03006894573238,15.938487549364506,0.8528925488286739,-6.4485249794682575,0.31,33.326514674871774,5.19218427870821,6.031535156369139,0deeb16e2638c6890b47f3519e7357f6
2.5,12.22164223475085,16.1472570531566,0.8490135501020368,-6.948524979468257,0.29,32.826514674871774,5.292184278708209,6.187403242508601,0deeb16e2638c6890b47f3519e7357f6
3.0,12.444875649473493,16.368641828819637,0.844845010115307,-7.4485249794682575,0.27,32.326514674871774,5.427452028973819,6.393285595449777,0deeb16e2638c6890b47f3519e7357f6
3.5,12.678252283402431,16.602137220841545,0.8403869288684842,-7.948524979468257,0.25,31.826514674871774,5.580958564689565,6.599167948390954,0deeb16e2638c6890b47f3519e7357f6
4.0,12.928252283402431,16.84723969316993,0.8356393063615687,-8.448524979468257,0.25,31.326514674871774,5.800958564689565,6.80505030133213,0deeb16e2638c6890b47f3519e7357f6
4.5,13.178252283402431,17.10345024428079,0.8306021425945602,-8.948524979468257,0.25,30.826514674871774,6.020958564689566,7.010932654273307,0deeb16e2638c6890b47f3519e7357f6
5.0,13.426929893703832,17.369511005570462,0.8252908542876465,-9.447202589769658,0.25,30.326514674871774,6.235669005895172,7.216815007214484,0deeb16e2638c6890b47f3519e7357f6
5.5,13.669787063197136,17.641047821255555,0.8197857161699844,-9.936359610883322,0.23,29.826514674871774,6.422847036514779,7.422697360155659,0deeb16e2638c6890b47f3519e7357f6
6.0,13.928648063715114,17.920005541675422,0.814041199976143,-10.420809674258214,0.22,29.326514674871774,6.638291038586684,7.628579713096836,0deeb16e2638c6890b47f3519e7357f6
6.5,14.195883853729649,18.203834292607763,0.808103875965665,-10.898964793857164,0.21,28.826514674871774,6.850911516982479,7.887877774364993,0deeb16e2638c6890b47f3519e7357f6
7.0,14.461512509841162,18.490857652367055,0.8020048434924667,-11.370464471586146,0.2,28.326514674871774,7.036910227898414,8.152583656717935,0deeb16e2638c6890b47f3519e7357f6
7.5,14.73175058671058,18.785294280146037,0.7956491438660525,-11.840464471586147,0.19,27.826514674871774,7.216910227898413,8.417289539070875,0deeb16e2638c6890b47f3519e7357f6
8.0,15.025031458253101,19.087502342194316,0.789021275455151,-12.310464471586148,0.16,27.326514674871774,7.449664137428552,8.682538916482548,0deeb16e2638c6890b47f3519e7357f6
8.5,15.337999115774949,19.397118603928256,0.7821212382597622,-12.780464471586146,0.14,26.826514674871774,7.721534767515949,9.006068328247252,0deeb16e2638c6890b47f3519e7357f6
9.0,15.684599793692517,19.713794018565928,0.7749490322798862,-13.250464471586147,0.12,26.326514674871774,8.06153476751595,9.37018039673432,0deeb16e2638c6890b47f3519e7357f6
9.5,16.038853094363205,20.035941344788693,0.7675337236976011,-13.717386586067862,0.11,25.826514674871774,8.389223225442812,9.75253333791079,0deeb16e2638c6890b47f3519e7357f6
10.0,16.396734308691443,20.363664507103845,0.7598667368063685,-14.182386586067862,0.1,25.326514674871774,8.709223225442813,10.134886279087262,0deeb16e2638c6890b47f3519e7357f6
10.5,16.758860606782406,20.693522852100255,0.7520241898806976,-14.64240686872196,0.09,24.826514674871774,9.009304356059193,10.52962754636297,0deeb16e2638c6890b47f3519e7357f6
11.0,17.125303275502578,21.027407895718795,0.7439575733958503,-15.09884953744213,0.09,24.326514674871774,9.295075030939868,10.970804016951206,0deeb16e2638c6890b47f3519e7357f6
11.5,17.490303275502576,21.36605327032532,0.7356440623250422,-15.55384953744213,0.09,23.826514674871774,9.575075030939868,11.411980487539441,0deeb16e2638c6890b47f3519e7357f6
12.0,17.86210952183138,21.70989594373546,0.7270670687075496,-16.008849537442128,0.08,23.326514674871774,9.855075030939869,11.853156958127677,0deeb16e2638c6890b47f3519e7357f6
12.5,18.242967632961044,22.05869287662493,0.7182265925433724,-16.46384953744213,0.07,22.826514674871774,10.135075030939868,12.32879290594922,0deeb16e2638c6890b47f3519e7357f6
13.0,18.62796763296104,22.41221276364085,0.7091226338325107,-16.918849537442128,0.07,22.326514674871774,10.415075030939867,12.82879290594922,0deeb16e2638c6890b47f3519e7357f6
13.5,19.012967632961043,22.770235626803423,0.6997551925749645,-17.37384953744213,0.07,21.826514674871774,10.69507503093987,13.32879290594922,0deeb16e2638c6890b47f3519e7357f6
14.0,19.399668367985882,23.13255238916774,0.690124268770734,-17.828849537442128,0.06,21.326514674871774,10.97507503093987,13.82879290594922,0deeb16e2638c6890b47f3519e7357f6
14.5,19.79453345830857,23.498901245421436,0.6802315821981757,-18.28371462776482,0.06,20.826514674871774,11.254535392230624,14.32879290594922,0deeb16e2638c6890b47f3519e7357f6
15.0,20.184533458308568,23.866861426878774,0.6701389182079329,-18.73371462776482,0.06,20.326514674871774,11.514535392230624,14.82879290594922,0deeb16e2638c6890b47f3519e7357f6
15.5,20.57453345830857,24.23851870468983,0.6597856670836066,-19.183714627764818,0.06,19.826514674871774,11.774535392230623,15.328792905949218,0deeb16e2638c6890b47f3519e7357f6
16.0,20.96453345830857,24.61370560532005,0.6491718288251969,-19.633714627764817,0.06,19.326514674871774,12.034535392230623,15.828792905949218,0deeb16e2638c6890b47f3519e7357f6
16.5,21.35453345830857,24.992263167891146,0.6382974034327036,-20.08371462776482,0.06,18.826514674871774,12.294535392230623,16.328792905949218,0deeb16e2638c6890b47f3519e7357f6
17.0,21.74453345830857,25.374040531237693,0.6271623909061267,-20.53371462776482,0.06,18.326514674871774,12.554535392230623,16.828792905949218,0deeb16e2638c6890b47f3519e7357f6
17.5,22.13453345830857,25.758894531960372,0.6157667912454663,-20.983714627764815,0.06,17.826514674871774,12.814535392230622,17.328792905949218,0deeb16e2638c6890b47f3519e7357f6
18.0,22.524533458308568,26.146689315024624,0.6041106044507223,-21.433714627764815,0.06,17.326514674871774,13.074535392230622,17.828792905949218,0deeb16e2638c6890b47f3519e7357f6
18.5,22.920794626826513,26.53729595803211,0.5921938305218949,-21.883714627764817,0.05,16.826514674871774,13.359580066302406,18.328792905949218,0deeb16e2638c6890b47f3519e7357f6
19.0,23.320794626826515,26.930592109939813,0.5800164694589836,-22.333714627764817,0.05,16.326514674871774,13.659580066302405,18.828792905949218,0deeb16e2638c6890b47f3519e7357f6
19.5,23.72079462682651,27.326461644708363,0.567578521261989,-22.783714627764816,0.05,15.826514674871774,13.959580066302406,19.328792905949218,0deeb16e2638c6890b47f3519e7357f6
20.0,24.11565000345984,27.720687664390628,0.5550118407396257,-23.228570004398144,0.05,15.326514674871774,14.23900157283571,19.828792905949218,0deeb16e2638c6890b47f3519e7357f6
0.0,11.776911953214391,15.544511008504161,0.8600752352734062,-5.435625016897424,0.36,31.727659763560766,4.996211848175808,6.216362395192631,3c2882f820494904f23ff90c476cf30a
0.5,11.929010561298417,15.726329753327844,0.8567827892097906,-5.935625016897424,0.33,31.227659763560766,4.976211848175809,6.278069036206366,3c2882f820494904f23ff90c476cf30a
1.0,12.105760527810538,15.921779816568938,0.8532008018860822,-6.435625016897424,0.32,30.727659763560766,4.956211848175808,6.366304330324013,3c2882f820494904f23ff90c476cf30a
1.5,12.295050414030161,16.130365697782533,0.8493292733022809,-6.935625016897424,0.3,30.227659763560766,4.9733713930542915,6.45453962444166,3c2882f820494904f23ff90c476cf30a
2.0,12.49580361919359,16.35158471100269,0.8451682034583868,-7.435625016897425,0.29,29.727659763560766,5.036384213708003,6.542774918559307,3c2882f820494904f23ff90c476cf30a
2.5,12.712860612726832,16.584931340768172,0.8407175923543999,-7.935625016897425,0.28,29.227659763560766,5.136384213708003,6.672521939343084,3c2882f820494904f23ff90c476cf30a
3.0,12.939747804175022,16.829901146319656,0.8359774399903201,-8.435625016897426,0.27,28.727659763560766,5.2639329795007646,6.819580762872496,3c2882f820494904f23ff90c476cf30a
3.5,13.17054967055423,17.08599419442103,0.8309477463661477,-8.935625016897426,0.26,28.227659763560766,5.403932979500764,6.971356447456091,3c2882f820494904f23ff90c476cf30a
4.0,13.420532645035525,17.352718018474413,0.8256285114818822,-9.435625016897426,0.25,27.727659763560766,5.543932979500764,7.235962179698993,3c2882f820494904f23ff90c476cf30a
4.5,13.681073641955273,17.629590115643186,0.820019735337524,-9.935625016897426,0.23,27.227659763560766,5.726096967179753,7.500668062051934,3c2882f820494904f23ff90c476cf30a
5.0,13.954552548717738,17.915838314564525,0.8141276779013202,-10.43495221176068,0.21,26.727659763560766,5.960012594229624,7.765373944404875,3c2882f820494904f23ff90c476cf30a
5.5,14.236316061124448,18.20752419985537,0.8080260736025934,-10.926715724167389,0.21,26.227659763560766,6.227066643856466,8.030079826757815,3c2882f820494904f23ff90c476cf30a
6.0,14.515382268679886,18.504595224443527,0.8017105377148928,-11.41434278205305,0.2,25.727659763560766,6.477574875399115,8.294785709110757,3c2882f820494904f23ff90c476cf30a
6.5,14.800355111215895,18.804637385564003,0.7952280894848393,-11.89434278205305,0.19,25.227659763560766,6.717466245543149,8.559491591463697,3c2882f820494904f23ff90c476cf30a
7.0,15.08626898276355,19.110560170436898,0.7885112402071996,-12.370256653600704,0.19,24.727659763560766,6.9611217317337655,8.824197473816639,3c2882f820494904f23ff90c476cf30a
7.5,15.377929916484018,19.423472055260614,0.7815288040964471,-12.845256653600705,0.17,24.227659763560766,7.201121731733765,9.088903356169581,3c2882f820494904f23ff90c476cf30a
8.0,15.688722210612102,19.741674986133088,0.7743120087016918,-13.315977826071018,0.15,23.727659763560766,7.424006421615027,9.39769947323335,3c2882f820494904f23ff90c476cf30a
8.5,16.02487013827244,20.066257974126216,0.7668296962989076,-13.785977826071019,0.12,23.227659763560766,7.708598132256381,9.721228884998057,3c2882f820494904f23ff90c476cf30a
9.0,16.38029784848282,20.39719801615543,0.7590752151116361,-14.25597782607102,0.11,22.727659763560766,8.048598132256382,10.044758296762764,3c2882f820494904f23ff90c476cf30a
9.5,16.740297848482818,20.734190718142965,0.7510485651398774,-14.725977826071018,0.11,22.227659763560766,8.388598132256382,10.368287708527468,3c2882f820494904f23ff90c476cf30a
10.0,17.109782221730836,21.07680247898478,0.7427532439402842,-15.195601223489305,0.1,21.727659763560766,8.727091721929526,10.749822860467035,3c2882f820494904f23ff90c476cf30a
10.5,17.47574728969479,21.42311144445709,0.7342302487914383,-15.660601223489305,0.09,21.227659763560766,9.047091721929526,11.13785267201973,3c2882f820494904f23ff90c476cf30a
11.0,17.856189820007558,21.774590815561098,0.7254379802707062,-16.125601223489305,0.08,20.727659763560766,9.367091721929526,11.579029142607965,3c2882f820494904f23ff90c476cf30a
11.5,18.235699745804762,22.127656188608995,0.7164619908756944,-16.58511114928651,0.08,20.227659763560766,9.665131425118354,12.0202056131962,3c2882f820494904f23ff90c476cf30a
12.0,18.610699745804762,22.482788518121424,0.7072878116850441,-17.040111149286513,0.08,19.727659763560766,9.945131425118355,12.461382083784436,3c2882f820494904f23ff90c476cf30a
12.5,18.985699745804762,22.84235956944595,0.6978501499477093,-17.49511114928651,0.08,19.227659763560766,10.225131425118354,12.902558554372671,3c2882f820494904f23ff90c476cf30a
13.0,19.3622562346963,23.20616301436206,0.6881490056636902,-17.950111149286514,0.07,18.727659763560766,10.505131425118355,13.352890841969952,3c2882f820494904f23ff90c476cf30a
13.5,19.753000840080063,23.57400290571018,0.6781843788329864,-18.405111149286512,0.06,18.227659763560766,10.785131425118356,13.852890841969952,3c2882f820494904f23ff90c476cf30a
14.0,20.144557244355966,23.94408651852556,0.6680008269259952,-18.856667553562417,0.06,17.727659763560766,11.051357042221975,14.352890841969952,3c2882f820494904f23ff90c476cf30a
14.5,20.53455724435597,24.317091659164337,0.6575763759115338,-19.306667553562416,0.06,17.227659763560766,11.311357042221976,14.852890841969952,3c2882f820494904f23ff90c476cf30a
15.0,20.924557244355974,24.693574352729136,0.646891337762989,-19.75666755356242,0.06,16.727659763560766,11.571357042221976,15.352890841969952,3c2882f820494904f23ff90c476cf30a
15.5,21.31455724435597,25.073377950873006,0.6359457124803606,-20.20666755356242,0.06,16.227659763560766,11.831357042221976,15.852890841969952,3c2882f820494904f23ff90c476cf30a
16.0,21.704557244355968,25.45635381237633,0.6247395000636486,-20.65666755356242,0.06,15.727659763560766,12.091357042221976,16.352890841969952,3c2882f820494904f23ff90c476cf30a
16.5,22.09455724435597,25.84236090171425,0.6132727005128531,-21.106667553562424,0.06,15.227659763560766,12.351357042221975,16.852890841969952,3c2882f820494904f23ff90c476cf30a
17.0,22.48455724435597,26.231265400815342,0.6015453138279739,-21.556667553562423,0.06,14.727659763560766,12.611357042221975,17.352890841969952,3c2882f820494904f23ff90c476cf30a
17.5,22.87455724435597,26.62294033501135,0.5895573400090115,-22.006667553562423,0.06,14.227659763560766,12.871357042221975,17.852890841969952,3c2882f820494904f23ff90c476cf30a
18.0,23.264874809083718,27.0172652138431,0.5773087790559654,-22.456667553562426,0.05,13.727659763560766,13.131357042221975,18.352890841969952,3c2882f820494904f23ff90c476cf30a
18.5,23.664874809083717,27.41412568711063,0.5647996309688357,-22.906667553562425,0.05,13.227659763560766,13.391357042221976,18.852890841969952,3c2882f820494904f23ff90c476cf30a
19.0,24.06487480908372,27.813413216328943,0.5520298957476224,-23.35666755356242,0.05,12.727659763560766,13.651357042221976,19.352890841969952,3c2882f820494904f23ff90c476cf30a
19.5,24.47054030470545,28.212290740058403,0.5390889104761672,-23.80392609048636,0.04,12.227659763560766,13.934019024708908,19.852890841969952,3c2882f820494904f23ff90c476cf30a
20.0,24.87554030470545,28.61118268950222,0.5259631793320865,-24.24892609048636,0.04,11.727659763560766,14.214019024708907,20.352890841969952,3c2882f820494904f23ff90c476cf30a
0.0,12.010717841136511,15.8241536577686,0.8549955138565927,-5.585126908383427,0.36,31.465305365808987,5.038294181294722,6.070981465092177,f951d3d7c36fb14d1bd64d7ce9cdcf76
0.5,12.150717841136512,16.00746594227377,0.8516164938608828,-6.085126908383427,0.36,30.965305365808987,5.0182941812947215,6.041569700386295,f951d3d7c36fb14d1bd64d7ce9cdcf76
1.0,12.30606846552017,16.204138138186746,0.8479479326050802,-6.585126908383427,0.32,30.465305365808987,5.009878483104024,6.085419988217666,f951d3d7c36fb14d1bd64d7ce9cdcf76
1.5,12.48950269872152,16.41369000894746,0.8439898300891847,-7.085126908383427,0.31,29.965305365808987,5.069878483104024,6.173655282335313,f951d3d7c36fb14d1bd64d7ce9cdcf76
2.0,12.701188279262217,16.635634842656444,0.8397421863131964,-7.585126908383427,0.28,29.465305365808987,5.152455779948341,6.299252029156318,f951d3d7c36fb14d1bd64d7ce9cdcf76
2.5,12.921188279262218,16.869483499105375,0.8352050012771153,-8.085126908383426,0.28,28.965305365808987,5.252455779948341,6.4463108526857305,f951d3d7c36fb14d1bd64d7ce9cdcf76
3.0,13.150504572266684,17.114748038898263,0.8303782749809412,-8.585126908383426,0.27,28.465305365808987,5.38972095196621,6.593369676215142,f951d3d7c36fb14d1bd64d7ce9cdcf76
3.5,13.385687888418145,17.370944917975972,0.8252620074246745,-9.085126908383426,0.26,27.965305365808987,5.52972095196621,6.7709185947531365,f951d3d7c36fb14d1bd64d7ce9cdcf76
4.0,13.630570412591076,17.637597746057672,0.8198561986083148,-9.585126908383426,0.25,27.465305365808987,5.66972095196621,7.00552167812332,f951d3d7c36fb14d1bd64d7ce9cdcf76
4.5,13.885967186371253,17.91423961992588,0.8141608485318623,-10.085126908383426,0.23,26.965305365808987,5.831308047086918,7.270227560476261,f951d3d7c36fb14d1bd64d7ce9cdcf76
5.0,14.15863828500355,18.196846212883035,0.8082511776828338,-10.577819999185596,0.21,26.465305365808987,6.032731354351536,7.534933442829202,f951d3d7c36fb14d1bd64d7ce9cdcf76
5.5,14.442038017579478,18.486969251191535,0.8020881066558231,-11.067819999185597,0.2,25.965305365808987,6.26633028465525,7.799639325182143,f951d3d7c36fb14d1bd64d7ce9cdcf76
6.0,14.73558097455306,18.78520939708464,0.795650990617753,-11.556632921610394,0.19,25.465305365808987,6.5405021125495795,8.064345207535084,f951d3d7c36fb14d1bd64d7ce9cdcf76
6.5,15.028682829232112,19.08803663593723,0.7890094639370095,-12.039734776289446,0.19,24.965305365808987,6.812909531265795,8.329051089888026,f951d3d7c36fb14d1bd64d7ce9cdcf76
7.0,15.313752124311318,19.39308007840263,0.7822119545521347,-12.514804071368653,0.19,24.465305365808987,7.053186711582612,8.593756972240968,f951d3d7c36fb14d1bd64d7ce9cdcf76
7.5,15.605071613379131,19.704335520195485,0.7751649352722187,-12.987444951284706,0.18,23.965305365808987,7.318464667853869,8.858462854593908,f951d3d7c36fb14d1bd64d7ce9cdcf76
8.0,15.90693798483065,20.021320716768965,0.7678728705145297,-13.457444951284707,0.16,23.465305365808987,7.60509685236023,9.12316873694685,f951d3d7c36fb14d1bd64d7ce9cdcf76
8.5,16.21693798483065,20.34491897735174,0.7603086369723533,-13.927444951284706,0.16,22.965305365808987,7.90509685236023,9.38787461929979,f951d3d7c36fb14d1bd64d7ce9cdcf76
9.0,16.531625845208918,20.67481978509829,0.7524722346456897,-14.397444951284706,0.13,22.465305365808987,8.220188145879138,9.652580501652732,f951d3d7c36fb14d1bd64d7ce9cdcf76
9.5,16.87673953397142,21.010726262972835,0.7443636635345388,-14.867444951284705,0.12,21.965305365808987,8.560188145879138,9.917286384005672,f951d3d7c36fb14d1bd64d7ce9cdcf76
10.0,17.230153374240313,21.35127893113847,0.736009533090815,-15.334622789179166,0.11,21.465305365808987,8.888899497456977,10.218674633267032,f951d3d7c36fb14d1bd64d7ce9cdcf76
10.5,17.582586052321645,21.693382349248687,0.7274821227088053,-15.795568010712882,0.1,20.965305365808987,9.192680383591844,10.542204045031738,f951d3d7c36fb14d1bd64d7ce9cdcf76
11.0,17.95344686238939,22.039283431912025,0.7187222392517929,-16.254158367716986,0.08,20.465305365808987,9.487041811608272,10.937912592464917,f951d3d7c36fb14d1bd64d7ce9cdcf76
11.5,18.32844686238939,22.388427201567083,0.7097397090319565,-16.709158367716988,0.08,19.965305365808987,9.767041811608271,11.379089063053152,f951d3d7c36fb14d1bd64d7ce9cdcf76
12.0,18.70344686238939,22.742214732245973,0.7004936962654355,-17.164158367716986,0.08,19.465305365808987,10.047041811608272,11.820265533641388,f951d3d7c36fb14d1bd64d7ce9cdcf76
12.5,19.080103430497225,23.100432664677577,0.69098420095223,-17.619158367716988,0.06,18.965305365808987,10.327041811608272,12.27100775786828,f951d3d7c36fb14d1bd64d7ce9cdcf76
13.0,19.475103430497224,23.46287807714603,0.6812112230923401,-18.07415836771699,0.06,18.465305365808987,10.607041811608271,12.77100775786828,f951d3d7c36fb14d1bd64d7ce9cdcf76
13.5,19.870103430497224,23.829358070051672,0.6711747626857656,-18.529158367716988,0.06,17.965305365808987,10.887041811608272,13.27100775786828,f951d3d7c36fb14d1bd64d7ce9cdcf76
14.0,20.26044528399499,24.197527050145457,0.6609354201715514,-18.979500221214757,0.06,17.465305365808987,11.148409225599337,13.77100775786828,f951d3d7c36fb14d1bd64d7ce9cdcf76
14.5,20.65044528399499,24.569184267365,0.6504398389063447,-19.429500221214756,0.06,16.965305365808987,11.408409225599337,14.27100775786828,f951d3d7c36fb14d1bd64d7ce9cdcf76
15.0,21.040445283994995,24.9443243200723,0.6396836705070548,-19.879500221214755,0.06,16.465305365808987,11.668409225599337,14.77100775786828,f951d3d7c36fb14d1bd64d7ce9cdcf76
15.5,21.430445283994995,25.322792421179884,0.628666914973681,-20.329500221214754,0.06,15.965305365808987,11.928409225599337,15.27100775786828,f951d3d7c36fb14d1bd64d7ce9cdcf76
16.0,21.820445283994996,25.704441566145338,0.6173895723062237,-20.779500221214757,0.06,15.465305365808987,12.188409225599337,15.77100775786828,f951d3d7c36fb14d1bd64d7ce9cdcf76
16.5,22.210445283994996,26.089132152078093,0.6058516425046829,-21.229500221214757,0.06,14.965305365808987,12.448409225599336,16.27100775786828,f951d3d7c36fb14d1bd64d7ce9cdcf76
17.0,22.600445283994997,26.476731608523913,0.5940531255690589,-21.679500221214756,0.06,14.465305365808987,12.708409225599336,16.77100775786828,f951d3d7c36fb14d1bd64d7ce9cdcf76
17.5,22.990445283994994,26.867114040979995,0.5819940214993509,-22.12950022121476,0.06,13.965305365808987,12.968409225599338,17.27100775786828,f951d3d7c36fb14d1bd64d7ce9cdcf76
18.0,23.380445283994995,27.260159887870046,0.5696743302955596,-22.579500221214754,0.06,13.465305365808987,13.228409225599338,17.77100775786828,f951d3d7c36fb14d1bd64d7ce9cdcf76
18.5,23.771296863113935,27.655755591439807,0.5570940519576845,-23.029500221214754,0.05,12.965305365808987,13.488409225599337,18.27100775786828,f951d3d7c36fb14d1bd64d7ce9cdcf76
19.0,24.171296863113934,28.05379328281059,0.5442531864857261,-23.479500221214753,0.05,12.465305365808987,13.748409225599337,18.77100775786828,f951d3d7c36fb14d1bd64d7ce9cdcf76
19.5,24.56959699682597,28.453329024303653,0.5311794633681195,-23.927800354926788,0.05,11.965305365808987,14.00160976044748,19.27100775786828,f951d3d7c36fb14d1bd64d7ce9cdcf76
20.0,24.9660950315931,28.85068822227653,0.517993593205297,-24.369680951961815,0.04,11.465305365808987,14.247601899515994,19.77100775786828,f951d3d7c36fb14d1bd64d7ce9cdcf76
0.0,11.483471855082149,15.203089981884707,0.8661543726305199,-4.290510142241774,0.38,34.95661579102182,5.060135455154121,5.806554429955882,eeeefa670b6d89d0ddd596f918c699de
0.5,11.60532176034443,15.35169225654048,0.863525042574422,-4.790510142241774,0.37,34.45661579102182,5.040135455154122,5.846847990322245,eeeefa670b6d89d0ddd596f918c699de
1.0,11.73532176034443,15.514991630090124,0.8606061712582312,-5.290510142241774,0.37,33.95661579102182,5.020135455154121,5.935083284439892,eeeefa670b6d89d0ddd596f918c699de
1.5,11.876170593771269,15.692529287020893,0.8573977586819477,-5.790510142241774,0.35,33.45661579102182,5.0314455076747,6.023318578557539,eeeefa670b6d89d0ddd596f918c699de
2.0,12.045188580502991,15.883827799565514,0.8538998048455713,-6.290510142241774,0.32,32.95661579102182,5.093346420517189,6.161805393387529,eeeefa670b6d89d0ddd596f918c699de
2.5,12.22518858050299,16.088396306297653,0.850112309749102,-6.790510142241774,0.32,32.45661579102182,5.193346420517189,6.30886421691694,eeeefa670b6d89d0ddd596f918c699de
3.0,12.425942153911521,16.305735366757727,0.84603527339254,-7.290510142241775,0.28,31.956615791021818,5.332642720919445,6.484953766928635,eeeefa670b6d89d0ddd596f918c699de
3.5,12.648305163672106,16.535341423538117,0.8416686957758851,-7.790510142241775,0.27,31.456615791021818,5.472642720919445,6.690836119869812,eeeefa670b6d89d0ddd596f918c699de
4.0,12.878305163672104,16.776710825880542,0.8370125768991373,-8.290510142241775,0.27,30.956615791021818,5.612642720919444,6.8967184728109885,eeeefa670b6d89d0ddd596f918c699de
4.5,13.117054872007238,17.02934338949858,0.8320669167622968,-8.790510142241775,0.25,30.456615791021818,5.76581501751174,7.134698673911331,eeeefa670b6d89d0ddd596f918c699de
5.0,13.375171915788206,17.292549997406947,0.8268356305462676,-9.290172661364394,0.24,29.956615791021818,5.978283192635612,7.3994045562642725,eeeefa670b6d89d0ddd596f918c699de
5.5,13.634164405638224,17.561697091314468,0.8214033041481053,-9.781700908830958,0.23,29.456615791021818,6.164396182501865,7.664110438617214,eeeefa670b6d89d0ddd596f918c699de
6.0,13.913411794559076,17.83984040388013,0.8157012517703051,-10.271700908830958,0.19,28.956615791021818,6.401038710494813,7.958738420514934,eeeefa670b6d89d0ddd596f918c699de
6.5,14.207448937632293,18.123690835762535,0.8097898245992037,-10.755738051904178,0.19,28.456615791021818,6.677187282787689,8.28226783227964,eeeefa670b6d89d0ddd596f918c699de
7.0,14.494378922277143,18.410532441686367,0.8037213089011548,-11.232668036549025,0.19,27.956615791021818,6.924907221367079,8.605797244044346,eeeefa670b6d89d0ddd596f918c699de
7.5,14.785138594968501,18.704548216536935,0.7974021176904411,-11.707185191284946,0.17,27.456615791021818,7.176529963755955,8.929326655809051,eeeefa670b6d89d0ddd596f918c699de
8.0,15.0851385949685,19.004533911044494,0.7908514289810649,-12.177185191284945,0.17,26.956615791021818,7.436529963755955,9.252856067573758,eeeefa670b6d89d0ddd596f918c699de
8.5,15.391804073592427,19.31202978372095,0.7840285714872015,-12.647185191284946,0.15,26.456615791021818,7.703450638581468,9.576385479338464,eeeefa670b6d89d0ddd596f918c699de
9.0,15.712426119463224,19.626682846538536,0.7769335452088507,-13.117185191284946,0.14,25.956615791021818,8.003450638581468,9.903573984460795,eeeefa670b6d89d0ddd596f918c699de
9.5,16.049472770499673,19.948154419642307,0.7695663501460128,-13.587185191284945,0.13,25.456615791021818,8.331637242727261,10.285926925637266,eeeefa670b6d89d0ddd596f918c699de
10.0,16.386966662804618,20.27511588525405,0.7619505698864112,-14.05467908358989,0.13,24.956615791021818,8.661612811947043,10.668279866813736,eeeefa670b6d89d0ddd596f918c699de
10.5,16.72780225180258,20.60721968738313,0.754088262805674,-14.519679083589892,0.12,24.456615791021818,8.981612811947043,11.050632807990207,eeeefa670b6d89d0ddd596f918c699de
11.0,17.070473579152775,20.94336702947346,0.7460001481691287,-14.982350410940082,0.12,23.956615791021818,9.292298121347816,11.432985749166678,eeeefa670b6d89d0ddd596f918c699de
11.5,17.410361796460666,21.281145788275346,0.7377409585171748,-15.438436654375012,0.11,23.456615791021818,9.576643095087526,11.815338690343149,eeeefa670b6d89d0ddd596f918c699de
12.0,17.76555507934506,21.623669964097317,0.7292307984828705,-15.893436654375012,0.09,22.956615791021818,9.856643095087525,12.251548653951858,eeeefa670b6d89d0ddd596f918c699de
12.5,18.130555079345058,21.97120932881437,0.7204571559018818,-16.34843665437501,0.09,22.456615791021818,10.136643095087527,12.692725124540093,eeeefa670b6d89d0ddd596f918c699de
13.0,18.502158205297896,22.32352964978779,0.7114200307742087,-16.803436654375012,0.08,21.956615791021818,10.416643095087528,13.133901595128329,eeeefa670b6d89d0ddd596f918c699de
13.5,18.89096997241264,22.68040812417911,0.7021194230998509,-17.25843665437501,0.06,21.456615791021818,10.696643095087527,13.59878001975381,eeeefa670b6d89d0ddd596f918c699de
14.0,19.281057934862357,23.03923548419758,0.6926193085474961,-17.70852461682473,0.06,20.956615791021818,10.9569949448864,14.09878001975381,eeeefa670b6d89d0ddd596f918c699de
14.5,19.671057934862358,23.402134439258607,0.682859727038374,-18.158524616824728,0.06,20.456615791021818,11.216994944886402,14.59878001975381,eeeefa670b6d89d0ddd596f918c699de
15.0,20.061057934862358,23.768959189033886,0.6728395583951686,-18.60852461682473,0.06,19.956615791021818,11.476994944886401,15.09878001975381,eeeefa670b6d89d0ddd596f918c699de
15.5,20.45105793486236,24.139530764842615,0.6625588026178797,-19.05852461682473,0.06,19.456615791021818,11.736994944886401,15.59878001975381,eeeefa670b6d89d0ddd596f918c699de
16.0,20.841057934862356,24.513679245751906,0.6520174597065072,-19.50852461682473,0.06,18.956615791021818,11.996994944886401,16.098780019753807,eeeefa670b6d89d0ddd596f918c699de
16.5,21.231057934862356,24.891243335366607,0.641215529661051,-19.95852461682473,0.06,18.456615791021818,12.2569949448864,16.598780019753807,eeeefa670b6d89d0ddd596f918c699de
17.0,21.621057934862357,25.27206994682583,0.6301530124815113,-20.408524616824728,0.06,17.956615791021818,12.5169949448864,17.098780019753807,eeeefa670b6d89d0ddd596f918c699de
17.5,22.011057934862357,25.65601379821273,0.6188299081678883,-20.858524616824724,0.06,17.456615791021818,12.7769949448864,17.598780019753807,eeeefa670b6d89d0ddd596f918c699de
18.0,22.401057934862354,26.042937020061828,0.6072462167201815,-21.308524616824727,0.06,16.956615791021818,13.0369949448864,18.098780019753807,eeeefa670b6d89d0ddd596f918c699de
18.5,22.791057934862355,26.432708776206262,0.5954019381383913,-21.758524616824726,0.06,16.456615791021818,13.2969949448864,18.598780019753807,eeeefa670b6d89d0ddd596f918c699de
19.0,23.181057934862356,26.825204898836397,0.5832970724225175,-22.208524616824725,0.06,15.956615791021818,13.556994944886402,19.098780019753807,eeeefa670b6d89d0ddd596f918c699de
19.5,23.57154948676641,27.220307538332126,0.5709316195725601,-22.658524616824725,0.05,15.456615791021818,13.81896115250262,19.598780019753807,eeeefa670b6d89d0ddd596f918c699de
20.0,23.96894373585681,27.616571602553357,0.5583482232364525,-23.105918865915122,0.05,14.956615791021818,14.10853814886421,20.098780019753807,eeeefa670b6d89d0ddd596f918c699de
0.0,11.80775549884537,15.510341087109047,0.8606897239730996,-5.354345654533506,0.36,32.21089583374918,5.277148296611379,6.2761092283461455,35dc8d373e76d0045b3dcabaa65fe344
0.5,11.94775549884537,15.689965783678325,0.8574443453674807,-5.854345654533506,0.36,31.710895833749177,5.25714829661138,6.305520993052028,35dc8d373e76d0045b3dcabaa65fe344
1.0,12.094611840114453,15.883304818189762,0.8539094255017691,-6.354345654533506,0.33,31.210895833749177,5.250046336003361,6.33493275775791,35dc8d373e76d0045b3dcabaa65fe344
1.5,12.282816655852386,16.089863815522605,0.8500849643759647,-6.854345654533506,0.3,30.710895833749177,5.310046336003361,6.41885698347575,35dc8d373e76d0045b3dcabaa65fe344
2.0,12.491884725334858,16.30914048184628,0.8459709619900673,-7.354345654533506,0.28,30.210895833749177,5.383077282099009,6.565915807005162,35dc8d373e76d0045b3dcabaa65fe344
2.5,12.718925283415665,16.540629036137975,0.8415674183440772,-7.854345654533506,0.27,29.710895833749177,5.511239514422239,6.712974630534573,35dc8d373e76d0045b3dcabaa65fe344
3.0,12.957795344593116,16.78382419371891,0.8368743334379942,-8.354345654533507,0.26,29.210895833749177,5.6512395144222385,6.912210284519582,35dc8d373e76d0045b3dcabaa65fe344
3.5,13.197795344593116,17.03822467923808,0.8318917072718185,-8.854345654533507,0.26,28.710895833749177,5.791239514422239,7.118092637460759,35dc8d373e76d0045b3dcabaa65fe344
4.0,13.443833917001847,17.303336264279533,0.8266195398455498,-9.354345654533507,0.25,28.210895833749177,5.955393804057162,7.323974990401935,35dc8d373e76d0045b3dcabaa65fe344
4.5,13.694039324233506,17.578674339359743,0.8210578311591884,-9.854345654533507,0.24,27.710895833749177,6.13621543298379,7.529857343343112,35dc8d373e76d0045b3dcabaa65fe344
5.0,13.956226187173272,17.862766265375814,0.8152272651904647,-10.352575396975126,0.23,27.210895833749177,6.3491344027502645,7.759016875685158,35dc8d373e76d0045b3dcabaa65fe344
5.5,14.219134988750408,18.153363257605275,0.8091664839298964,-10.845484198552265,0.23,26.710895833749177,6.540769609058822,8.0237227580381,35dc8d373e76d0045b3dcabaa65fe344
6.0,14.480976015085187,18.45142492495161,0.802848413243753,-11.335484198552265,0.22,26.210895833749177,6.728133714397928,8.288428640391041,35dc8d373e76d0045b3dcabaa65fe344
6.5,14.761215586264925,18.75781346425211,0.7962465921227186,-11.825484198552266,0.2,25.710895833749177,6.972577059334302,8.553134522743981,35dc8d373e76d0045b3dcabaa65fe344
7.0,15.050513194888707,19.066998766553745,0.7894742938530146,-12.310490218132735,0.19,25.210895833749177,7.212601137656184,8.817840405096923,35dc8d373e76d0045b3dcabaa65fe344
7.5,15.346137624259274,19.38006600795066,0.7825041575388642,-12.787540032045234,0.17,24.710895833749177,7.446633464809834,9.09499539087431,35dc8d373e76d0045b3dcabaa65fe344
8.0,15.65619678360217,19.699094763482687,0.7752845180083828,-13.262062457286872,0.16,24.210895833749177,7.684723165776387,9.418524802639016,35dc8d373e76d0045b3dcabaa65fe344
8.5,15.969260157311796,20.023021674012092,0.7678334270532309,-13.732062457286872,0.15,23.710895833749177,7.904723165776387,9.760074059754453,35dc8d373e76d0045b3dcabaa65fe344
9.0,16.29681361298162,20.353340252038358,0.7601101673135917,-14.202062457286873,0.14,23.210895833749177,8.154936988455683,10.142427000930924,35dc8d373e76d0045b3dcabaa65fe344
9.5,16.648348277890747,20.689744364600827,0.7521147387894651,-14.672062457286872,0.11,22.710895833749177,8.467169502331604,10.524779942107395,35dc8d373e76d0045b3dcabaa65fe344
10.0,17.007314804509736,21.031316105190516,0.7438623871099208,-15.140433589024918,0.1,22.210895833749177,8.80065402928378,10.907132883283865,35dc8d373e76d0045b3dcabaa65fe344
10.5,17.372314804509735,21.37707161202092,0.7353713385738734,-15.605433589024917,0.1,21.710895833749177,9.12065402928378,11.289485824460336,35dc8d373e76d0045b3dcabaa65fe344
11.0,17.732917332810178,21.72490133455597,0.726689648137768,-16.066036117325357,0.1,21.210895833749177,9.423064142485542,11.671838765636807,35dc8d373e76d0045b3dcabaa65fe344
11.5,18.08791733281018,22.074756490469316,0.7178160562247913,-16.521036117325355,0.1,20.710895833749177,9.703064142485541,12.054191706813278,35dc8d373e76d0045b3dcabaa65fe344
12.0,18.450974745252424,22.429298032502988,0.70867898176513,-16.976036117325357,0.09,20.210895833749177,9.98306414248554,12.436544647989749,35dc8d373e76d0045b3dcabaa65fe344
12.5,18.8210770770866,22.788307228668124,0.6992784247587844,-17.431036117325355,0.08,19.710895833749177,10.263064142485542,12.848911305837866,35dc8d373e76d0045b3dcabaa65fe344
13.0,19.205399778877094,23.15157624148933,0.6896143852057541,-17.886036117325357,0.07,19.210895833749177,10.543064142485541,13.290087776426102,35dc8d373e76d0045b3dcabaa65fe344
13.5,19.590399778877092,23.518907682603345,0.6796868631060395,-18.341036117325356,0.07,18.710895833749177,10.823064142485542,13.731264247014337,35dc8d373e76d0045b3dcabaa65fe344
14.0,19.98331387295216,23.890114162559875,0.6694958584596404,-18.796036117325357,0.06,18.210895833749177,11.103064142485541,14.218994212161803,35dc8d373e76d0045b3dcabaa65fe344
14.5,20.37831387295216,24.265017840864434,0.6590413712665569,-19.251036117325356,0.06,17.710895833749177,11.38306414248554,14.718994212161803,35dc8d373e76d0045b3dcabaa65fe344
15.0,20.770294586747795,24.64208373959841,0.6483623945725951,-19.70301683112099,0.06,17.210895833749177,11.650986997668078,15.218994212161803,35dc8d373e76d0045b3dcabaa65fe344
15.5,21.160294586747806,25.021596828749786,0.6374478374855279,-20.153016831120993,0.06,16.710895833749177,11.91098699766808,15.718994212161803,35dc8d373e76d0045b3dcabaa65fe344
16.0,21.550294586747803,25.40429736661934,0.6262726932643772,-20.603016831120996,0.06,16.210895833749177,12.170986997668079,16.218994212161803,35dc8d373e76d0045b3dcabaa65fe344
16.5,21.940294586747804,25.79004345717051,0.6148369619091427,-21.053016831121,0.06,15.710895833749177,12.430986997668079,16.718994212161803,35dc8d373e76d0045b3dcabaa65fe344
17.0,22.334570726171187,26.178700471067394,0.6031406434198249,-21.503016831120995,0.05,15.210895833749177,12.690986997668078,17.218994212161803,35dc8d373e76d0045b3dcabaa65fe344
17.5,22.734570726171185,26.570140669273567,0.5911837377964234,-21.953016831120994,0.05,14.710895833749177,12.950986997668078,17.718994212161803,35dc8d373e76d0045b3dcabaa65fe344
18.0,23.132168644698915,26.962361313407452,0.5790250013117777,-22.400614749648724,0.05,14.210895833749177,13.201378671778992,18.218994212161803,35dc8d373e76d0045b3dcabaa65fe344
18.5,23.527168644698914,27.35510998596751,0.5666713674591413,-22.845614749648732,0.05,13.710895833749177,13.441378671778992,18.718994212161803,35dc8d373e76d0045b3dcabaa65fe344
19.0,23.922168644698914,27.75031814401464,0.5540600418850223,-23.29061474964873,0.05,13.210895833749177,13.681378671778992,19.218994212161803,35dc8d373e76d0045b3dcabaa65fe344
19.5,24.317168644698913,28.14788219109347,0.5411910245894206,-23.73561474964873,0.05,12.710895833749177,13.92137867177899,19.718994212161803,35dc8d373e76d0045b3dcabaa65fe344
20.0,24.713902435167412,28.545297506216194,0.5281438681192878,-24.178172244438674,0.04,12.210895833749177,14.16831383365296,20.2189942121618,35dc8d373e76d0045b3dcabaa65fe344
0.0,14.6748692146274,19.76963575328394,0.773672257698252,-7.471174610992932,0.34,41.544170725108174,6.618705137245805,10.84845062062645,6ee505ee8badf87432c58a78b38ea367
0.5,14.8348692146274,19.96395933747901,0.7692010604457247,-7.971174610992932,0.34,41.044170725108174,6.558705137245806,10.936685914744096,6ee505ee8badf87432c58a78b38ea367
1.0,15.003437313969577,20.168808766000744,0.7644403219331045,-8.471174610992932,0.33,40.544170725108174,6.532977534614519,11.024921208861743,6ee505ee8badf87432c58a78b38ea367
1.5,15.187147303768489,20.383866700174956,0.7593900421603915,-8.971174610992932,0.3,40.044170725108174,6.51534524680429,11.135184748502294,6ee505ee8badf87432c58a78b38ea367
2.0,15.3905610158897,20.608813557832345,0.7540502211275858,-9.471174610992932,0.29,39.544170725108174,6.549000095289135,11.282243572031705,6ee505ee8badf87432c58a78b38ea367
2.5,15.600728963422311,20.843329169604537,0.7484208588346871,-9.971174610992932,0.28,39.044170725108174,6.609000095289136,11.430290322223541,6ee505ee8badf87432c58a78b38ea367
3.0,15.825961628257478,21.08709428734742,0.7425019552816956,-10.471174610992934,0.27,38.544170725108174,6.689930754629794,11.636172675164717,6ee505ee8badf87432c58a78b38ea367
3.5,16.06349975048426,21.33979194121801,0.7362935104686115,-10.971174610992934,0.26,38.044170725108174,6.789930754629794,11.842055028105893,6ee505ee8badf87432c58a78b38ea367
4.0,16.3146168299515,21.600125683827038,0.7298201152205561,-11.468204401431656,0.24,37.544170725108174,6.878049916384685,12.04793738104707,6ee505ee8badf87432c58a78b38ea367
4.5,16.578684098442196,21.868039097243173,0.7230762913664378,-11.963204401431659,0.23,37.044170725108174,6.994318990347478,12.253819733988246,6ee505ee8badf87432c58a78b38ea367
5.0,16.843684098442196,22.143889413560295,0.7160458216648276,-12.458204401431658,0.23,36.544170725108174,7.114318990347478,12.459702086929424,6ee505ee8badf87432c58a78b38ea367
5.5,17.130089214915387,22.42738376987872,0.7087287061157255,-12.953204401431657,0.2,36.044170725108174,7.234318990347478,12.701679384124972,6ee505ee8badf87432c58a78b38ea367
6.0,17.42506951638022,22.71758499634857,0.7011420734568946,-13.446736224325265,0.19,35.544170725108174,7.354240196206805,12.966385266477914,6ee505ee8badf87432c58a78b38ea367
6.5,17.734016559758576,23.013265832789724,0.6933118723668266,-13.936736224325266,0.18,35.044170725108174,7.530028369720241,13.231091148830856,6ee505ee8badf87432c58a78b38ea367
7.0,18.044016559758575,23.31570587640383,0.6851979208418677,-14.426736224325266,0.18,34.544170725108174,7.7100283697202405,13.495797031183796,6ee505ee8badf87432c58a78b38ea367
7.5,18.351547571045817,23.622478997655833,0.6768594953581376,-14.910497454927503,0.17,34.044170725108174,7.8801524148691975,13.760502913536738,6ee505ee8badf87432c58a78b38ea367
8.0,18.661547571045816,23.934118146479065,0.668277204341533,-15.390497454927504,0.17,33.544170725108174,8.060152414869197,14.025208795889679,6ee505ee8badf87432c58a78b38ea367
8.5,18.978382503481885,24.251649612027343,0.6594169537152395,-15.870497454927504,0.16,33.044170725108174,8.267492144613477,14.28991467824262,6ee505ee8badf87432c58a78b38ea367
9.0,19.298436235870096,24.572262881716718,0.650352230922246,-16.345089469866494,0.15,32.544170725108174,8.487707074166316,14.554620560595561,6ee505ee8badf87432c58a78b38ea367
9.5,19.626634660917272,24.894702099002103,0.6411158129148491,-16.815089469866496,0.14,32.044170725108174,8.707707074166315,14.867552472637763,6ee505ee8badf87432c58a78b38ea367
10.0,19.956634660917274,25.22233696682221,0.6316072261229647,-17.285089469866495,0.14,31.544170725108174,8.927707074166316,15.191081884402468,6ee505ee8badf87432c58a78b38ea367
10.5,20.286634660917272,25.554967648928706,0.6218264705465932,-17.755089469866494,0.14,31.044170725108174,9.147707074166316,15.514611296167175,6ee505ee8badf87432c58a78b38ea367
11.0,20.612818329247666,25.890711552718653,0.6118242253462107,-18.220805420195408,0.13,30.544170725108174,9.350570875481958,15.838140707931881,6ee505ee8badf87432c58a78b38ea367
11.5,20.949909190093937,26.230750086992828,0.6015609689774639,-18.685805420195408,0.12,30.044170725108174,9.558934318867019,16.161670119696588,6ee505ee8badf87432c58a78b38ea367
12.0,21.297952698379312,26.575186839352032,0.5910284392368308,-19.150805420195407,0.11,29.544170725108174,9.798934318867019,16.48519953146129,6ee505ee8badf87432c58a78b38ea367
12.5,21.654818380229063,26.922467707006216,0.5802698319347375,-19.611271785950056,0.09,29.044170725108174,10.045966595935118,16.808728943225997,6ee505ee8badf87432c58a78b38ea367
13.0,22.024818380229064,27.273623507351253,0.5692491551065912,-20.071271785950056,0.09,28.544170725108174,10.305966595935118,17.132258354990704,6ee505ee8badf87432c58a78b38ea367
13.5,22.39533237525856,27.628641135725307,0.5579621003191597,-20.531271785950057,0.08,28.044170725108174,10.565966595935118,17.45578776675541,6ee505ee8badf87432c58a78b38ea367
14.0,22.775332375258557,27.987373631561837,0.5464086675724427,-20.99127178595005,0.08,27.544170725108174,10.825966595935117,17.779317178520117,6ee505ee8badf87432c58a78b38ea367
14.5,23.154773347075952,28.349363915712434,0.5345992341138563,-21.450712757767448,0.08,27.044170725108174,11.08373048320469,18.102846590284823,6ee505ee8badf87432c58a78b38ea367
15.0,23.529773347075952,28.712273458980324,0.5226074700815475,-21.905712757767446,0.08,26.544170725108174,11.32373048320469,18.426376002049526,6ee505ee8badf87432c58a78b38ea367
15.5,23.904773347075952,29.078477607004004,0.5103522235025542,-22.360712757767445,0.08,26.044170725108174,11.563730483204692,18.749905413814233,6ee505ee8badf87432c58a78b38ea367
16.0,24.279773347075952,29.447853448066482,0.4978334943768765,-22.815712757767447,0.08,25.544170725108174,11.803730483204692,19.07343482557894,6ee505ee8badf87432c58a78b38ea367
16.5,24.66372082573839,29.820283121670194,0.48505128270451436,-23.270712757767445,0.07,25.044170725108174,12.07952039785446,19.396964237343646,6ee505ee8badf87432c58a78b38ea367
17.0,25.050331740714125,30.195653631182346,0.4720055884854677,-23.725712757767447,0.06,24.544170725108174,12.35952039785446,19.720493649108352,6ee505ee8badf87432c58a78b38ea367
17.5,25.44295858438079,30.57221438259439,0.45875456244333024,-24.176239236078263,0.05,24.044170725108174,12.62162631109774,20.04402306087306,6ee505ee8badf87432c58a78b38ea367
18.0,25.840720432428096,30.94975005031478,0.4453043656701352,-24.624001084125574,0.05,23.544170725108174,12.87267370328698,20.36755247263776,6ee505ee8badf87432c58a78b38ea367
18.5,26.235720432428096,31.327999126357966,0.4316632076555834,-25.069001084125574,0.05,23.044170725108174,13.11267370328698,20.691081884402468,6ee505ee8badf87432c58a78b38ea367
19.0,26.6307204324281,31.708753213351212,0.41776435791954936,-25.514001084125574,0.05,22.544170725108174,13.35267370328698,21.014611296167175,6ee505ee8badf87432c58a78b38ea367
19.5,27.029489251235958,32.091923149436475,0.40360781646203236,-25.959001084125575,0.04,22.044170725108174,13.59267370328698,21.33814070793188,6ee505ee8badf87432c58a78b38ea367
20.0,27.43448925123596,32.47742342787466,0.389193583283033,-26.404001084125575,0.04,21.544170725108174,13.83267370328698,21.661670119696588,6ee505ee8badf87432c58a78b38ea367
0.0,11.487019709151857,15.10144166034484,0.8679381811916784,-3.5800099828472485,0.4,36.85078028740939,5.138446337590137,5.894632749170812,55b290c9608fdc047ee0afe964799985
0.5,11.595865484438878,15.227723080081471,0.865720289358475,-4.080009982847249,0.39,36.35078028740939,5.118446337590137,5.917254956741517,55b290c9608fdc047ee0afe964799985
1.0,11.708038831602464,15.369240716004585,0.8632128562651789,-4.580009982847249,0.37,35.85078028740939,5.099321287509498,5.95816442546943,55b290c9608fdc047ee0afe964799985
1.5,11.842256956941176,15.5255779335051,0.8604158819117896,-5.08000998284725,0.36,35.35078028740939,5.136193788864352,6.046399719587078,55b290c9608fdc047ee0afe964799985
2.0,11.991696369986656,15.696291923641954,0.8573293662983078,-5.58000998284725,0.35,34.85078028740939,5.2339514410462655,6.134635013704725,55b290c9608fdc047ee0afe964799985
2.5,12.141696369986654,15.88091905826092,0.8539533094247331,-6.08000998284725,0.35,34.35078028740939,5.333951441046265,6.2228703078223715,55b290c9608fdc047ee0afe964799985
3.0,12.30284380868972,16.07898007082172,0.8502877112910655,-6.58000998284725,0.32,33.85078028740939,5.445476332981127,6.311105601940019,55b290c9608fdc047ee0afe964799985
3.5,12.492311536964351,16.289984963183038,0.8463325718973052,-7.08000998284725,0.31,33.35078028740939,5.585476332981127,6.4550334153201945,55b290c9608fdc047ee0afe964799985
4.0,12.684485895874232,16.513437561076636,0.842087891243452,-7.58000998284725,0.28,32.85078028740939,5.725476332981128,6.613394028593535,55b290c9608fdc047ee0afe964799985
4.5,12.905646344772022,16.748238125334797,0.837565337705338,-8.079007519337399,0.27,32.35078028740939,5.870118128572288,6.878099910946476,55b290c9608fdc047ee0afe964799985
5.0,13.149496453493418,16.99205660955305,0.8328015109987138,-8.5740075193374,0.24,31.850780287409393,6.087093378045036,7.142805793299417,55b290c9608fdc047ee0afe964799985
5.5,13.39975561643703,17.244517806975384,0.8277962653375268,-9.064266682281012,0.24,31.350780287409393,6.308130029819486,7.4075116756523585,55b290c9608fdc047ee0afe964799985
6.0,13.657465702833246,17.5072141481024,0.8225097325081657,-9.554258550620801,0.22,30.850780287409393,6.558970375404344,7.6722175580053,55b290c9608fdc047ee0afe964799985
6.5,13.917699760917142,17.77220217450766,0.8170961083966184,-10.034492608704696,0.22,30.350780287409393,6.819906607739925,7.936923440358241,55b290c9608fdc047ee0afe964799985
7.0,14.181483800834956,18.043646048963595,0.8114662724155434,-10.509492608704697,0.21,29.850780287409393,7.059906607739924,8.201629322711183,55b290c9608fdc047ee0afe964799985
7.5,14.448348502780389,18.32344668377164,0.8055737975970959,-10.983162603419908,0.2,29.350780287409393,7.294586586600761,8.466335205064123,55b290c9608fdc047ee0afe964799985
8.0,14.72487850678932,18.61012791402686,0.7994423777125721,-11.453162603419907,0.17,28.850780287409393,7.524707023671437,8.73284348482672,55b290c9608fdc047ee0afe964799985
8.5,15.029037898895375,18.904894170025436,0.7930387890435608,-11.923162603419907,0.16,28.350780287409393,7.784707023671436,9.056372896591427,55b290c9608fdc047ee0afe964799985
9.0,15.341842451135246,19.20737322444903,0.7863630315900624,-12.393162603419908,0.15,27.850780287409393,8.055925232630925,9.379902308356133,55b290c9608fdc047ee0afe964799985
9.5,15.673995012719864,19.517206480096007,0.7794151053520766,-12.863162603419907,0.13,27.350780287409393,8.392174033747947,9.721610316034731,55b290c9608fdc047ee0afe964799985
10.0,16.009275306197125,19.83208936352374,0.7722400298651435,-13.32844289689717,0.13,26.850780287409393,8.71329520765699,10.103963257211202,55b290c9608fdc047ee0afe964799985
10.5,16.34591440932396,20.153478891240805,0.7647982734656463,-13.79344289689717,0.12,26.350780287409393,9.033295207656991,10.495957981486708,55b290c9608fdc047ee0afe964799985
11.0,16.69939881250816,20.481124621114812,0.7570885110574443,-14.258333528157248,0.11,25.850780287409393,9.35285773269731,10.987686051628584,55b290c9608fdc047ee0afe964799985
11.5,17.048512379185055,20.811687938056576,0.749184098885608,-14.717447094834142,0.11,25.350780287409393,9.649311999404885,11.487686051628584,55b290c9608fdc047ee0afe964799985
12.0,17.393512379185054,21.14477008448859,0.7410914513024702,-15.172447094834142,0.11,24.850780287409393,9.929311999404884,11.987686051628584,55b290c9608fdc047ee0afe964799985
12.5,17.742671035005866,21.483278358312024,0.732735321172648,-15.627447094834142,0.1,24.350780287409393,10.209311999404884,12.487686051628584,55b290c9608fdc047ee0afe964799985
13.0,18.107186433343813,21.82696030407239,0.7241157084961413,-16.08244709483414,0.09,23.850780287409393,10.489311999404885,12.987686051628584,55b290c9608fdc047ee0afe964799985
13.5,18.472186433343815,22.1755753749567,0.7152326132729501,-16.537447094834143,0.09,23.350780287409393,10.769311999404886,13.487686051628584,55b290c9608fdc047ee0afe964799985
14.0,18.835745821851955,22.52818655187879,0.7061045088081622,-16.991006483342286,0.09,22.850780287409393,11.043549553437453,13.987686051628584,55b290c9608fdc047ee0afe964799985
14.5,19.195745821851958,22.88351362443265,0.6967604295080563,-17.441006483342285,0.09,22.350780287409393,11.303549553437454,14.487686051628584,55b290c9608fdc047ee0afe964799985
15.0,19.566527205419625,23.243089344640417,0.6871557630738667,-17.891006483342284,0.06,21.850780287409393,11.563549553437454,14.987686051628584,55b290c9608fdc047ee0afe964799985
15.5,19.956527205419626,23.606719568086525,0.6772905095055937,-18.341006483342284,0.06,21.350780287409393,11.823549553437454,15.487686051628584,55b290c9608fdc047ee0afe964799985
16.0,20.346527205419626,23.974219804815785,0.6671646688032371,-18.791006483342287,0.06,20.850780287409393,12.083549553437454,15.987686051628584,55b290c9608fdc047ee0afe964799985
16.5,20.736527205419623,24.345414798950618,0.6567782409667969,-19.241006483342282,0.06,20.350780287409393,12.343549553437454,16.487686051628582,55b290c9608fdc047ee0afe964799985
17.0,21.126527205419624,24.720138110785424,0.6461312259962733,-19.691006483342285,0.06,19.850780287409393,12.603549553437453,16.987686051628582,55b290c9608fdc047ee0afe964799985
17.5,21.516527205419624,25.098231704637044,0.635223623891666,-20.141006483342284,0.06,19.350780287409393,12.863549553437453,17.487686051628582,55b290c9608fdc047ee0afe964799985
18.0,21.906527205419625,25.479545545063996,0.6240554346529752,-20.591006483342284,0.06,18.850780287409393,13.123549553437453,17.987686051628582,55b290c9608fdc047ee0afe964799985
18.5,22.296527205419626,25.863937203495002,0.6126266582802007,-21.04100648334228,0.06,18.350780287409393,13.383549553437454,18.487686051628582,55b290c9608fdc047ee0afe964799985
19.0,22.686527205419626,26.251271476819458,0.600937294773343,-21.49100648334228,0.06,17.850780287409393,13.643549553437454,18.987686051628582,55b290c9608fdc047ee0afe964799985
19.5,23.076527205419623,26.64142001907964,0.5889873441324014,-21.94100648334228,0.06,17.350780287409393,13.903549553437454,19.487686051628582,55b290c9608fdc047ee0afe964799985
20.0,23.456209329914767,27.026143874807545,0.5770309160912916,-22.380688607837428,0.06,16.850780287409393,14.122278051418027,19.987686051628582,55b290c9608fdc047ee0afe964799985
0.0,11.557622591619886,15.38498480126506,0.8629324661600639,-1.2572265539788778,0.43,42.46727372815184,5.175989589620168,6.341425594587889,1209827b89ee1449ce94cf69f5212e28
0.5,11.630864901744774,15.433890756680112,0.862059657608695,-1.7572265539788778,0.42,41.96727372815184,5.128958830119712,6.312013829882007,1209827b89ee1449ce94cf69f5212e28
1.0,11.713057239046764,15.49878093409655,0.8608973077972334,-2.2572265539788776,0.41,41.46727372815184,5.117728179327673,6.282602065176125,1209827b89ee1449ce94cf69f5212e28
1.5,11.808900693647718,15.579455606570262,0.8594454167256789,-2.757226553978878,0.39,40.96727372815184,5.157454313748808,6.25855454162125,1209827b89ee1449ce94cf69f5212e28
2.0,11.932151969706053,15.675671071793783,0.8577039843940315,-3.257226553978878,0.37,40.46727372815184,5.239666388437084,6.333250173305181,1209827b89ee1449ce94cf69f5212e28
2.5,12.062151969706054,15.78714319011047,0.8556730108022914,-3.757226553978878,0.37,39.96727372815184,5.339666388437085,6.421485467422828,1209827b89ee1449ce94cf69f5212e28
3.0,12.194209814964422,15.913551352826001,0.8533524959504584,-4.257226553978878,0.36,39.46727372815184,5.44789776947055,6.509720761540475,1209827b89ee1449ce94cf69f5212e28
3.5,12.346342625377222,16.054542759387733,0.8507424398385326,-4.757226553978878,0.34,38.96727372815184,5.587897769470549,6.654058790341743,1209827b89ee1449ce94cf69f5212e28
4.0,12.511140490035089,16.209736881485398,0.847842842466514,-5.257226553978879,0.33,38.46727372815184,5.72789776947055,6.801117613871154,1209827b89ee1449ce94cf69f5212e28
4.5,12.69264556144514,16.378729997193517,0.8446537038344025,-5.757226553978879,0.31,37.96727372815184,5.883798085412812,6.992470510485761,1209827b89ee1449ce94cf69f5212e28
5.0,12.893418271027224,16.561099687971982,0.8411750239421982,-6.257226553978879,0.29,37.46727372815184,6.10688892374115,7.198352863426938,1209827b89ee1449ce94cf69f5212e28
5.5,13.096269118932167,16.75133968642124,0.8375051704599633,-6.747962868241567,0.28,36.96727372815184,6.329834180791902,7.416673649557852,1209827b89ee1449ce94cf69f5212e28
6.0,13.311205692931573,16.953475872460867,0.8335599027522906,-7.237962868241567,0.26,36.46727372815184,6.569580476789523,7.681379531910793,1209827b89ee1449ce94cf69f5212e28
6.5,13.535651239570555,17.16289072331548,0.8294226628458404,-7.722408414880548,0.26,35.96727372815184,6.8473626633454465,7.9460854142637345,1209827b89ee1449ce94cf69f5212e28
7.0,13.750651239570555,17.37742001550717,0.8251317144066065,-8.197408414880549,0.26,35.46727372815184,7.087362663345447,8.210791296616677,1209827b89ee1449ce94cf69f5212e28
7.5,13.974638464954985,17.602830306806624,0.8205657017702843,-8.672408414880548,0.24,34.96727372815184,7.327362663345447,8.512866831890374,1209827b89ee1449ce94cf69f5212e28
8.0,14.21913233167961,17.838709124404442,0.815724624936874,-9.147408414880548,0.22,34.46727372815184,7.567362663345446,8.836396243655079,1209827b89ee1449ce94cf69f5212e28
8.5,14.492027278497897,18.083922426968606,0.8106236566185321,-9.620787259818105,0.19,33.96727372815184,7.839413966791526,9.159925655419785,1209827b89ee1449ce94cf69f5212e28
9.0,14.772027278497896,18.33723091430209,0.8052811644814198,-10.090787259818104,0.19,33.46727372815184,8.099413966791525,9.483455067184492,1209827b89ee1449ce94cf69f5212e28
9.5,15.058017048403082,18.59972647283433,0.7996665035598204,-10.560787259818106,0.17,32.96727372815184,8.376297585761796,9.817389568141053,1209827b89ee1449ce94cf69f5212e28
10.0,15.360106835245503,18.86982822058236,0.7938058455170636,-11.02801075048207,0.15,32.46727372815184,8.672025424928554,10.199742509317524,1209827b89ee1449ce94cf69f5212e28
10.5,15.678333049964214,19.14734780132143,0.7876962291624285,-11.49301075048207,0.14,31.967273728151838,8.992025424928555,10.582095450493995,1209827b89ee1449ce94cf69f5212e28
11.0,16.003333049964215,19.432870055018913,0.7813173394359071,-11.95801075048207,0.14,31.467273728151838,9.312025424928555,10.964448391670466,1209827b89ee1449ce94cf69f5212e28
11.5,16.321763109321953,19.72140988879672,0.7747751144603338,-12.416440809839813,0.14,30.967273728151838,9.60574566235952,11.346801332846937,1209827b89ee1449ce94cf69f5212e28
12.0,16.64139047836022,20.01519294965124,0.7680149393956737,-12.871440809839813,0.13,30.467273728151838,9.88574566235952,11.756374091895564,1209827b89ee1449ce94cf69f5212e28
12.5,16.96639047836022,20.3159269939033,0.7609912817843288,-13.326440809839813,0.13,29.967273728151838,10.16574566235952,12.1975505624838,1209827b89ee1449ce94cf69f5212e28
13.0,17.295997144382106,20.623307941051756,0.7537041416262996,-13.781440809839813,0.12,29.467273728151838,10.44574566235952,12.665825068494897,1209827b89ee1449ce94cf69f5212e28
13.5,17.630997144382107,20.937043039581507,0.746153518921586,-14.236440809839813,0.12,28.967273728151838,10.72574566235952,13.165825068494897,1209827b89ee1449ce94cf69f5212e28
14.0,17.964968221752926,21.256315999841284,0.738352583261001,-14.690411887210628,0.12,28.467273728151838,11.001629971842787,13.665825068494897,1209827b89ee1449ce94cf69f5212e28
14.5,18.294968221752928,21.57930447841911,0.7303407380775484,-15.140411887210627,0.12,27.967273728151838,11.261629971842787,14.165825068494897,1209827b89ee1449ce94cf69f5212e28
15.0,18.627402628170046,21.90780211841274,0.7220683057600124,-15.590411887210628,0.11,27.467273728151838,11.521629971842788,14.665825068494897,1209827b89ee1449ce94cf69f5212e28
15.5,18.967402628170046,22.241564817852638,0.7135352863083927,-16.040411887210627,0.11,26.967273728151838,11.781629971842788,15.165825068494897,1209827b89ee1449ce94cf69f5212e28
16.0,19.307402628170045,22.580359107727915,0.7047416797226895,-16.490411887210627,0.11,26.467273728151838,12.041629971842788,15.665825068494897,1209827b89ee1449ce94cf69f5212e28
16.5,19.647402628170045,22.92396190280296,0.6956874860029028,-16.94041188721063,0.11,25.967273728151838,12.301629971842788,16.165825068494897,1209827b89ee1449ce94cf69f5212e28
17.0,19.987402628170045,23.272160217916433,0.6863727051490325,-17.39041188721063,0.11,25.467273728151838,12.561629971842788,16.665825068494897,1209827b89ee1449ce94cf69f5212e28
17.5,20.327402628170045,23.624750857852085,0.6767973371610787,-17.840411887210628,0.11,24.967273728151838,12.821629971842787,17.165825068494897,1209827b89ee1449ce94cf69f5212e28
18.0,20.667402628170045,23.98154008780073,0.6669613820390412,-18.290411887210627,0.11,24.467273728151838,13.081629971842787,17.665825068494897,1209827b89ee1449ce94cf69f5212e28
18.5,21.007402628170038,24.342343290447698,0.6568648397829204,-18.740411887210627,0.11,23.967273728151838,13.341629971842787,18.165825068494897,1209827b89ee1449ce94cf69f5212e28
19.0,21.347402628170038,24.706984614825313,0.6465077103927159,-19.19041188721063,0.11,23.467273728151838,13.601629971842788,18.665825068494897,1209827b89ee1449ce94cf69f5212e28
19.5,21.686009962963652,25.073737604139314,0.6359352683947704,-19.639019222004244,0.11,22.967273728151838,13.856059311017246,19.165825068494897,1209827b89ee1449ce94cf69f5212e28
20.0,22.01897496430631,25.43845608722801,0.62526698709513,-20.081984223346893,0.11,22.467273728151838,14.087919316387845,19.665825068494897,1209827b89ee1449ce94cf69f5212e28
0.0,11.441454354492413,15.103576663861665,0.8679008374221501,-4.451579815683149,0.39,35.600901805520024,5.081248504293211,5.913626380870626,0667e9dd94468dac419eec524dd2a320
0.5,11.563098822028714,15.258427437217433,0.8651782347336303,-4.951579815683149,0.36,35.100901805520024,5.035852048330874,5.947590116835308,0667e9dd94468dac419eec524dd2a320
1.0,11.711348647167629,15.427935301669923,0.8621660907850176,-5.45157981568315,0.34,34.600901805520024,5.048851348886533,6.035825410952955,0667e9dd94468dac419eec524dd2a320
1.5,11.871736206514738,15.611622833267402,0.8588644055763122,-5.95157981568315,0.33,34.100901805520024,5.108851348886533,6.124060705070602,0667e9dd94468dac419eec524dd2a320
2.0,12.049405509114314,15.808995771518168,0.8552731791075138,-6.45157981568315,0.32,33.600901805520024,5.199528559284829,6.21229599918825,0667e9dd94468dac419eec524dd2a320
2.5,12.246631083273142,16.01954828075881,0.8513924113786226,-6.95157981568315,0.3,33.100901805520024,5.3324180453543155,6.300531293305896,0667e9dd94468dac419eec524dd2a320
3.0,12.461928505070937,16.24276783480099,0.8472221023896387,-7.451579815683151,0.26,32.600901805520024,5.486679292107563,6.4339081843137444,0667e9dd94468dac419eec524dd2a320
3.5,12.70621996031688,16.47813966292702,0.8427622521405619,-7.951579815683151,0.25,32.100901805520024,5.683845113091345,6.639790537254921,0667e9dd94468dac419eec524dd2a320
4.0,12.95621996031688,16.725150718801068,0.8380128606313922,-8.451579815683152,0.25,31.600901805520024,5.903845113091345,6.845672890196098,0667e9dd94468dac419eec524dd2a320
4.5,13.20621996031688,16.98329315481232,0.8329739278621298,-8.951579815683152,0.25,31.100901805520024,6.123845113091345,7.051555243137274,0667e9dd94468dac419eec524dd2a320
5.0,13.457683541810429,17.250038263131707,0.8276859931522866,-9.448138715608266,0.24,30.600901805520024,6.349699439065533,7.257437596078451,0667e9dd94468dac419eec524dd2a320
5.5,13.714159977156774,17.525965274275656,0.8221293265020612,-9.943138715608267,0.23,30.100901805520024,6.589699439065532,7.463319949019628,0667e9dd94468dac419eec524dd2a320
6.0,13.984213633325307,17.806662752850123,0.8163861136974442,-10.427109866947774,0.21,29.600901805520024,6.8116302350800675,7.72550204998963,0667e9dd94468dac419eec524dd2a320
6.5,14.253549938457535,18.093822952244047,0.8104162416043728,-10.90644617208,0.21,29.100901805520024,7.02897545560897,7.990207932342571,0667e9dd94468dac419eec524dd2a320
7.0,14.517324791676296,18.3839106954616,0.8042885389500704,-11.380221025298761,0.21,28.600901805520024,7.224074868484017,8.254913814695513,0667e9dd94468dac419eec524dd2a320
7.5,14.78441819252545,18.68029425581959,0.7979271894739438,-11.85022102529876,0.2,28.100901805520024,7.432448471880621,8.519619697048453,0667e9dd94468dac419eec524dd2a320
8.0,15.062726396934373,18.984430845018903,0.79129367121333,-12.32022102529876,0.19,27.600901805520024,7.685681289516324,8.784325579401395,0667e9dd94468dac419eec524dd2a320
8.5,15.365600294283686,19.295953864336525,0.7843879841682292,-12.790221025298761,0.15,27.100901805520024,7.97197439893094,9.091231773697295,0667e9dd94468dac419eec524dd2a320
9.0,15.695019895679543,19.61416119798064,0.7772180832296953,-13.259367017387385,0.13,26.600901805520024,8.308558367285436,9.414761185462002,0667e9dd94468dac419eec524dd2a320
9.5,16.033573879158503,19.937331479356924,0.7698163274645887,-13.724367017387385,0.12,26.100901805520024,8.628558367285436,9.759196382397079,0667e9dd94468dac419eec524dd2a320
10.0,16.384868764263565,20.266204325709285,0.7621597845191104,-14.188587175250804,0.11,25.600901805520024,8.94543899873912,10.14154932357355,0667e9dd94468dac419eec524dd2a320
10.5,16.734868764263567,20.59775776502502,0.754314034512711,-14.648587175250805,0.11,25.100901805520024,9.245438998739118,10.52390226475002,0667e9dd94468dac419eec524dd2a320
11.0,17.08916554813449,20.933459440498826,0.7462404085710874,-15.105316270592725,0.09,24.600901805520024,9.532355380106791,10.9480363372408,0667e9dd94468dac419eec524dd2a320
11.5,17.462453559590717,21.273752382163384,0.7379231527281491,-15.560316270592725,0.08,24.100901805520024,9.812355380106792,11.389212807829036,0667e9dd94468dac419eec524dd2a320
12.0,17.838525857539572,21.619212675030397,0.7293424143385261,-16.015316270592724,0.07,23.600901805520024,10.092355380106792,11.830389278417272,0667e9dd94468dac419eec524dd2a320
12.5,18.22352585753957,21.969596558853503,0.7204981934022188,-16.470316270592726,0.07,23.100901805520024,10.372355380106791,12.271565749005507,0667e9dd94468dac419eec524dd2a320
13.0,18.608525857539576,22.324672208777898,0.711390489919227,-16.925316270592724,0.07,22.600901805520024,10.652355380106792,12.712742219593743,0667e9dd94468dac419eec524dd2a320
13.5,19.000604555387017,22.684219305498992,0.7020193038895506,-17.380316270592726,0.06,22.100901805520024,10.932355380106792,13.195558089284582,0667e9dd94468dac419eec524dd2a320
14.0,19.395604555387013,23.04802858750756,0.6923846353131899,-17.835316270592724,0.06,21.600901805520024,11.212355380106793,13.695558089284582,0667e9dd94468dac419eec524dd2a320
14.5,19.788458827764043,23.414883549117853,0.6825140869821613,-18.288170542969752,0.06,21.100901805520024,11.4837724696149,14.195558089284582,0667e9dd94468dac419eec524dd2a320
15.0,20.178458827764043,23.78423726255941,0.6724188426493118,-18.73817054296975,0.06,20.600901805520024,11.743772469614902,14.695558089284582,0667e9dd94468dac419eec524dd2a320
15.5,20.568458827764044,24.157257971563936,0.6620630111823791,-19.18817054296975,0.06,20.100901805520024,12.003772469614901,15.195558089284582,0667e9dd94468dac419eec524dd2a320
16.0,20.958458827764044,24.53377841360069,0.6514465925813626,-19.63817054296975,0.06,19.600901805520024,12.263772469614901,15.695558089284582,0667e9dd94468dac419eec524dd2a320
16.5,21.348458827764045,24.913639914525316,0.6405695868462626,-20.088170542969753,0.06,19.100901805520024,12.5237724696149,16.19555808928458,0667e9dd94468dac419eec524dd2a320
17.0,21.738458827764042,25.29669196423909,0.6294319939770792,-20.538170542969752,0.06,18.600901805520024,12.7837724696149,16.69555808928458,0667e9dd94468dac419eec524dd2a320
17.5,22.128458827764042,25.68279180456378,0.6180338139738122,-20.98817054296975,0.06,18.100901805520024,13.0437724696149,17.19555808928458,0667e9dd94468dac419eec524dd2a320
18.0,22.518458827764043,26.07180403078272,0.6063750468364617,-21.43817054296975,0.06,17.600901805520024,13.3037724696149,17.69555808928458,0667e9dd94468dac419eec524dd2a320
18.5,22.908458827764044,26.463600207880027,0.5944556925650275,-21.88817054296975,0.06,17.100901805520024,13.5637724696149,18.19555808928458,0667e9dd94468dac419eec524dd2a320
19.0,23.298458827764044,26.85805850216053,0.5822757511595098,-22.338170542969753,0.06,16.600901805520024,13.823772469614902,18.69555808928458,0667e9dd94468dac419eec524dd2a320
19.5,23.688059337259475,27.25465262337653,0.5698481867878586,-22.787771052465178,0.06,16.100901805520024,14.082174507596614,19.19555808928458,0667e9dd94468dac419eec524dd2a320
20.0,24.069803563427413,27.64731703076752,0.5573642972232715,-23.229515278633116,0.06,15.600901805520024,14.309151412268362,19.69555808928458,0667e9dd94468dac419eec524dd2a320
