shift,MAE,RMSE,R2,mean_error,overestimation_share,max_overestimation,near_failure_MAE,warning_zone_MAE,candidate_hash
0.0,12.827176892707437,21.336564661848325,0.7363732666501079,6.435243943052577,0.66,116.48544314422739,3.2897226087897415,5.733078723183399,1f251a311c4b6c9d9c38593007e33359
0.5,12.678814591216799,21.191124265271586,0.7399550333006137,5.935243943052577,0.61,115.98544314422739,3.10170838876964,5.604599546382798,1f251a311c4b6c9d9c38593007e33359
1.0,12.575812203291042,21.05655488637991,0.743247258691027,5.435243943052577,0.6,115.48544314422739,3.0296988370666122,5.516364252265151,1f251a311c4b6c9d9c38593007e33359
1.5,12.47581220329104,20.933066181046605,0.7462499428213473,4.935243943052577,0.6,114.98544314422739,2.969698837066612,5.428128958147504,1f251a311c4b6c9d9c38593007e33359
2.0,12.391140836300039,20.820855308969044,0.7489630856915748,4.435243943052577,0.57,114.48544314422739,2.909698837066612,5.374830609413903,1f251a311c4b6c9d9c38593007e33359
2.5,12.330938865472666,20.720105498138082,0.7513866873017094,3.935243943052577,0.55,113.98544314422739,2.888890953757113,5.34541884470802,1f251a311c4b6c9d9c38593007e33359
3.0,12.306950456931428,20.63098465684368,0.7535207476517513,3.4352439430525776,0.5,113.48544314422739,2.94564696076139,5.35903980543991,1f251a311c4b6c9d9c38593007e33359
3.5,12.317946887649317,20.55364405568674,0.7553652667417001,2.935243943052577,0.46,112.98544314422739,3.082131211425585,5.458306676333086,1f251a311c4b6c9d9c38593007e33359
4.0,12.381297912623786,20.488217102149573,0.7569202445715564,2.4352439430525767,0.43,112.48544314422739,3.331907569555012,5.643413040362723,1f251a311c4b6c9d9c38593007e33359
4.5,12.457948888508449,20.434818229721582,0.7581856811413198,1.9352439430525772,0.42,111.98544314422739,3.5919075695550124,5.8492953933038985,1f251a311c4b6c9d9c38593007e33359
5.0,12.558660292584753,20.393541922351524,0.7591615764509901,1.4352439430525772,0.37,111.48544314422739,3.887466188084703,6.103272507316516,1f251a311c4b6c9d9c38593007e33359
5.5,12.689574022699315,20.362704460875705,0.7598893784678546,0.9387608612200511,0.36,110.98544314422739,4.213398515414808,6.3679783896694575,1f251a311c4b6c9d9c38593007e33359
6.0,12.833940747926487,20.343266013591506,0.7603475838014941,0.44376086122005104,0.35,110.48544314422739,4.533398515414809,6.632684272022399,1f251a311c4b6c9d9c38593007e33359
6.5,12.979404506966166,20.335740248668298,0.7605248644939329,-0.05053696220669981,0.34,109.98544314422739,4.8505898091218125,6.89739015437534,1f251a311c4b6c9d9c38593007e33359
7.0,13.139238367448927,20.338826623566916,0.7604521682334818,-0.5405369622066998,0.32,109.48544314422739,5.189925251052858,7.162096036728281,1f251a311c4b6c9d9c38593007e33359
7.5,13.310337866473082,20.352669986210863,0.7601259669128413,-1.0273366125612424,0.31,108.98544314422739,5.557123852471028,7.426801919081222,1f251a311c4b6c9d9c38593007e33359
8.0,13.494985812090384,20.377708707805443,0.7595353973570618,-1.5123366125612423,0.29,108.48544314422739,5.9378940172364505,7.717716062763257,1f251a311c4b6c9d9c38593007e33359
8.5,13.689004432753507,20.41421197138897,0.758673121344657,-1.9963552332243664,0.29,107.98544314422739,6.333968499888946,8.041245474527964,1f251a311c4b6c9d9c38593007e33359
9.0,13.901659229940899,20.460850560180166,0.7575691843518323,-2.4763552332243663,0.26,107.48544314422739,6.738028178428501,8.407341148989984,1f251a311c4b6c9d9c38593007e33359
9.5,14.126591687755772,20.519082846931763,0.7561872877493185,-2.9563552332243663,0.25,106.98544314422739,7.158028178428501,8.789694090166455,1f251a311c4b6c9d9c38593007e33359
10.0,14.357182479915153,20.58881045889912,0.7545274315371155,-3.436355233224366,0.24,106.48544314422739,7.578028178428501,9.172047031342926,1f251a311c4b6c9d9c38593007e33359
10.5,14.591409170276222,20.667367428681953,0.7526506480673794,-3.9105819235854393,0.24,105.98544314422739,7.974934939872794,9.554399972519395,1f251a311c4b6c9d9c38593007e33359
11.0,14.821409170276224,20.75513571036646,0.7505453461247282,-4.3805819235854395,0.24,105.48544314422739,8.354934939872795,9.936752913695866,1f251a311c4b6c9d9c38593007e33359
11.5,15.051846804339856,20.853712349469916,0.7481701462841004,-4.850403816645795,0.23,104.98544314422739,8.734222512114215,10.319105854872337,1f251a311c4b6c9d9c38593007e33359
12.0,15.286846804339858,20.960444236014656,0.7455857566946109,-5.315403816645795,0.23,104.48544314422739,9.094222512114214,10.701458796048808,1f251a311c4b6c9d9c38593007e33359
12.5,15.517883396760379,21.075939224417283,0.7427743159116755,-5.776440409066316,0.23,103.98544314422739,9.438368881796304,11.083811737225277,1f251a311c4b6c9d9c38593007e33359
13.0,15.747883396760379,21.201218233875082,0.7397072398515803,-6.236440409066316,0.23,103.48544314422739,9.778368881796304,11.466164678401748,1f251a311c4b6c9d9c38593007e33359
13.5,15.977718315414629,21.336381109920143,0.7363778024306193,-6.69627532772057,0.23,102.98544314422739,10.11770855641331,11.84851761957822,1f251a311c4b6c9d9c38593007e33359
14.0,16.20271831541463,21.476613657545684,0.7329011210832145,-7.151275327720567,0.23,102.48544314422739,10.43770855641331,12.23087056075469,1f251a311c4b6c9d9c38593007e33359
14.5,16.42405063493442,21.62371380128356,0.7292297006329712,-7.60260764724036,0.23,101.98544314422739,10.743037834492473,12.61322350193116,1f251a311c4b6c9d9c38593007e33359
15.0,16.650250518087145,21.779178272080458,0.7253222789913832,-8.052607647240357,0.22,101.48544314422739,11.043037834492473,12.99557644310763,1f251a311c4b6c9d9c38593007e33359
15.5,16.88905213055416,21.943796705545324,0.7211542702157118,-8.502607647240358,0.21,100.98544314422739,11.343037834492472,13.429703575266535,1f251a311c4b6c9d9c38593007e33359
16.0,17.129157533100173,22.117364705170964,0.7167256743059567,-8.952607647240358,0.2,100.48544314422739,11.643037834492473,13.87088004585477,1f251a311c4b6c9d9c38593007e33359
16.5,17.379157533100173,22.2996732969069,0.712036491262118,-9.402607647240357,0.2,99.98544314422739,11.943037834492472,14.312056516443006,1f251a311c4b6c9d9c38593007e33359
17.0,17.633055324767355,22.49050992743435,0.7070867210841959,-9.852607647240358,0.19,99.48544314422739,12.243037834492473,14.75323298703124,1f251a311c4b6c9d9c38593007e33359
17.5,17.89333414014466,22.689659416643153,0.7018763637721902,-10.30260764724036,0.18,98.98544314422739,12.543037834492473,15.194409457619475,1f251a311c4b6c9d9c38593007e33359
18.0,18.15961209537848,22.894598696533784,0.6964665719546359,-10.748885602474179,0.18,98.48544314422739,12.82814965542776,15.63558592820771,1f251a311c4b6c9d9c38593007e33359
18.5,18.42461209537848,23.106579908714327,0.6908197150046531,-11.193885602474179,0.18,97.98544314422739,13.10814965542776,16.076762398795946,1f251a311c4b6c9d9c38593007e33359
19.0,18.68961209537848,23.326174583078874,0.6849151663331876,-11.63888560247418,0.18,97.48544314422739,13.38814965542776,16.51793886938418,1f251a311c4b6c9d9c38593007e33359
19.5,18.95918933544234,23.553169771450065,0.6787529259402394,-12.08388560247418,0.17,96.98544314422739,13.66814965542776,16.95911533997242,1f251a311c4b6c9d9c38593007e33359
20.0,19.23418933544234,23.787353612481215,0.6723329938258087,-12.52888560247418,0.17,96.48544314422739,13.94814965542776,17.400291810560656,1f251a311c4b6c9d9c38593007e33359
0.0,13.472816519771127,19.910832646469586,0.770427797978655,4.704727654885831,0.58,75.66488095269236,3.871455910329424,10.977317437178181,7010f628f2b8f23b01c2170791b7c58a
0.5,13.399723628038927,19.79864967670354,0.7730074528957871,4.204727654885831,0.57,75.16488095269236,3.67908434340063,10.889082143060534,7010f628f2b8f23b01c2170791b7c58a
1.0,13.333252182961386,19.6985228219262,0.7752975665528263,3.704727654885831,0.56,74.66488095269236,3.513198563090469,10.800846848942887,7010f628f2b8f23b01c2170791b7c58a
1.5,13.281250991479151,19.610636749250688,0.7772981389497726,3.204727654885831,0.55,74.16488095269236,3.4051937971615227,10.71261155482524,7010f628f2b8f23b01c2170791b7c58a
2.0,13.249016767056615,19.535156668329428,0.7790091700866262,2.7047276548858297,0.52,73.66488095269236,3.3762568994713735,10.624376260707592,7010f628f2b8f23b01c2170791b7c58a
2.5,13.234467697062495,19.472226847520286,0.780430659963387,2.2047276548858306,0.5,73.16488095269236,3.3962568994713735,10.554643217700391,7010f628f2b8f23b01c2170791b7c58a
3.0,13.245953388454437,19.42196928085317,0.7815626085800548,1.7047276548858303,0.48,72.66488095269236,3.4369409329817247,10.562376647196597,7010f628f2b8f23b01c2170791b7c58a
3.5,13.270705447367746,19.384482533498755,0.7824050159366298,1.2047276548858303,0.44,72.16488095269236,3.5043508151154157,10.59178841190248,7010f628f2b8f23b01c2170791b7c58a
4.0,13.34024138024889,19.359840790580705,0.782957882033112,0.7047276548858302,0.43,71.66488095269236,3.644350815115416,10.621200176608362,7010f628f2b8f23b01c2170791b7c58a
4.5,13.419047392782108,19.347838010896293,0.7832269236218626,0.20542928753057624,0.42,71.16488095269236,3.81957486524829,10.650611941314244,7010f628f2b8f23b01c2170791b7c58a
5.0,13.497643221474613,19.34711622977318,0.7832430969840729,-0.2895707124694238,0.41,70.66488095269236,3.993958180018316,10.680023706020126,7010f628f2b8f23b01c2170791b7c58a
5.5,13.598845590097566,19.359183276182446,0.7829726244987912,-0.7845707124694238,0.39,70.16488095269236,4.258767654510112,10.709435470726008,7010f628f2b8f23b01c2170791b7c58a
6.0,13.703845590097567,19.384015266019876,0.7824155061660175,-1.279570712469424,0.39,69.66488095269236,4.538767654510111,10.73884723543189,7010f628f2b8f23b01c2170791b7c58a
6.5,13.828960516512526,19.42156323640713,0.7815717419857521,-1.7745707124694234,0.33,69.16488095269236,4.840902914852625,10.816967728042286,7010f628f2b8f23b01c2170791b7c58a
7.0,13.996341084074624,19.469997374805185,0.7804809362705089,-2.265807083565797,0.32,68.66488095269236,5.210425185101034,10.964026551571697,7010f628f2b8f23b01c2170791b7c58a
7.5,14.161341084074625,19.527905798074883,0.7791731901132044,-2.750807083565797,0.32,68.16488095269236,5.5704251851010325,11.111085375101108,7010f628f2b8f23b01c2170791b7c58a
8.0,14.333685030474685,19.598020612859155,0.77758458893361,-3.235807083565797,0.31,67.66488095269236,5.930425185101033,11.301343883336735,7010f628f2b8f23b01c2170791b7c58a
8.5,14.517192752250457,19.680211356223243,0.7757151327317255,-3.7208070835657967,0.3,67.16488095269236,6.290425185101032,11.50722623627791,7010f628f2b8f23b01c2170791b7c58a
9.0,14.702192752250458,19.774327450236687,0.7735648215075509,-4.205807083565797,0.3,66.66488095269236,6.6504251851010325,11.713108589219088,7010f628f2b8f23b01c2170791b7c58a
9.5,14.888227178362358,19.87860600028895,0.7711703440058681,-4.687353529431896,0.29,66.16488095269236,6.996610968565431,11.918990942160264,7010f628f2b8f23b01c2170791b7c58a
10.0,15.078748682671817,19.993461677873956,0.7685184162923393,-5.166866252204909,0.28,65.66488095269236,7.338696985803267,12.12487329510144,7010f628f2b8f23b01c2170791b7c58a
10.5,15.281190283057372,20.117725421051443,0.7656320569214841,-5.64186625220491,0.27,65.16488095269236,7.6986969858032674,12.374529767957636,7010f628f2b8f23b01c2170791b7c58a
11.0,15.49356690382996,20.25207756138376,0.762491246847878,-6.115101974743681,0.26,64.66488095269236,8.051639875958347,12.639235650310576,7010f628f2b8f23b01c2170791b7c58a
11.5,15.714840591798765,20.39550802326452,0.759115136703404,-6.58510197474368,0.24,64.16488095269236,8.391639875958347,12.960027444360282,7010f628f2b8f23b01c2170791b7c58a
12.0,15.946159639037646,20.54905239310791,0.7554745568196383,-7.054785659468398,0.23,63.66488095269236,8.730374614857219,13.283556856124989,7010f628f2b8f23b01c2170791b7c58a
12.5,16.178247247231933,20.706098591231953,0.7517227016621186,-7.515031836879416,0.22,63.16488095269236,9.038725047634365,13.607086267889695,7010f628f2b8f23b01c2170791b7c58a
13.0,16.413883432261645,20.870544853674552,0.747763442885762,-7.970668021909125,0.22,62.66488095269236,9.361269787753209,13.9306156796544,7010f628f2b8f23b01c2170791b7c58a
13.5,16.648883432261645,21.04418709551762,0.7435487830053001,-8.425668021909125,0.22,62.16488095269236,9.681269787753209,14.254145091419106,7010f628f2b8f23b01c2170791b7c58a
14.0,16.878961100418007,21.223360737144937,0.7391632576200395,-8.875745690065488,0.22,61.66488095269236,9.981580460378657,14.577674503183813,7010f628f2b8f23b01c2170791b7c58a
14.5,17.122319056667553,21.41148725962423,0.7345185839920683,-9.325745690065489,0.2,61.16488095269236,10.281580460378656,14.901203914948518,7010f628f2b8f23b01c2170791b7c58a
15.0,17.38958235364083,21.608390323185027,0.7296133232300133,-9.775745690065488,0.18,60.66488095269236,10.581580460378657,15.270391293117,7010f628f2b8f23b01c2170791b7c58a
15.5,17.65958235364083,21.81383226416628,0.7244474753338748,-10.225745690065489,0.18,60.16488095269236,10.881580460378657,15.65274423429347,7010f628f2b8f23b01c2170791b7c58a
16.0,17.929582353640832,22.02757416828388,0.7190210403036527,-10.675745690065492,0.18,59.66488095269236,11.181580460378656,16.03509717546994,7010f628f2b8f23b01c2170791b7c58a
16.5,18.19958235364083,22.249376832381458,0.7133340181393472,-11.125745690065491,0.18,59.16488095269236,11.481580460378657,16.41745011664641,7010f628f2b8f23b01c2170791b7c58a
17.0,18.472529717948564,22.47900164863596,0.707386408840958,-11.575745690065492,0.17,58.66488095269236,11.781580460378656,16.79980305782288,7010f628f2b8f23b01c2170791b7c58a
17.5,18.757135949098092,22.716172197844777,0.7011792440366451,-12.02568207996966,0.16,58.16488095269236,12.081326019995338,17.182155998999352,7010f628f2b8f23b01c2170791b7c58a
18.0,19.042135949098093,22.957627521198823,0.69479301656471,-12.470682079969661,0.16,57.66488095269236,12.361326019995339,17.564508940175823,7010f628f2b8f23b01c2170791b7c58a
18.5,19.327135949098093,23.206159602184833,0.6881490973712923,-12.915682079969661,0.16,57.16488095269236,12.641326019995338,17.946861881352287,7010f628f2b8f23b01c2170791b7c58a
19.0,19.612135949098093,23.46154354602538,0.6812474864563919,-13.36068207996966,0.16,56.66488095269236,12.921326019995337,18.329214822528765,7010f628f2b8f23b01c2170791b7c58a
19.5,19.897135949098093,23.72355807297916,0.6740881838200088,-13.80568207996966,0.16,56.16488095269236,13.201326019995339,18.711567763705233,7010f628f2b8f23b01c2170791b7c58a
20.0,20.179273614809144,23.989965380244048,0.666727331962235,-14.247819745680713,0.16,55.66488095269236,13.469876682839548,19.093920704881704,7010f628f2b8f23b01c2170791b7c58a
0.0,14.631349114350133,20.948341930864284,0.7458794632481764,8.565082338282593,0.71,77.6357260315257,3.6292698626211575,8.046903388068205,c03e1c93bc54d09ce492393e64c3cdd2
0.5,14.428681002559829,20.748926413530995,0.7506945820841804,8.065082338282593,0.7,77.1357260315257,3.3585974154599523,7.84102103512703,c03e1c93bc54d09ce492393e64c3cdd2
1.0,14.229813293578191,20.5597389325799,0.7552201596600914,7.565082338282593,0.69,76.6357260315257,3.1031265795333947,7.635138682185853,c03e1c93bc54d09ce492393e64c3cdd2
1.5,14.057989989274333,20.381064315622947,0.7594561959759097,7.065082338282593,0.66,76.1357260315257,2.9558333623179744,7.4292563292446765,c03e1c93bc54d09ce492393e64c3cdd2
2.0,13.919796223307898,20.21318135027924,0.7634026910316352,6.565082338282593,0.62,75.6357260315257,2.9144775330200887,7.2233739763035,c03e1c93bc54d09ce492393e64c3cdd2
2.5,13.80040380622399,20.056361034868562,0.7670596448272677,6.065082338282593,0.61,75.1357260315257,2.9344775330200887,7.021065640515811,c03e1c93bc54d09ce492393e64c3cdd2
3.0,13.716138377797993,19.910864763307274,0.7704270573628076,5.565082338282593,0.58,74.6357260315257,2.9908495570579925,6.919950125707413,c03e1c93bc54d09ce492393e64c3cdd2
3.5,13.658785592085067,19.77694246551849,0.7735049286382546,5.065082338282594,0.54,74.1357260315257,3.0943024528139595,6.881944981616467,c03e1c93bc54d09ce492393e64c3cdd2
4.0,13.618785592085068,19.654830727995247,0.7762932586536087,4.565082338282594,0.54,73.6357260315257,3.2343024528139597,6.852533216910585,c03e1c93bc54d09ce492393e64c3cdd2
4.5,13.591714936001985,19.54475092212391,0.7787920474088701,4.065082338282594,0.52,73.1357260315257,3.4260198284816346,6.823121452204703,c03e1c93bc54d09ce492393e64c3cdd2
5.0,13.582833530330928,19.446907370314204,0.7810012949040385,3.565082338282594,0.48,72.6357260315257,3.674008880499563,6.815718438549975,c03e1c93bc54d09ce492393e64c3cdd2
5.5,13.60727483145642,19.36148558172379,0.7829210011391141,3.065082338282594,0.46,72.1357260315257,3.9773759087755645,6.866303991823446,c03e1c93bc54d09ce492393e64c3cdd2
6.0,13.653969093573947,19.288650590256847,0.7845511661140969,2.565082338282594,0.45,71.6357260315257,4.344152957245671,6.954539285941093,c03e1c93bc54d09ce492393e64c3cdd2
6.5,13.707870228810718,19.228399803151756,0.7858950328444912,2.0653619605837745,0.44,71.1357260315257,4.723034468040947,7.06736727145847,c03e1c93bc54d09ce492393e64c3cdd2
7.0,13.77774618944994,19.178464407487443,0.7870056331819943,1.5703619605837744,0.41,70.6357260315257,5.103220635767216,7.214426094987881,c03e1c93bc54d09ce492393e64c3cdd2
7.5,13.86281676366853,19.139957365067275,0.7878600862875847,1.0790279046886235,0.4,70.1357260315257,5.528556859347819,7.3834644380669285,c03e1c93bc54d09ce492393e64c3cdd2
8.0,13.9719079550905,19.113710786550694,0.7884415012969685,0.5890279046886236,0.37,69.6357260315257,5.948556859347819,7.622950068291891,c03e1c93bc54d09ce492393e64c3cdd2
8.5,14.096964424522447,19.10025947800751,0.7887391658714614,0.0990279046886236,0.36,69.1357260315257,6.368556859347819,7.887655950644832,c03e1c93bc54d09ce492393e64c3cdd2
9.0,14.239544307742523,19.09939249929972,0.7887583440913508,-0.3904059498021961,0.34,68.6357260315257,6.786292277311097,8.152361832997773,c03e1c93bc54d09ce492393e64c3cdd2
9.5,14.384544307742523,19.10941390498695,0.7885366099489454,-0.8754059498021961,0.34,68.1357260315257,7.1862922773110975,8.417067715350713,c03e1c93bc54d09ce492393e64c3cdd2
10.0,14.527770202792048,19.129829060577134,0.7880845433338444,-1.355094056423791,0.33,67.6357260315257,7.5650447037974775,8.702584117867952,c03e1c93bc54d09ce492393e64c3cdd2
10.5,14.680456065311978,19.160713816121913,0.787399723787294,-1.830094056423791,0.32,67.1357260315257,7.925044703797478,9.026113529632658,c03e1c93bc54d09ce492393e64c3cdd2
11.0,14.834682639310138,19.202963448660643,0.7864611171505962,-2.3030754284644317,0.31,66.6357260315257,8.281950999790109,9.349642941397363,c03e1c93bc54d09ce492393e64c3cdd2
11.5,14.995789218769543,19.2559570169613,0.7852809032951525,-2.773075428464431,0.3,66.1357260315257,8.661950999790108,9.67317235316207,c03e1c93bc54d09ce492393e64c3cdd2
12.0,15.170027561471507,19.32097192347025,0.7838285206552216,-3.243075428464431,0.29,65.6357260315257,9.041950999790108,9.996701764926776,c03e1c93bc54d09ce492393e64c3cdd2
12.5,15.355798837872216,19.395539875918864,0.7821567030432647,-3.7090112177043846,0.28,65.1357260315257,9.405694156749922,10.37808698351947,c03e1c93bc54d09ce492393e64c3cdd2
13.0,15.536252334867479,19.478847018420034,0.7802813361431511,-4.169464714699646,0.28,64.6357260315257,9.747508144730968,10.760439924695941,c03e1c93bc54d09ce492393e64c3cdd2
13.5,15.7121666666454,19.569939581667647,0.7782215083118481,-4.625379046477567,0.28,64.1357260315257,10.071165471842654,11.14279286587241,c03e1c93bc54d09ce492393e64c3cdd2
14.0,15.8871666666454,19.671436507703238,0.7759150926760192,-5.080379046477567,0.28,63.63572603152571,10.391165471842655,11.525145807048881,c03e1c93bc54d09ce492393e64c3cdd2
14.5,16.06032907134769,19.781955834672306,0.7733900830468463,-5.533541451179858,0.28,63.13572603152571,10.703815090651819,11.907498748225352,c03e1c93bc54d09ce492393e64c3cdd2
15.0,16.235893425389555,19.899857238083534,0.7706808214725039,-5.983541451179858,0.26,62.63572603152571,11.00381509065182,12.289851689401823,c03e1c93bc54d09ce492393e64c3cdd2
15.5,16.425893425389553,20.028301464360013,0.7677109727640781,-6.433541451179858,0.26,62.13572603152571,11.303815090651819,12.672204630578292,c03e1c93bc54d09ce492393e64c3cdd2
16.0,16.615893425389554,20.16708707271492,0.7644805369215687,-6.883541451179858,0.26,61.63572603152571,11.60381509065182,13.054557571754764,c03e1c93bc54d09ce492393e64c3cdd2
16.5,16.805614690095094,20.31579613555607,0.7609943607661661,-7.3332627158853985,0.26,61.13572603152571,11.902700149473974,13.436910512931235,c03e1c93bc54d09ce492393e64c3cdd2
17.0,16.995016592790307,20.47088994981313,0.7573312221505548,-7.778262715885399,0.25,60.63572603152571,12.182700149473973,13.819263454107706,c03e1c93bc54d09ce492393e64c3cdd2
17.5,17.18761167247339,20.633957010718984,0.7534497208589467,-8.220857795568485,0.25,60.13572603152571,12.453080468206315,14.201616395284177,c03e1c93bc54d09ce492393e64c3cdd2
18.0,17.37761167247339,20.804591794019114,0.7493551107068145,-8.660857795568484,0.25,59.63572603152571,12.713080468206314,14.583969336460646,c03e1c93bc54d09ce492393e64c3cdd2
18.5,17.567611672473394,20.984325043025233,0.7450057042458005,-9.100857795568484,0.25,59.13572603152571,12.973080468206314,14.966322277637117,c03e1c93bc54d09ce492393e64c3cdd2
19.0,17.76424005399662,21.17292505316411,0.740401501475905,-9.540857795568483,0.24,58.63572603152571,13.233080468206316,15.34867521881359,c03e1c93bc54d09ce492393e64c3cdd2
19.5,17.96424005399662,21.370157067800715,0.7355425023971278,-9.980857795568484,0.24,58.13572603152571,13.493080468206315,15.73102815999006,c03e1c93bc54d09ce492393e64c3cdd2
20.0,18.166872287816837,21.575784363448793,0.7304287070094687,-10.420857795568484,0.23,57.63572603152571,13.753080468206315,16.11338110116653,c03e1c93bc54d09ce492393e64c3cdd2
0.0,15.527303681828409,21.62054520583604,0.7293090485827072,4.473192146082891,0.62,68.48780536670091,3.5067160591104467,11.86653117328784,2898e0487ceb31f75d24456842d49660
0.5,15.40730368182841,21.522657430055354,0.7317546253338891,3.97319214608289,0.62,67.98780536670091,3.2067160591104464,11.719472349758426,2898e0487ceb31f75d24456842d49660
1.0,15.299716052956096,21.435988213876076,0.7339106608249782,3.47319214608289,0.59,67.48780536670091,2.9563655436211804,11.572413526229015,2898e0487ceb31f75d24456842d49660
1.5,15.215898352782942,21.36067411294295,0.7357771550559746,2.97319214608289,0.57,66.98780536670091,2.8010947429285675,11.425354702699604,2898e0487ceb31f75d24456842d49660
2.0,15.15108801647388,21.296835596239838,0.737354108026878,2.47319214608289,0.56,66.48780536670091,2.7218533976923207,11.27829587917019,2898e0487ceb31f75d24456842d49660
2.5,15.103537785893145,21.24457611408581,0.7386415197376888,1.97319214608289,0.54,65.98780536670091,2.7116524753693825,11.13123705564078,2898e0487ceb31f75d24456842d49660
3.0,15.07372658538719,21.20398127996491,0.7396393901884065,1.4731921460828903,0.52,65.48780536670091,2.7724076733455614,10.984178232111368,2898e0487ceb31f75d24456842d49660
3.5,15.058893498213301,21.175118180898533,0.7403477193790314,0.9731921460828898,0.51,64.98780536670091,2.8930753246500087,10.837119408581955,2898e0487ceb31f75d24456842d49660
4.0,15.05724993000953,21.158034829088848,0.7407665073095636,0.47319214608289,0.49,64.48780536670091,3.0369880429687366,10.733462068679279,2898e0487ceb31f75d24456842d49660
4.5,15.074587988723287,21.152759765166667,0.740895753980003,-0.02680785391711009,0.47,63.98780536670091,3.2390719497694325,10.645226774561632,2898e0487ceb31f75d24456842d49660
5.0,15.10494483257541,21.15930182063602,0.7407354593903495,-0.5268078539171102,0.46,63.48780536670091,3.46049932517792,10.556991480443983,2898e0487ceb31f75d24456842d49660
5.5,15.151940286940837,21.17765004410754,0.7402856235406031,-1.0268078539171102,0.44,62.98780536670091,3.746680942047572,10.47140354013819,2898e0487ceb31f75d24456842d49660
6.0,15.219781514093576,21.20595800473818,0.73959084409227,-1.5216155991042726,0.42,62.48780536670091,4.046705686575478,10.441991775432308,2898e0487ceb31f75d24456842d49660
6.5,15.289781514093576,21.243570097745426,0.7386662719073729,-2.011615599104273,0.42,61.98780536670091,4.346705686575478,10.412580010726426,2898e0487ceb31f75d24456842d49660
7.0,15.368220038990403,21.292625157479478,0.7374579492875848,-2.501615599104272,0.41,61.48780536670091,4.646705686575478,10.43280662776659,2898e0487ceb31f75d24456842d49660
7.5,15.464188496068209,21.352358525127514,0.7359828358866323,-2.9898056296355975,0.38,60.98780536670091,4.990041045706135,10.462218392472472,2898e0487ceb31f75d24456842d49660
8.0,15.580189323273073,21.422080202800593,0.734255834826659,-3.4748056296355974,0.36,60.48780536670091,5.37517481298023,10.491630157178355,2898e0487ceb31f75d24456842d49660
8.5,15.70876095327898,21.502856225275206,0.7322479787443958,-3.9598056296355977,0.34,59.98780536670091,5.77517481298023,10.526375933822045,2898e0487ceb31f75d24456842d49660
9.0,15.866285630404287,21.593771473012158,0.7299790520206774,-4.442698075426565,0.31,59.48780536670091,6.182286263052995,10.614611227939692,2898e0487ceb31f75d24456842d49660
9.5,16.040815935019804,21.694323324411386,0.7274584806495522,-4.922698075426564,0.3,58.98780536670091,6.602286263052995,10.702846522057339,2898e0487ceb31f75d24456842d49660
10.0,16.218221103174333,21.80445303039653,0.724684381522051,-5.400103243581096,0.3,58.48780536670091,7.011906935671118,10.791081816174986,2898e0487ceb31f75d24456842d49660
10.5,16.39242019833948,21.9236697376709,0.7216655532262153,-5.874302338746244,0.3,57.98780536670091,7.4087033163317075,10.879317110292632,2898e0487ceb31f75d24456842d49660
11.0,16.56257762884953,22.051226657608257,0.7184173042914108,-6.344302338746243,0.29,57.48780536670091,7.788703316331707,10.968478466234124,2898e0487ceb31f75d24456842d49660
11.5,16.75125337532681,22.188643479130473,0.714896886572119,-6.814302338746244,0.28,56.98780536670091,8.168703316331708,11.166571092571061,2898e0487ceb31f75d24456842d49660
12.0,16.949599730909153,22.335738218888253,0.7111043000683401,-7.284302338746244,0.26,56.48780536670091,8.548703316331707,11.372453445512239,2898e0487ceb31f75d24456842d49660
12.5,17.170524390386646,22.49074630681417,0.7070805639073875,-7.750821196310699,0.24,55.98780536670091,8.914778746589532,11.578335798453415,2898e0487ceb31f75d24456842d49660
13.0,17.395524390386644,22.65429298463728,0.7028050116616877,-8.2158211963107,0.24,55.48780536670091,9.274778746589531,11.784218151394592,2898e0487ceb31f75d24456842d49660
13.5,17.626244007615284,22.825516350959074,0.6982955767546662,-8.67807745403661,0.23,54.98780536670091,9.623803777493178,12.039884971998887,2898e0487ceb31f75d24456842d49660
14.0,17.856244007615285,23.004396843689175,0.6935482134019055,-9.138077454036612,0.23,54.48780536670091,9.963803777493178,12.304590854351828,2898e0487ceb31f75d24456842d49660
14.5,18.086594580399233,23.191816479007702,0.6885344720898594,-9.598077454036613,0.22,53.98780536670091,10.30380377749318,12.571358929551527,2898e0487ceb31f75d24456842d49660
15.0,18.32703048703308,23.387569968896077,0.683254352818528,-10.058077454036612,0.21,53.48780536670091,10.64380377749318,12.894888341316234,2898e0487ceb31f75d24456842d49660
15.5,18.573460933068315,23.588245188355476,0.6777954102232298,-10.514507900071845,0.21,52.98780536670091,10.9695255616341,13.21841775308094,2898e0487ceb31f75d24456842d49660
16.0,18.822370299651748,23.7955314915647,0.6721076571351725,-10.969507900071845,0.2,52.48780536670091,11.2895255616341,13.541947164845645,2898e0487ceb31f75d24456842d49660
16.5,19.077370299651747,24.010504510861885,0.6661564215004311,-11.424507900071845,0.2,51.98780536670091,11.6095255616341,13.865476576610352,2898e0487ceb31f75d24456842d49660
17.0,19.332370299651746,24.23295967821906,0.6599417033190051,-11.879507900071845,0.2,51.48780536670091,11.929525561634101,14.189005988375058,2898e0487ceb31f75d24456842d49660
17.5,19.585080054573176,24.461184155749628,0.6535062460411043,-12.332217654993274,0.2,50.98780536670091,12.240364581319819,14.512535400139763,2898e0487ceb31f75d24456842d49660
18.0,19.835080054573176,24.694670436280166,0.6468599899167315,-12.782217654993273,0.2,50.48780536670091,12.540364581319817,14.83606481190447,2898e0487ceb31f75d24456842d49660
18.5,20.090337362604146,24.93342725127028,0.6399984141857684,-13.229634198580216,0.19,49.98780536670091,12.830030755667595,15.159594223669174,2898e0487ceb31f75d24456842d49660
19.0,20.347429685477046,25.177329657709286,0.6329207899120074,-13.674634198580215,0.18,49.48780536670091,13.110030755667594,15.483123635433879,2898e0487ceb31f75d24456842d49660
19.5,20.61890917529545,25.425820658822303,0.6256391587560548,-14.11636149647151,0.17,48.98780536670091,13.376939947232767,15.806653047198585,2898e0487ceb31f75d24456842d49660
20.0,20.88890917529544,25.679538891324867,0.6181305654630398,-14.556361496471512,0.17,48.48780536670091,13.636939947232769,16.13018245896329,2898e0487ceb31f75d24456842d49660
0.0,13.526597004429625,20.66538002696285,0.7526982166697502,7.951284875882912,0.69,83.24050454570207,3.3530802590511506,8.829374243792865,e722a2b98432005e2fb4b3214deef2fc
0.5,13.344160126723999,20.4781993051858,0.7571578961243441,7.451284875882912,0.68,82.74050454570207,3.1233327482286404,8.682315420263453,e722a2b98432005e2fb4b3214deef2fc
1.0,13.1722740481136,20.301609835356142,0.7613280343188453,6.951284875882912,0.64,82.24050454570207,2.919953815494708,8.552006499396029,e722a2b98432005e2fb4b3214deef2fc
1.5,13.0422157970591,20.135890271630558,0.7652086312532538,6.451284875882912,0.62,81.74050454570207,2.8197208112767043,8.463771205278382,e722a2b98432005e2fb4b3214deef2fc
2.0,12.935942055522858,19.981311071980823,0.7687996869275691,5.951284875882912,0.6,81.24050454570207,2.8146258451317374,8.375535911160735,e722a2b98432005e2fb4b3214deef2fc
2.5,12.836482481208284,19.838132656058647,0.7721012013417918,5.451284875882912,0.59,80.74050454570207,2.8346258451317374,8.287300617043089,e722a2b98432005e2fb4b3214deef2fc
3.0,12.765558805994607,19.706603522766105,0.7751131744959217,4.951284875882912,0.55,80.24050454570207,2.9309311442770394,8.199065322925442,e722a2b98432005e2fb4b3214deef2fc
3.5,12.725999502168401,19.58695835313933,0.7778356063899586,4.451284875882912,0.53,79.74050454570207,3.138901421777316,8.110830028807795,e722a2b98432005e2fb4b3214deef2fc
4.0,12.70920670756717,19.479416127074543,0.7802684970239028,3.9512848758829127,0.51,79.24050454570207,3.372755142501037,8.079911059500958,e722a2b98432005e2fb4b3214deef2fc
4.5,12.699206707567168,19.384178284772577,0.7824118463977542,3.4512848758829127,0.51,78.74050454570207,3.632755142501037,8.050499294795074,e722a2b98432005e2fb4b3214deef2fc
5.0,12.71112886282857,19.301426965381754,0.7842656545115126,2.9512848758829127,0.48,78.24050454570207,3.9421069534678486,8.021087530089192,e722a2b98432005e2fb4b3214deef2fc
5.5,12.74680715103396,19.23132335602735,0.7858299213651783,2.451284875882912,0.45,77.74050454570207,4.342050625008722,7.995748531972538,e722a2b98432005e2fb4b3214deef2fc
6.0,12.793500975889659,19.172253299127505,0.7871435709066246,1.9545910510272122,0.45,77.24050454570207,4.748825924431522,8.02516029667842,e722a2b98432005e2fb4b3214deef2fc
6.5,12.851828041791846,19.125067464322274,0.7881900257466583,1.4595910510272123,0.42,76.74050454570207,5.148825924431521,8.132583010318177,e722a2b98432005e2fb4b3214deef2fc
7.0,12.933122375376685,19.090733732988138,0.7889498347392002,0.9645910510272125,0.41,76.24050454570207,5.5488259244315215,8.279641833847588,e722a2b98432005e2fb4b3214deef2fc
7.5,13.025316659128974,19.069321524711466,0.7894229978842502,0.46959105102721266,0.39,75.74050454570207,5.948864871040468,8.426700657377,e722a2b98432005e2fb4b3214deef2fc
8.0,13.13014951502308,19.06081292995131,0.789610871862821,-0.025241804866893282,0.39,75.24050454570207,6.388196294616891,8.573759480906412,e722a2b98432005e2fb4b3214deef2fc
8.5,13.23014951502308,19.063442274559595,0.7895528235858307,-0.5152418048668933,0.39,74.74050454570207,6.808196294616891,8.720818304435824,e722a2b98432005e2fb4b3214deef2fc
9.0,13.340790484327183,19.078916980801942,0.7892110248739495,-1.0052418048668932,0.37,74.24050454570207,7.240840578666174,8.867877127965235,e722a2b98432005e2fb4b3214deef2fc
9.5,13.468302776952598,19.106023177016635,0.7886116463914259,-1.4924653997442383,0.34,73.74050454570207,7.689734958175553,9.019894755762271,e722a2b98432005e2fb4b3214deef2fc
10.0,13.615309119776446,19.141912338814116,0.7878167477226745,-1.970602270512359,0.33,73.24050454570207,8.102282441248036,9.277950473737112,e722a2b98432005e2fb4b3214deef2fc
10.5,13.766077715675763,19.18778070125573,0.7867986510159877,-2.4434078011622646,0.32,72.74050454570207,8.49350456384766,9.542656356090054,e722a2b98432005e2fb4b3214deef2fc
11.0,13.920832614526912,19.244462477311338,0.7855371731364985,-2.9134078011622644,0.31,72.24050454570207,8.873504563847659,9.83533223168505,e722a2b98432005e2fb4b3214deef2fc
11.5,14.084579684262733,19.31095853333276,0.7840525309634859,-3.3796262400150776,0.3,71.74050454570207,9.238378319258915,10.203147707467437,e722a2b98432005e2fb4b3214deef2fc
12.0,14.249579684262732,19.388533872268745,0.7823140521345026,-3.844626240015078,0.3,71.24050454570207,9.598378319258915,10.585500648643904,e722a2b98432005e2fb4b3214deef2fc
12.5,14.425112696128721,19.477740422239112,0.7803062999336328,-4.309626240015078,0.28,70.74050454570207,9.958378319258914,10.967853589820376,e722a2b98432005e2fb4b3214deef2fc
13.0,14.614451927422024,19.57647082185387,0.7780734516150518,-4.771205128334361,0.27,70.24050454570207,10.304693872536046,11.350206530996847,e722a2b98432005e2fb4b3214deef2fc
13.5,14.808113586253958,19.68163903152454,0.7756825906442326,-5.226205128334362,0.26,69.74050454570207,10.624693872536046,11.732559472173318,e722a2b98432005e2fb4b3214deef2fc
14.0,15.010982162491416,19.797742803046123,0.7730282471267289,-5.681205128334362,0.25,69.24050454570207,10.944693872536044,12.114912413349787,e722a2b98432005e2fb4b3214deef2fc
14.5,15.215982162491416,19.92459096754307,0.7701104210625405,-6.136205128334362,0.25,68.74050454570207,11.264693872536048,12.497265354526258,e722a2b98432005e2fb4b3214deef2fc
15.0,15.429680653800574,20.058392781058995,0.767012447865641,-6.587551603567461,0.23,68.24050454570207,11.570079773468446,12.879618295702729,e722a2b98432005e2fb4b3214deef2fc
15.5,15.65225308567611,20.197009000414074,0.7637811375202811,-7.032551603567462,0.22,67.74050454570207,11.850079773468446,13.2619712368792,e722a2b98432005e2fb4b3214deef2fc
16.0,15.87725308567611,20.345619286872903,0.7602921354534385,-7.477551603567462,0.22,67.24050454570207,12.130079773468447,13.644324178055669,e722a2b98432005e2fb4b3214deef2fc
16.5,16.10225308567611,20.50400633461524,0.7565454416651135,-7.922551603567461,0.22,66.74050454570207,12.410079773468446,14.026677119232142,e722a2b98432005e2fb4b3214deef2fc
17.0,16.332941343795934,20.671945418211354,0.7525410561553059,-8.367551603567462,0.21,66.24050454570207,12.690079773468447,14.409030060408613,e722a2b98432005e2fb4b3214deef2fc
17.5,16.5644450591084,20.846828550289473,0.7483363766406192,-8.809055318879926,0.21,65.74050454570207,12.956094634718308,14.791383001585084,e722a2b98432005e2fb4b3214deef2fc
18.0,16.7944450591084,21.029724580318312,0.7439011515843209,-9.249055318879927,0.21,65.24050454570207,13.216094634718308,15.173735942761555,e722a2b98432005e2fb4b3214deef2fc
18.5,17.029811795887795,21.22141303596262,0.7392111302191409,-9.689055318879927,0.2,64.74050454570207,13.476094634718308,15.556088883938022,e722a2b98432005e2fb4b3214deef2fc
19.0,17.276372045675508,21.42165788546265,0.7342663125450791,-10.129055318879926,0.19,64.24050454570207,13.736094634718308,15.938441825114493,e722a2b98432005e2fb4b3214deef2fc
19.5,17.526372045675508,21.63022149402738,0.7290666985621357,-10.569055318879926,0.19,63.740504545702066,13.99609463471831,16.320794766290962,e722a2b98432005e2fb4b3214deef2fc
20.0,17.7772153620083,21.84686561499301,0.7236122882703107,-11.009055318879925,0.18,63.240504545702066,14.256094634718309,16.703147707467433,e722a2b98432005e2fb4b3214deef2fc
0.0,10.461041641887578,14.4549981869054,0.8790024605312188,-3.5782836642627704,0.47,36.961897898070916,2.9708272073564475,6.26645078352199,80fc8539c73a5597fcc5af0c35b87a90
0.5,10.491041641887577,14.586817893142463,0.876785568378932,-4.078283664262771,0.47,36.461897898070916,2.7508272073564477,6.119391959992578,80fc8539c73a5597fcc5af0c35b87a90
1.0,10.54596985100533,14.734433817149675,0.8742791349665522,-4.578283664262771,0.41,35.961897898070916,2.614526629539185,5.972333136463167,80fc8539c73a5597fcc5af0c35b87a90
1.5,10.644307981343387,14.897376399092112,0.8714831602940797,-5.078283664262771,0.4,35.461897898070916,2.587879150891413,5.825274312933755,80fc8539c73a5597fcc5af0c35b87a90
2.0,10.75628082725187,15.075148663959817,0.8683976443615143,-5.578283664262769,0.37,34.961897898070916,2.6157705345253572,5.6782154894043435,80fc8539c73a5597fcc5af0c35b87a90
2.5,10.9082373861617,15.267232588283713,0.8650225871688562,-6.078283664262769,0.33,34.461897898070916,2.7157705345253573,5.645752958429267,80fc8539c73a5597fcc5af0c35b87a90
3.0,11.090883171745663,15.47309518386722,0.8613579887161051,-6.578283664262769,0.31,33.961897898070916,2.841396161044334,5.67516472313515,80fc8539c73a5597fcc5af0c35b87a90
3.5,11.294442751179508,15.692194181607547,0.8574038490032613,-7.078283664262769,0.29,33.461897898070916,3.0159438834011003,5.733533245750747,80fc8539c73a5597fcc5af0c35b87a90
4.0,11.506712162401667,15.923983229630094,0.8531601680303246,-7.578283664262769,0.28,32.961897898070916,3.205021528289751,5.821768539868394,80fc8539c73a5597fcc5af0c35b87a90
4.5,11.734577525475556,16.167916549815665,0.8486269457972951,-8.07828366426277,0.27,32.461897898070916,3.425021528289751,5.910003833986042,80fc8539c73a5597fcc5af0c35b87a90
5.0,11.986782463548288,16.42345302383351,0.8438041823041728,-8.57828366426277,0.24,31.961897898070916,3.6654401021976333,5.998239128103688,80fc8539c73a5597fcc5af0c35b87a90
5.5,12.255980493986986,16.690059703018704,0.8386918775509575,-9.078283664262772,0.22,31.461897898070916,3.9576869921085502,6.086474422221336,80fc8539c73a5597fcc5af0c35b87a90
6.0,12.550220068803474,16.964908507286875,0.8333353481579532,-9.574444563054362,0.2,30.961897898070916,4.314645291374507,6.174709716338983,80fc8539c73a5597fcc5af0c35b87a90
6.5,12.860590999471029,17.24886519549829,0.8277094283595748,-10.068966574207018,0.18,30.461897898070916,4.699841947986299,6.3163083428954865,80fc8539c73a5597fcc5af0c35b87a90
7.0,13.172736196696569,17.540448030386205,0.821835234631104,-10.55896657420702,0.17,29.961897898070916,5.088422736888462,6.463367166424898,80fc8539c73a5597fcc5af0c35b87a90
7.5,13.5152150829947,17.840790832737284,0.8156816139808803,-11.048501293283898,0.13,29.461897898070916,5.539967409007282,6.652722213728529,80fc8539c73a5597fcc5af0c35b87a90
8.0,13.876682974169547,18.147584380042613,0.8092879631265923,-11.533501293283898,0.12,28.961897898070916,5.979967409007283,6.95547451475703,80fc8539c73a5597fcc5af0c35b87a90
8.5,14.251071012798565,18.462416421586052,0.8026134572500144,-12.018501293283897,0.1,28.461897898070916,6.419967409007284,7.309438417689221,80fc8539c73a5597fcc5af0c35b87a90
9.0,14.636071012798565,18.784882789555393,0.7956580963511464,-12.503501293283898,0.1,27.961897898070916,6.859967409007283,7.691791358865693,80fc8539c73a5597fcc5af0c35b87a90
9.5,15.016901947629535,19.112806689690434,0.7884615146635997,-12.984332228114868,0.1,27.461897898070916,7.28329114833117,8.074144300042164,80fc8539c73a5597fcc5af0c35b87a90
10.0,15.396299716186391,19.44695451257674,0.7810002331303829,-13.463729996671724,0.1,26.961897898070916,7.700882222558583,8.456497241218633,80fc8539c73a5597fcc5af0c35b87a90
10.5,15.771299716186386,19.785733997274416,0.773303514167543,-13.938729996671723,0.1,26.461897898070916,8.100882222558583,8.838850182395104,80fc8539c73a5597fcc5af0c35b87a90
11.0,16.143423941513085,20.12912592517242,0.7653663539438944,-14.410614653482167,0.09,25.961897898070916,8.488420849800365,9.221203123571575,80fc8539c73a5597fcc5af0c35b87a90
11.5,16.518423941513085,20.474980467998762,0.7572342317190998,-14.875614653482167,0.09,25.461897898070916,8.848420849800364,9.603556064748046,80fc8539c73a5597fcc5af0c35b87a90
12.0,16.892022037552643,20.825510831617358,0.748850809929243,-15.33921274952173,0.09,24.961897898070916,9.202813233958606,9.985909005924515,80fc8539c73a5597fcc5af0c35b87a90
12.5,17.262022037552644,21.179261416473746,0.7402460995622753,-15.79921274952173,0.09,24.461897898070916,9.542813233958606,10.368261947100986,80fc8539c73a5597fcc5af0c35b87a90
13.0,17.63202203755264,21.537881207232417,0.7313750112360219,-16.25921274952173,0.09,23.961897898070916,9.882813233958606,10.750614888277457,80fc8539c73a5597fcc5af0c35b87a90
13.5,18.00696648763782,21.900577304052792,0.7222515896679214,-16.71863607950378,0.08,23.461897898070916,10.22050655388681,11.132967829453928,80fc8539c73a5597fcc5af0c35b87a90
14.0,18.38878452578358,22.263454860607233,0.7129711343981642,-17.17363607950378,0.07,22.961897898070916,10.540506553886813,11.555426877370172,80fc8539c73a5597fcc5af0c35b87a90
14.5,18.775424458593,22.63056690429561,0.7034271965817223,-17.62863607950378,0.06,22.461897898070916,10.860506553886813,11.996603347958407,80fc8539c73a5597fcc5af0c35b87a90
15.0,19.170424458593,23.001710686149053,0.693619776218596,-18.08363607950378,0.06,21.961897898070916,11.180506553886811,12.437779818546643,80fc8539c73a5597fcc5af0c35b87a90
15.5,19.563624848740076,23.3754554863419,0.6835824087736841,-18.536836469650858,0.06,21.461897898070916,11.493308114475116,12.878956289134877,80fc8539c73a5597fcc5af0c35b87a90
16.0,19.953624848740077,23.75065800485541,0.673343166349328,-18.986836469650857,0.06,20.961897898070916,11.793308114475117,13.320132759723112,80fc8539c73a5597fcc5af0c35b87a90
16.5,20.343624848740077,24.129351258027082,0.6628433367908884,-19.436836469650856,0.06,20.461897898070916,12.093308114475116,13.761309230311348,80fc8539c73a5597fcc5af0c35b87a90
17.0,20.733624848740078,24.51137345402954,0.6520829200983651,-19.886836469650856,0.06,19.961897898070916,12.393308114475117,14.202485700899583,80fc8539c73a5597fcc5af0c35b87a90
17.5,21.12362484874008,24.896571351745504,0.6410619162717583,-20.33683646965086,0.06,19.461897898070916,12.693308114475117,14.643662171487819,80fc8539c73a5597fcc5af0c35b87a90
18.0,21.51362484874008,25.284799812183714,0.6297803253110682,-20.786836469650858,0.06,18.961897898070916,12.993308114475116,15.084838642076052,80fc8539c73a5597fcc5af0c35b87a90
18.5,21.90984607085769,25.675921366366907,0.6182381472162943,-21.236836469650857,0.04,18.461897898070916,13.293308114475117,15.555533712269312,80fc8539c73a5597fcc5af0c35b87a90
19.0,22.31615904350813,26.067767225333846,0.6064969305648849,-21.683149442301286,0.04,17.961897898070916,13.578560005076852,16.055533712269312,80fc8539c73a5597fcc5af0c35b87a90
19.5,22.716159043508128,26.45867792533275,0.5946065426384883,-22.123149442301287,0.04,17.461897898070916,13.838560005076852,16.555533712269312,80fc8539c73a5597fcc5af0c35b87a90
20.0,23.113072456497033,26.849774129709367,0.5825334056396554,-22.560062855290195,0.04,16.961897898070916,14.08621365703248,17.055533712269312,80fc8539c73a5597fcc5af0c35b87a90
0.0,10.35889463926905,14.38542396110508,0.8801644185868255,-3.4889528049335006,0.49,36.564563586733854,2.930959999527785,6.312141837479738,4886dc07abf3b28a50d9702f86bdbedb
0.5,10.377708073423419,14.514798494835182,0.8779992563736894,-3.9889528049335006,0.47,36.064563586733854,2.7407727072483423,6.165083013950326,4886dc07abf3b28a50d9702f86bdbedb
1.0,10.425493477619966,14.6600930471332,0.8755445529004603,-4.488952804933501,0.44,35.564563586733854,2.59445346061149,6.018024190420914,4886dc07abf3b28a50d9702f86bdbedb
1.5,10.510255244203558,14.820839414673403,0.8728003081671385,-4.988952804933501,0.4,35.064563586733854,2.566408316929468,5.870965366891503,4886dc07abf3b28a50d9702f86bdbedb
2.0,10.62304518378109,14.996540726463223,0.869766522173724,-5.488952804933502,0.37,34.564563586733854,2.604736448810188,5.723906543362091,4886dc07abf3b28a50d9702f86bdbedb
2.5,10.78618455140446,15.18667793052199,0.8664431949202165,-5.988952804933502,0.3,34.064563586733854,2.716561129051686,5.642397229286655,4886dc07abf3b28a50d9702f86bdbedb
3.0,10.98618455140446,15.390716012269774,0.8628303264066162,-6.488952804933502,0.3,33.564563586733854,2.856561129051686,5.671808993992538,4886dc07abf3b28a50d9702f86bdbedb
3.5,11.193641014204939,15.608109820707652,0.8589279166329231,-6.988952804933502,0.28,33.064563586733854,3.0258997216407253,5.701937315482054,4886dc07abf3b28a50d9702f86bdbedb
4.0,11.417669218586987,15.838309410420171,0.8547359655991372,-7.488952804933502,0.27,32.564563586733854,3.222012539168914,5.790172609599701,4886dc07abf3b28a50d9702f86bdbedb
4.5,11.671941594914594,16.080764838313435,0.8502544733052584,-7.988952804933502,0.24,32.064563586733854,3.442012539168914,5.908889805721861,4886dc07abf3b28a50d9702f86bdbedb
5.0,11.937628064852099,16.334930382161755,0.8454834397512868,-8.488952804933502,0.22,31.564563586733854,3.66606472159844,6.055948629251272,4886dc07abf3b28a50d9702f86bdbedb
5.5,12.23251218657306,16.600268172382176,0.8404228649372224,-8.988952804933502,0.19,31.064563586733854,3.985601208482286,6.203007452780684,4886dc07abf3b28a50d9702f86bdbedb
6.0,12.541327385157926,16.873979593163334,0.8351171464767851,-9.485190148382818,0.18,30.564563586733854,4.360862002821746,6.350066276310096,4886dc07abf3b28a50d9702f86bdbedb
6.5,12.856327385157927,17.157035800477754,0.8295390239894921,-9.980190148382817,0.18,30.064563586733854,4.760862002821746,6.497125099839508,4886dc07abf3b28a50d9702f86bdbedb
7.0,13.17665836105112,17.44782038264868,0.8237119721690793,-10.470683000934565,0.16,29.564563586733854,5.166822892948562,6.666776590201214,4886dc07abf3b28a50d9702f86bdbedb
7.5,13.512910952540448,17.746690762874238,0.8176208365512452,-10.959007663590935,0.14,29.064563586733854,5.609433967650649,6.876187312635374,4886dc07abf3b28a50d9702f86bdbedb
8.0,13.865863923817228,18.05260481749591,0.8112790098935805,-11.444007663590934,0.13,28.564563586733854,6.049433967650649,7.18767537896938,4886dc07abf3b28a50d9702f86bdbedb
8.5,14.2358232935218,18.366628660706017,0.8046563282136255,-11.929007663590935,0.11,28.064563586733854,6.489433967650649,7.5112047907340855,4886dc07abf3b28a50d9702f86bdbedb
9.0,14.620324874822465,18.68835348616508,0.7977527915113807,-12.414007663590935,0.1,27.564563586733854,6.929433967650649,7.890625857208594,4886dc07abf3b28a50d9702f86bdbedb
9.5,15.00184065414221,19.0158907805338,0.7906013852017602,-12.895523442910678,0.1,27.064563586733854,7.355497084929624,8.272978798385065,4886dc07abf3b28a50d9702f86bdbedb
10.0,15.37954963765712,19.34870653249685,0.7832074613620587,-13.373232426425588,0.1,26.564563586733854,7.766333018989263,8.655331739561534,4886dc07abf3b28a50d9702f86bdbedb
10.5,15.75454963765712,19.68687829258646,0.7755631479602675,-13.84823242642559,0.1,26.064563586733854,8.166333018989265,9.037684680738005,4886dc07abf3b28a50d9702f86bdbedb
11.0,16.12954963765712,20.03119839983463,0.7676437703613883,-14.323232426425589,0.1,25.564563586733854,8.566333018989264,9.420037621914476,4886dc07abf3b28a50d9702f86bdbedb
11.5,16.49490974647149,20.376750810485756,0.7595580039207176,-14.788592535239957,0.1,25.064563586733854,8.927773454246731,9.802390563090947,4886dc07abf3b28a50d9702f86bdbedb
12.0,16.85898386219836,20.727098469098234,0.7512188465488683,-15.252666650966828,0.1,24.564563586733854,9.284069917154222,10.184743504267416,4886dc07abf3b28a50d9702f86bdbedb
12.5,17.222131361804507,21.080447756123707,0.7426642535147638,-15.712666650966828,0.09,24.064563586733854,9.624069917154223,10.567096445443887,4886dc07abf3b28a50d9702f86bdbedb
13.0,17.598557892794787,21.438702018770353,0.7338432825213739,-16.17266665096683,0.08,23.564563586733854,9.964069917154223,10.949449386620358,4886dc07abf3b28a50d9702f86bdbedb
13.5,17.983980581999134,21.798210724559578,0.7248419968755578,-16.629157398045773,0.07,23.064563586733854,10.29003290547,11.384343163828579,4886dc07abf3b28a50d9702f86bdbedb
14.0,18.368980581999132,22.160745659619618,0.7156133571461621,-17.084157398045775,0.07,22.564563586733854,10.61003290547,11.825519634416814,4886dc07abf3b28a50d9702f86bdbedb
14.5,18.753980581999134,22.527545485214226,0.7061212348700817,-17.539157398045774,0.07,22.064563586733854,10.93003290547,12.26669610500505,4886dc07abf3b28a50d9702f86bdbedb
15.0,19.13898058199913,22.89840524985182,0.6963656300473171,-17.994157398045775,0.07,21.564563586733854,11.25003290547,12.707872575593285,4886dc07abf3b28a50d9702f86bdbedb
15.5,19.521028303488496,23.27108239591159,0.686401755015372,-18.446205119535136,0.07,21.064563586733854,11.55822379142745,13.14904904618152,4886dc07abf3b28a50d9702f86bdbedb
16.0,19.90811655395613,23.64602463410798,0.6762149956216488,-18.896205119535136,0.06,20.564563586733854,11.858223791427449,13.590225516769756,4886dc07abf3b28a50d9702f86bdbedb
16.5,20.298116553956127,24.024480974963367,0.665767649093842,-19.346205119535135,0.06,20.064563586733854,12.15822379142745,14.031401987357992,4886dc07abf3b28a50d9702f86bdbedb
17.0,20.688116553956135,24.406287944624268,0.6550597154319515,-19.796205119535138,0.06,19.564563586733854,12.45822379142745,14.472578457946227,4886dc07abf3b28a50d9702f86bdbedb
17.5,21.078116553956132,24.79129073597111,0.6440911946359776,-20.246205119535137,0.06,19.064563586733854,12.75822379142745,14.91375492853446,4886dc07abf3b28a50d9702f86bdbedb
18.0,21.475190089029766,25.179342753038295,0.6328620867059203,-20.696205119535144,0.05,18.564563586733854,13.058223791427451,15.354931399122696,4886dc07abf3b28a50d9702f86bdbedb
18.5,21.875190089029765,25.57030517210378,0.6213723916417793,-21.146205119535143,0.05,18.064563586733854,13.358223791427452,15.796107869710932,4886dc07abf3b28a50d9702f86bdbedb
19.0,22.27266946403505,25.962601462344246,0.6096655620710911,-21.593684494540426,0.05,17.564563586733854,13.648141291448592,16.23728434029917,4886dc07abf3b28a50d9702f86bdbedb
19.5,22.66538378406925,26.353374721030697,0.5978269817321122,-22.033684494540424,0.04,17.064563586733854,13.908141291448592,16.694427399323846,4886dc07abf3b28a50d9702f86bdbedb
20.0,23.06310765740631,26.744952431063027,0.5857866276991475,-22.471408367877483,0.04,16.564563586733854,14.159036784796832,17.194427399323846,4886dc07abf3b28a50d9702f86bdbedb
0.0,10.42098133761963,14.447948637810635,0.8791204501829123,-3.7273041272302145,0.46,34.990278431217405,3.02645064329767,6.2814235216590015,0ec4201bbd3590a27e3af396c11d206e
0.5,10.46098133761963,14.584941685452309,0.876817262885371,-4.227304127230215,0.46,34.490278431217405,2.8064506432976697,6.13436469812959,0ec4201bbd3590a27e3af396c11d206e
1.0,10.516092260548646,14.737633056066862,0.8742245343277368,-4.727304127230215,0.41,33.990278431217405,2.6318446165386815,6.004459129842624,0ec4201bbd3590a27e3af396c11d206e
1.5,10.611169411973394,14.905540319710147,0.87134226451001,-5.227304127230215,0.4,33.490278431217405,2.552153222237679,5.916223835724978,0ec4201bbd3590a27e3af396c11d206e
2.0,10.734281261413223,15.088155498593428,0.8681704534321901,-5.727304127230215,0.36,32.990278431217405,2.5488231597839617,5.827988541607331,0ec4201bbd3590a27e3af396c11d206e
2.5,10.901888252024285,15.284951438488946,0.8647091010942776,-6.227304127230215,0.32,32.490278431217405,2.6417690892508516,5.79487388422108,0ec4201bbd3590a27e3af396c11d206e
3.0,11.098493505661697,15.495387849427825,0.860958207496272,-6.727304127230215,0.29,31.990278431217405,2.8040182608223114,5.830420712130197,0ec4201bbd3590a27e3af396c11d206e
3.5,11.316207805506503,15.71891690707174,0.8569177726381738,-7.227304127230215,0.27,31.490278431217405,2.9840182608223116,5.9186560062478435,0ec4201bbd3590a27e3af396c11d206e
4.0,11.546207805506503,15.954988337778751,0.8525877965199827,-7.727304127230213,0.27,30.990278431217405,3.1640182608223113,6.00689130036549,0ec4201bbd3590a27e3af396c11d206e
4.5,11.79241255761314,16.20305394010296,0.8479682791416988,-8.227304127230214,0.24,30.490278431217405,3.393302866837771,6.095126594483138,0ec4201bbd3590a27e3af396c11d206e
5.0,12.05241255761314,16.4625715218831,0.843059220503322,-8.727304127230214,0.24,29.990278431217405,3.653302866837771,6.183361888600785,0ec4201bbd3590a27e3af396c11d206e
5.5,12.327504100547742,16.733008254356015,0.8378606206048524,-9.227304127230214,0.21,29.490278431217405,3.9332004054702128,6.324677031346646,0ec4201bbd3590a27e3af396c11d206e
6.0,12.62309107819908,17.01199226650719,0.8324089549809086,-9.724202793976158,0.2,28.990278431217405,4.2555483160755765,6.471735854876057,0ec4201bbd3590a27e3af396c11d206e
6.5,12.928455998713241,17.299698947371212,0.826692424448449,-10.219202793976157,0.18,28.490278431217405,4.617007998132211,6.618794678405469,0ec4201bbd3590a27e3af396c11d206e
7.0,13.252598442642164,17.59507736817554,0.8207237259882951,-10.710071904896797,0.16,27.990278431217405,5.0210516278476955,6.813686069582242,0ec4201bbd3590a27e3af396c11d206e
7.5,13.596900640952455,17.898933473729095,0.814478279369224,-11.200071904896797,0.13,27.490278431217405,5.464507798887428,7.061638453597001,0ec4201bbd3590a27e3af396c11d206e
8.0,13.96130062029469,18.210842835648,0.8079560860966734,-11.689319529253442,0.12,26.990278431217405,5.921498296314002,7.356652306453392,0ec4201bbd3590a27e3af396c11d206e
8.5,14.332770885032671,18.528805042795547,0.8011913486033191,-12.174319529253442,0.11,26.490278431217405,6.361498296314003,7.680181718218097,0ec4201bbd3590a27e3af396c11d206e
9.0,14.714018908795403,18.854117308211517,0.7941490547567684,-12.658964294739574,0.1,25.990278431217405,6.800077358258538,8.042553825727483,0ec4201bbd3590a27e3af396c11d206e
9.5,15.094018908795404,19.184543355694988,0.7868705872368471,-13.138964294739573,0.1,25.490278431217405,7.220077358258538,8.424906766903954,0ec4201bbd3590a27e3af396c11d206e
10.0,15.474018908795404,19.52167175375307,0.7793141601072365,-13.618964294739573,0.1,24.990278431217405,7.640077358258538,8.807259708080423,0ec4201bbd3590a27e3af396c11d206e
10.5,15.850046315708731,19.863521659490544,0.7715174945942357,-14.0949917016529,0.1,24.490278431217405,8.044186985911844,9.189612649256894,0ec4201bbd3590a27e3af396c11d206e
11.0,16.224581591015127,20.210363110940808,0.7634686619788331,-14.568837989777082,0.09,23.990278431217405,8.439572138408556,9.571965590433365,0ec4201bbd3590a27e3af396c11d206e
11.5,16.605727617759037,20.55873262201375,0.7552441209090411,-15.033910225534907,0.08,23.490278431217405,8.799861081439861,9.954318531609836,0ec4201bbd3590a27e3af396c11d206e
12.0,16.99072761775904,20.912386216044005,0.7467510591135618,-15.498910225534907,0.08,22.990278431217405,9.15986108143986,10.336671472786307,0ec4201bbd3590a27e3af396c11d206e
12.5,17.375727617759036,21.271090885860136,0.737988723946196,-15.963910225534908,0.08,22.490278431217405,9.51986108143986,10.719024413962776,0ec4201bbd3590a27e3af396c11d206e
13.0,17.76574708810883,21.63233306606864,0.7290137982153796,-16.424547477284854,0.07,21.990278431217405,9.862410088439644,11.101377355139247,0ec4201bbd3590a27e3af396c11d206e
13.5,18.151313701145316,21.993503895790393,0.7198895541306956,-16.880114090321342,0.07,21.490278431217405,10.1846765405856,11.483730296315718,0ec4201bbd3590a27e3af396c11d206e
14.0,18.536313701145318,22.358484467970285,0.7105155897674795,-17.33511409032134,0.07,20.990278431217405,10.504676540585601,11.86608323749219,0ec4201bbd3590a27e3af396c11d206e
14.5,18.921313701145316,22.727614080558254,0.7008781428575789,-17.790114090321342,0.07,20.490278431217405,10.824676540585601,12.248436178668658,0ec4201bbd3590a27e3af396c11d206e
15.0,19.3134111474473,23.100693839906867,0.6909772134009937,-18.24511409032134,0.06,19.990278431217405,11.144676540585602,12.672538803974456,0ec4201bbd3590a27e3af396c11d206e
15.5,19.706000177892996,23.47587991263108,0.6808578148157363,-18.697703120767034,0.06,19.490278431217405,11.455032662368371,13.113715274562692,0ec4201bbd3590a27e3af396c11d206e
16.0,20.096000177892996,23.852874895765552,0.6705254173256379,-19.14770312076703,0.06,18.990278431217405,11.755032662368372,13.554891745150925,0ec4201bbd3590a27e3af396c11d206e
16.5,20.486000177892997,24.23328999359785,0.659932432701456,-19.59770312076703,0.06,18.490278431217405,12.05503266236837,13.996068215739161,0ec4201bbd3590a27e3af396c11d206e
17.0,20.876000177893,24.616966649743354,0.6490788609431907,-20.04770312076703,0.06,17.990278431217405,12.355032662368371,14.437244686327396,0ec4201bbd3590a27e3af396c11d206e
17.5,21.266000177892998,25.00375472114826,0.6379647020508417,-20.49770312076703,0.06,17.490278431217405,12.655032662368372,14.878421156915632,0ec4201bbd3590a27e3af396c11d206e
18.0,21.656000177893,25.393512031149033,0.6265899560244093,-20.947703120767038,0.06,16.990278431217405,12.955032662368371,15.319597627503867,0ec4201bbd3590a27e3af396c11d206e
18.5,22.04484385988026,25.784937622977317,0.6149894536212628,-21.39557120401198,0.05,16.490278431217405,13.24650499534815,15.760774098092103,0ec4201bbd3590a27e3af396c11d206e
19.0,22.439843859880263,26.17749184747926,0.6031772871415171,-21.84057120401198,0.05,15.990278431217405,13.52650499534815,16.20195056868034,0ec4201bbd3590a27e3af396c11d206e
19.5,22.832984936497038,26.57031553914287,0.5911783565767691,-22.281542545015103,0.04,15.490278431217405,13.79039035936064,16.655890189937143,0ec4201bbd3590a27e3af396c11d206e
20.0,23.232984936497036,26.965036814264366,0.5789414496643912,-22.721542545015105,0.04,14.990278431217405,14.050390359360641,17.155890189937143,0ec4201bbd3590a27e3af396c11d206e
0.0,10.368465438800783,14.47742484301097,0.878626718493955,-3.7157771794050554,0.47,35.265519832615624,3.0817320425764323,5.885419345581939,5b70e0dd74bb9e7e72a626433af068a8
0.5,10.406604923634378,14.613747201331911,0.8763302062504104,-4.2157771794050545,0.45,34.765519832615624,2.8320239558085354,5.797184051464292,5b70e0dd74bb9e7e72a626433af068a8
1.0,10.479340085259418,14.76575038539665,0.8737441527467729,-4.715777179405055,0.41,34.265519832615624,2.643113735823269,5.74390570034232,5b70e0dd74bb9e7e72a626433af068a8
1.5,10.592636421291894,14.932955555523709,0.8708685579830426,-5.215777179405055,0.38,33.765519832615624,2.596299079953175,5.714493935636438,5b70e0dd74bb9e7e72a626433af068a8
2.0,10.729652434275472,15.114858213117694,0.8677034219592195,-5.715777179405055,0.35,33.265519832615624,2.639999455240654,5.6850821709305555,5b70e0dd74bb9e7e72a626433af068a8
2.5,10.891562967549811,15.31093452347232,0.8642487446753034,-6.215777179405055,0.33,32.765519832615624,2.72502014982648,5.655670406224673,5b70e0dd74bb9e7e72a626433af068a8
3.0,11.08321739318685,15.520647317733289,0.8605045261312947,-6.715777179405055,0.3,32.265519832615624,2.82502014982648,5.700367306613715,5b70e0dd74bb9e7e72a626433af068a8
3.5,11.291689316397163,15.74345166540256,0.8564707663271931,-7.215777179405055,0.28,31.765519832615624,2.9589078426677315,5.788602600731362,5b70e0dd74bb9e7e72a626433af068a8
4.0,11.520549412322842,15.978799939928898,0.8521474652629986,-7.715777179405055,0.27,31.265519832615624,3.1389078426677317,5.876837894849009,5b70e0dd74bb9e7e72a626433af068a8
4.5,11.767184177252204,16.226146329294483,0.8475346229387113,-8.215777179405055,0.24,30.765519832615624,3.3533134647735245,5.9901586477092446,5b70e0dd74bb9e7e72a626433af068a8
5.0,12.033050856302216,16.48495076968936,0.8426322393543312,-8.715777179405055,0.23,30.265519832615624,3.5967801809735622,6.137217471238657,5b70e0dd74bb9e7e72a626433af068a8
5.5,12.312647790326823,16.754682302523282,0.8374403145098582,-9.215777179405055,0.21,29.765519832615624,3.8786636846757436,6.284276294768069,5b70e0dd74bb9e7e72a626433af068a8
6.0,12.604087378665426,17.03326342728611,0.8319895937809534,-9.713156847376295,0.19,29.265519832615624,4.184422038030167,6.43133511829748,5b70e0dd74bb9e7e72a626433af068a8
6.5,12.916470064576286,17.32029791402847,0.8262794597630887,-10.208156847376296,0.17,28.765519832615624,4.573952781673592,6.578393941826892,5b70e0dd74bb9e7e72a626433af068a8
7.0,13.24314003670819,17.61527847648734,0.8203118314178452,-10.699648965222266,0.15,28.265519832615624,4.99992125305747,6.755910731744175,5b70e0dd74bb9e7e72a626433af068a8
7.5,13.585215918336953,17.91850118646703,0.8140724205409485,-11.189648965222267,0.14,27.765519832615624,5.41992125305747,7.020616614097116,5b70e0dd74bb9e7e72a626433af068a8
8.0,13.94749631765124,18.229323680555193,0.8075661058307758,-11.677850928314749,0.12,27.265519832615624,5.86874244896421,7.285322496450057,5b70e0dd74bb9e7e72a626433af068a8
8.5,14.313473898950658,18.546659882004764,0.8008080096037564,-12.162850928314748,0.11,26.765519832615624,6.30874244896421,7.555778857034879,5b70e0dd74bb9e7e72a626433af068a8
9.0,14.69454039996156,18.870643032155424,0.7937880379346327,-12.645828049796387,0.1,26.265519832615624,6.740650934890766,7.926892854265843,5b70e0dd74bb9e7e72a626433af068a8
9.5,15.074540399961561,19.200442612003307,0.7865171773845387,-13.125828049796388,0.1,25.765519832615624,7.160650934890766,8.309245795442314,5b70e0dd74bb9e7e72a626433af068a8
10.0,15.45454039996156,19.536960473590277,0.7789683572247558,-13.605828049796386,0.1,25.265519832615624,7.580650934890766,8.691598736618785,5b70e0dd74bb9e7e72a626433af068a8
10.5,15.831412813138332,19.87857220796604,0.77117112199594,-14.08270046297316,0.1,24.765519832615624,7.988140587597852,9.073951677795254,5b70e0dd74bb9e7e72a626433af068a8
11.0,16.202978534274603,20.223868004009876,0.7631524481966592,-14.554266184109428,0.1,24.265519832615624,8.37440347214293,9.456304618971725,5b70e0dd74bb9e7e72a626433af068a8
11.5,16.571503174040714,20.571777290918057,0.7549334235155151,-15.019572233921654,0.09,23.765519832615624,8.735627671391825,9.838657560148196,5b70e0dd74bb9e7e72a626433af068a8
12.0,16.946503174040714,20.924867816573023,0.7464486646003534,-15.484572233921654,0.09,23.265519832615624,9.095627671391824,10.221010501324667,5b70e0dd74bb9e7e72a626433af068a8
12.5,17.31870621751651,21.28156126873362,0.7377307180375039,-15.946775277397448,0.09,22.765519832615624,9.444439845295005,10.603363442501136,5b70e0dd74bb9e7e72a626433af068a8
13.0,17.695598343773444,21.64189514142096,0.7287741788307234,-16.406775277397447,0.08,22.265519832615624,9.784439845295005,10.985716383677607,5b70e0dd74bb9e7e72a626433af068a8
13.5,18.081593077549357,22.006174674548564,0.7195667097233382,-16.86614107355308,0.07,21.765519832615624,10.12190302991754,11.368069324854078,5b70e0dd74bb9e7e72a626433af068a8
14.0,18.47174501110473,22.370636219837284,0.7102008368898869,-17.32114107355308,0.06,21.265519832615624,10.441903029917539,11.780727757532762,5b70e0dd74bb9e7e72a626433af068a8
14.5,18.86674501110473,22.739261332634552,0.700571481509751,-17.77614107355308,0.06,20.765519832615624,10.761903029917539,12.221904228120998,5b70e0dd74bb9e7e72a626433af068a8
15.0,19.261745011104733,23.111850791907646,0.6906786435829305,-18.23114107355308,0.06,20.265519832615624,11.08190302991754,12.663080698709233,5b70e0dd74bb9e7e72a626433af068a8
15.5,19.656745011104732,23.488215941210925,0.6805223231094257,-18.68614107355308,0.06,19.765519832615624,11.40190302991754,13.104257169297469,5b70e0dd74bb9e7e72a626433af068a8
16.0,20.04788577945003,23.865559796381504,0.6701748965905352,-19.13728184189838,0.06,19.265519832615624,11.706466103298728,13.545433639885703,5b70e0dd74bb9e7e72a626433af068a8
16.5,20.441060057818977,24.24556095941192,0.6595879467467841,-19.58728184189838,0.05,18.765519832615624,12.006466103298727,14.005282336173636,5b70e0dd74bb9e7e72a626433af068a8
17.0,20.841060057818982,24.628834890803457,0.6487404097689495,-20.03728184189838,0.05,18.265519832615624,12.306466103298728,14.505282336173636,5b70e0dd74bb9e7e72a626433af068a8
17.5,21.241060057818977,25.015231158643253,0.6376322856570313,-20.48728184189838,0.05,17.765519832615624,12.606466103298729,15.005282336173636,5b70e0dd74bb9e7e72a626433af068a8
18.0,21.641060057818976,25.404607293997966,0.6262635744110298,-20.93728184189838,0.05,17.265519832615624,12.906466103298728,15.505282336173636,5b70e0dd74bb9e7e72a626433af068a8
18.5,22.04731824668069,25.796828363272738,0.6146342760309447,-21.387281841898375,0.04,16.765519832615624,13.206466103298728,16.005282336173636,5b70e0dd74bb9e7e72a626433af068a8
19.0,22.45731824668069,26.19176655832996,0.6027443905167758,-21.837281841898374,0.04,16.265519832615624,13.506466103298727,16.505282336173636,5b70e0dd74bb9e7e72a626433af068a8
19.5,22.860282105954692,26.58538519705112,0.5907144893421108,-22.28024570117238,0.04,15.765519832615624,13.778321540394742,17.005282336173636,5b70e0dd74bb9e7e72a626433af068a8
20.0,23.260282105954694,26.9798619673407,0.5784783334093337,-22.72024570117238,0.04,15.265519832615624,14.038321540394742,17.505282336173636,5b70e0dd74bb9e7e72a626433af068a8
0.0,10.403656500597101,14.478517717472604,0.8786083933059171,-3.739968476919189,0.47,34.79673716070505,3.0866622672685504,6.0463719292060185,ef20599a6bc21aa852a0ba72976ecbc3
0.5,10.436502026033297,14.615657486821702,0.8762978723048415,-4.239968476919189,0.46,34.29673716070505,2.8666622672685502,5.916051490595415,ef20599a6bc21aa852a0ba72976ecbc3
1.0,10.495807722336993,14.768460050018973,0.873697810043673,-4.739968476919189,0.42,33.79673716070505,2.7019292846668397,5.827816196477769,ef20599a6bc21aa852a0ba72976ecbc3
1.5,10.603264737662997,14.936444715056046,0.8708082065224116,-5.239968476919189,0.36,33.29673716070505,2.662684727280374,5.747861898024902,ef20599a6bc21aa852a0ba72976ecbc3
2.0,10.745459785001026,15.119105436593953,0.8676290617410574,-5.739968476919189,0.34,32.79673716070505,2.682684727280374,5.731362176483893,ef20599a6bc21aa852a0ba72976ecbc3
2.5,10.935315663805918,15.31591713479033,0.8641603756996104,-6.239968476919189,0.3,32.29673716070505,2.751055563804182,5.819597470601541,ef20599a6bc21aa852a0ba72976ecbc3
3.0,11.13807238380086,15.526341686201654,0.8604021483980706,-6.739968476919189,0.29,31.79673716070505,2.862082443783952,5.9078327647191875,ef20599a6bc21aa852a0ba72976ecbc3
3.5,11.355967485479367,15.749833479551535,0.8563543798364379,-7.239968476919189,0.27,31.29673716070505,3.0256933989708377,5.996068058836834,ef20599a6bc21aa852a0ba72976ecbc3
4.0,11.591784151711645,15.985844460350588,0.8520170700147124,-7.739968476919189,0.25,30.79673716070505,3.219968819914702,6.097525770579857,ef20599a6bc21aa852a0ba72976ecbc3
4.5,11.841784151711645,16.233828617656428,0.847390218932894,-8.23996847691919,0.25,30.29673716070505,3.4399688199147023,6.244584594109269,ef20599a6bc21aa852a0ba72976ecbc3
5.0,12.103618911078408,16.493245892314828,0.8424738265909828,-8.73996847691919,0.23,29.79673716070505,3.672845556459032,6.391643417638681,ef20599a6bc21aa852a0ba72976ecbc3
5.5,12.373618911078408,16.76356550800811,0.8372678929889789,-9.23996847691919,0.23,29.29673716070505,3.932845556459032,6.538702241168092,ef20599a6bc21aa852a0ba72976ecbc3
6.0,12.66258202136524,17.043258616965257,0.8317923575209382,-9.738261410623982,0.19,28.79673716070505,4.247787099895277,6.6857610646975045,ef20599a6bc21aa852a0ba72976ecbc3
6.5,12.968189075524638,17.330397340713294,0.826076808586472,-10.23214504764174,0.18,28.29673716070505,4.610215316532871,6.832819888226916,ef20599a6bc21aa852a0ba72976ecbc3
7.0,13.291598989805982,17.625260765011227,0.8201081210563645,-10.72214504764174,0.16,27.79673716070505,5.030046066259582,7.000185928519076,ef20599a6bc21aa852a0ba72976ecbc3
7.5,13.628190460135595,17.928942023507297,0.813855683091366,-11.21214504764174,0.15,27.29673716070505,5.476411947578033,7.206068281460253,ef20599a6bc21aa852a0ba72976ecbc3
8.0,13.976134534446777,18.239173159674724,0.8073581018806522,-11.69808140619499,0.12,26.79673716070505,5.920157381791033,7.447558580830913,ef20599a6bc21aa852a0ba72976ecbc3
8.5,14.341134534446775,18.556886025268188,0.8005882905375172,-12.18308140619499,0.12,26.29673716070505,6.3601573817910335,7.7710879925956196,ef20599a6bc21aa852a0ba72976ecbc3
9.0,14.72384232316276,18.882097350691446,0.7935376241720922,-12.66808140619499,0.1,25.79673716070505,6.800157381791033,8.152818046358561,ef20599a6bc21aa852a0ba72976ecbc3
9.5,15.1039735390612,19.212337461009163,0.7862525863471705,-13.148212622093428,0.1,25.29673716070505,7.22068224538479,8.535170987535032,ef20599a6bc21aa852a0ba72976ecbc3
10.0,15.483973539061202,19.549223087831123,0.7786908036728485,-13.628212622093429,0.1,24.79673716070505,7.64068224538479,8.917523928711503,ef20599a6bc21aa852a0ba72976ecbc3
10.5,15.868974656405443,19.891585624586803,0.770871420366501,-14.106044666075618,0.09,24.29673716070505,8.052010421313547,9.299876869887973,ef20599a6bc21aa852a0ba72976ecbc3
11.0,16.25200297020806,20.237808696787067,0.7628258087074147,-14.579072979878235,0.09,23.79673716070505,8.444123676524013,9.682229811064444,ef20599a6bc21aa852a0ba72976ecbc3
11.5,16.628124571660397,20.586443560174278,0.7545838675622982,-15.04519458133057,0.09,23.29673716070505,8.808610082333354,10.064582752240915,ef20599a6bc21aa852a0ba72976ecbc3
12.0,17.00178366935404,20.939189893234467,0.7461014581616745,-15.508853679024215,0.09,22.79673716070505,9.16324647310793,10.446935693417386,ef20599a6bc21aa852a0ba72976ecbc3
12.5,17.381060063351125,21.29503526796696,0.7373985116977236,-15.968853679024214,0.08,22.29673716070505,9.50324647310793,10.829288634593855,ef20599a6bc21aa852a0ba72976ecbc3
13.0,17.761060063351124,21.65565470594184,0.7284291872744872,-16.428853679024215,0.08,21.79673716070505,9.843246473107932,11.211641575770326,ef20599a6bc21aa852a0ba72976ecbc3
13.5,18.147043790110672,22.01926486261591,0.719232983723825,-16.887235878922866,0.07,21.29673716070505,10.176775272702537,11.593994516946797,ef20599a6bc21aa852a0ba72976ecbc3
14.0,18.532043790110674,22.383984474819364,0.7098548952573174,-17.342235878922864,0.07,20.79673716070505,10.496775272702537,11.976347458123268,ef20599a6bc21aa852a0ba72976ecbc3
14.5,18.91704379011067,22.752856894198523,0.7002133242441251,-17.797235878922866,0.07,20.29673716070505,10.816775272702536,12.358700399299737,ef20599a6bc21aa852a0ba72976ecbc3
15.0,19.310337835707784,23.12568340021112,0.6903082706842485,-18.252235878922864,0.06,19.79673716070505,11.136775272702536,12.789841843988647,ef20599a6bc21aa852a0ba72976ecbc3
15.5,19.705337835707784,23.502275817582497,0.6801397345776872,-18.707235878922866,0.06,19.29673716070505,11.456775272702536,13.231018314576882,ef20599a6bc21aa852a0ba72976ecbc3
16.0,20.096225850580467,23.879665619903538,0.6697848927803216,-19.158123893795548,0.06,18.79673716070505,11.760327332193263,13.672194785165118,ef20599a6bc21aa852a0ba72976ecbc3
16.5,20.486225850580468,24.25987539152249,0.6591858736686322,-19.608123893795547,0.06,18.29673716070505,12.060327332193262,14.113371255753353,ef20599a6bc21aa852a0ba72976ecbc3
17.0,20.876225850580465,24.643349567499833,0.6483262674228591,-20.05812389379555,0.06,17.79673716070505,12.360327332193263,14.554547726341589,ef20599a6bc21aa852a0ba72976ecbc3
17.5,21.272819238361663,25.02993811018696,0.6372060740430026,-20.508123893795545,0.05,17.29673716070505,12.660327332193262,15.034508830936902,ef20599a6bc21aa852a0ba72976ecbc3
18.0,21.67281923836166,25.419498926878656,0.6258252935290625,-20.958123893795545,0.05,16.79673716070505,12.960327332193263,15.534508830936902,ef20599a6bc21aa852a0ba72976ecbc3
18.5,22.072819238361664,25.811897442601555,0.6141839258810389,-21.40812389379554,0.05,16.29673716070505,13.260327332193263,16.034508830936907,ef20599a6bc21aa852a0ba72976ecbc3
19.0,22.469425218675642,26.205113901257455,0.6023394038682035,-21.854729874109516,0.05,15.79673716070505,13.546751253449166,16.534508830936907,ef20599a6bc21aa852a0ba72976ecbc3
19.5,22.860121020676523,26.59723151856197,0.5903496567129409,-22.294729874109517,0.04,15.29673716070505,13.806751253449166,17.034508830936907,ef20599a6bc21aa852a0ba72976ecbc3
20.0,23.259326693880492,26.99121372148256,0.5781235490168172,-22.733935547313486,0.04,14.79673716070505,14.063573946265034,17.534508830936907,ef20599a6bc21aa852a0ba72976ecbc3
0.0,10.630604260976941,14.814175486641345,0.8729146686298691,-3.9648700343198344,0.45,36.33249027284269,3.163543720125684,5.944209695965768,1bc0f70ad5a5e2379fef6fca8b313d4e
0.5,10.7031914217819,14.955756931139431,0.8704739110681402,-4.464870034319834,0.42,35.83249027284269,3.037194091881196,5.797150872436356,1bc0f70ad5a5e2379fef6fca8b313d4e
1.0,10.789331980236813,15.112562172498912,0.8677436122463184,-4.964870034319834,0.41,35.33249027284269,2.96175632570083,5.650092048906945,1bc0f70ad5a5e2379fef6fca8b313d4e
1.5,10.886789792891447,15.284122658889022,0.8647237721644038,-5.4648700343198335,0.38,34.83249027284269,2.90175632570083,5.54401530766516,1bc0f70ad5a5e2379fef6fca8b313d4e
2.0,11.022100093570828,15.469947494619516,0.8614143908223963,-5.9648700343198335,0.34,34.33249027284269,2.856732223132432,5.529363060046961,1bc0f70ad5a5e2379fef6fca8b313d4e
2.5,11.196409564637145,15.669529205454914,0.8578154682202961,-6.4648700343198335,0.31,33.83249027284269,2.893970107397713,5.5587748247528435,1bc0f70ad5a5e2379fef6fca8b313d4e
3.0,11.397912682619232,15.882349182502075,0.853927004358103,-6.964870034319835,0.29,33.33249027284269,3.0095251647749763,5.632976904975023,1bc0f70ad5a5e2379fef6fca8b313d4e
3.5,11.614355788614974,16.10788271590168,0.8497489992358171,-7.464870034319835,0.28,32.83249027284269,3.175297588757942,5.72121219909267,1bc0f70ad5a5e2379fef6fca8b313d4e
4.0,11.84128555240856,16.345603556417363,0.8452814528534384,-7.964870034319835,0.27,32.33249027284269,3.3830166439322884,5.8094474932103175,1bc0f70ad5a5e2379fef6fca8b313d4e
4.5,12.085963528108756,16.59498796799455,0.8405243652109669,-8.464870034319835,0.25,31.83249027284269,3.6413404164411696,5.897682787327964,1bc0f70ad5a5e2379fef6fca8b313d4e
5.0,12.351354780405734,16.855518256410974,0.8354777363084024,-8.964870034319834,0.22,31.33249027284269,3.9552531983496606,5.985918081445611,1bc0f70ad5a5e2379fef6fca8b313d4e
5.5,12.637340033739454,17.12533392592623,0.8301683797812643,-9.462581048986927,0.2,30.83249027284269,4.286097257018031,6.0851423624598455,1bc0f70ad5a5e2379fef6fca8b313d4e
6.0,12.932340033739454,17.403653154538183,0.8246033498282286,-9.957581048986926,0.2,30.33249027284269,4.60609725701803,6.232201185989258,1bc0f70ad5a5e2379fef6fca8b313d4e
6.5,13.235343624491035,17.691180432163215,0.818759989125204,-10.451562805619531,0.19,29.83249027284269,4.9581116200243605,6.379260009518669,1bc0f70ad5a5e2379fef6fca8b313d4e
7.0,13.556167747436527,17.986228840114713,0.8126642406068332,-10.941562805619531,0.16,29.33249027284269,5.337661337187528,6.540606227704441,1bc0f70ad5a5e2379fef6fca8b313d4e
7.5,13.888839438627894,18.288035916153774,0.806324543746366,-11.427376522647576,0.14,28.83249027284269,5.72370835415822,6.746488580645617,1bc0f70ad5a5e2379fef6fca8b313d4e
8.0,14.23664337300065,18.59763786595432,0.7997114928694222,-11.912376522647575,0.13,28.33249027284269,6.123708354158221,6.952370933586794,1bc0f70ad5a5e2379fef6fca8b313d4e
8.5,14.589684593510704,18.913500958653117,0.7928503006173875,-12.393920414252014,0.12,27.83249027284269,6.509883920575986,7.16706110361982,1bc0f70ad5a5e2379fef6fca8b313d4e
9.0,14.959986133170911,19.236019310845588,0.7857253153757386,-12.873920414252014,0.1,27.33249027284269,6.902626428901852,7.473625295259475,1bc0f70ad5a5e2379fef6fca8b313d4e
9.5,15.345801622392804,19.565488988049246,0.7783223705244007,-13.353920414252013,0.09,26.83249027284269,7.322626428901852,7.831363467152937,1bc0f70ad5a5e2379fef6fca8b313d4e
10.0,15.735801622392803,19.90156475646396,0.7706414660633736,-13.833920414252013,0.09,26.33249027284269,7.742626428901852,8.213716408329407,1bc0f70ad5a5e2379fef6fca8b313d4e
10.5,16.121751787371704,20.242276618337005,0.7627210747741039,-14.309870579230912,0.09,25.83249027284269,8.14642708881745,8.596069349505877,1bc0f70ad5a5e2379fef6fca8b313d4e
11.0,16.50685546030537,20.586768966550274,0.7545761089997082,-14.781358978733568,0.08,25.33249027284269,8.532380686828075,8.978422290682348,1bc0f70ad5a5e2379fef6fca8b313d4e
11.5,16.891855460305372,20.933440124854087,0.7462408768671062,-15.246358978733568,0.08,24.83249027284269,8.892380686828075,9.360775231858819,1bc0f70ad5a5e2379fef6fca8b313d4e
12.0,17.274911078133215,21.28455772381194,0.7376568575309435,-15.709414596561412,0.08,24.33249027284269,9.244603158139444,9.743128173035288,1bc0f70ad5a5e2379fef6fca8b313d4e
12.5,17.654911078133217,21.639357940910447,0.7288377697454145,-16.169414596561413,0.08,23.83249027284269,9.584603158139444,10.125481114211759,1bc0f70ad5a5e2379fef6fca8b313d4e
13.0,18.034911078133216,21.9988914877865,0.7197523040006,-16.62941459656141,0.08,23.33249027284269,9.924603158139444,10.50783405538823,1bc0f70ad5a5e2379fef6fca8b313d4e
13.5,18.414911078133215,22.362930069379704,0.7104004602965002,-17.08941459656141,0.08,22.83249027284269,10.264603158139446,10.890186996564701,1bc0f70ad5a5e2379fef6fca8b313d4e
14.0,18.790869875028122,22.725673907407483,0.7009292105519598,-17.542718384077155,0.07,22.33249027284269,10.577818308202406,11.288157639971557,1bc0f70ad5a5e2379fef6fca8b313d4e
14.5,19.170869875028117,23.089910630617403,0.6912656445339598,-17.992718384077154,0.07,21.83249027284269,10.877818308202409,11.729334110559792,1bc0f70ad5a5e2379fef6fca8b313d4e
15.0,19.560816063693782,23.458083709330896,0.6813414913818763,-18.442718384077153,0.06,21.33249027284269,11.17781830820241,12.170510581148028,1bc0f70ad5a5e2379fef6fca8b313d4e
15.5,19.95081606369378,23.83001069445947,0.6711567510957093,-18.89271838407715,0.06,20.83249027284269,11.477818308202409,12.611687051736263,1bc0f70ad5a5e2379fef6fca8b313d4e
16.0,20.34081606369378,24.205518546028507,0.6607114236754588,-19.34271838407715,0.06,20.33249027284269,11.77781830820241,13.052863522324499,1bc0f70ad5a5e2379fef6fca8b313d4e
16.5,20.73081606369378,24.58444317990967,0.6500055091211245,-19.792718384077155,0.06,19.83249027284269,12.077818308202408,13.494039992912732,1bc0f70ad5a5e2379fef6fca8b313d4e
17.0,21.120816063693777,24.966629024565655,0.6390390074327069,-20.242718384077154,0.06,19.33249027284269,12.377818308202409,13.935216463500966,1bc0f70ad5a5e2379fef6fca8b313d4e
17.5,21.510816063693778,25.351928590037513,0.6278119186102057,-20.692718384077153,0.06,18.83249027284269,12.67781830820241,14.376392934089202,1bc0f70ad5a5e2379fef6fca8b313d4e
18.0,21.897351181796985,25.738294123439353,0.6163811185368757,-21.139253502180352,0.06,18.33249027284269,12.963958780615235,14.817569404677437,1bc0f70ad5a5e2379fef6fca8b313d4e
18.5,22.282351181796983,26.126644214036613,0.6047173811578749,-21.584253502180353,0.06,17.83249027284269,13.243958780615236,15.25874587526567,1bc0f70ad5a5e2379fef6fca8b313d4e
19.0,22.670573106203427,26.517697701516873,0.5927959520573913,-22.029253502180353,0.05,17.33249027284269,13.523958780615235,15.69992234585391,1bc0f70ad5a5e2379fef6fca8b313d4e
19.5,23.065573106203427,26.9113367354952,0.5806168312354253,-22.474253502180353,0.05,16.83249027284269,13.803958780615234,16.141098816442145,1bc0f70ad5a5e2379fef6fca8b313d4e
20.0,23.460439204710177,27.306457073413448,0.5682114052490289,-22.917903049207865,0.04,16.33249027284269,14.078556968725284,16.589431472202367,1bc0f70ad5a5e2379fef6fca8b313d4e
0.0,10.574954119704605,14.653271254894417,0.8756603518473456,-3.967309870702154,0.43,34.667166044084624,3.1902884090277537,5.890966760610958,07a4c6d2aace3304493b5c3533345de0
0.5,10.654857366534232,14.796474861946582,0.8732181814190155,-4.467309870702154,0.41,34.167166044084624,3.0260785480373507,5.743907937081546,07a4c6d2aace3304493b5c3533345de0
1.0,10.75940408970798,14.955031869271268,0.8704864697305927,-4.967309870702154,0.39,33.667166044084624,2.913305226378472,5.642378840543124,07a4c6d2aace3304493b5c3533345de0
1.5,10.879397297953657,15.128459540932162,0.867465216782077,-5.467309870702154,0.37,33.167166044084624,2.8346140059504408,5.581590683794223,07a4c6d2aace3304493b5c3533345de0
2.0,11.027163621096276,15.316252738588625,0.8641544225734684,-5.967309870702154,0.34,32.667166044084624,2.845679298520917,5.552178919088341,07a4c6d2aace3304493b5c3533345de0
2.5,11.193434442270803,15.517889928177276,0.860554087104767,-6.467309870702154,0.33,32.167166044084624,2.905679298520917,5.522767154382458,07a4c6d2aace3304493b5c3533345de0
3.0,11.370547317299327,15.732838831365683,0.8566642103759728,-6.967309870702153,0.31,31.667166044084624,2.9891836594910437,5.500630594300076,07a4c6d2aace3304493b5c3533345de0
3.5,11.568977361997844,15.960561630607804,0.8524847923870857,-7.467309870702153,0.29,31.167166044084624,3.0948960152112464,5.57123033411458,07a4c6d2aace3304493b5c3533345de0
4.0,11.780873830109542,16.200519665588885,0.8480158331381059,-7.967309870702153,0.28,30.667166044084624,3.2348960152112465,5.670621323006908,07a4c6d2aace3304493b5c3533345de0
4.5,12.002128047655512,16.452177585530563,0.8432573326290332,-8.467309870702152,0.27,30.167166044084624,3.3748960152112466,5.81768014653632,07a4c6d2aace3304493b5c3533345de0
5.0,12.25037138765558,16.715006945153704,0.8382092908598677,-8.967309870702152,0.24,29.667166044084624,3.5553488606171864,5.964738970065731,07a4c6d2aace3304493b5c3533345de0
5.5,12.519137029608777,16.9864119289869,0.832912577636882,-9.462438192077315,0.21,29.167166044084624,3.810411428429966,6.1117977935951435,07a4c6d2aace3304493b5c3533345de0
6.0,12.816680146898323,17.267835081830782,0.8273302579341799,-9.957438192077314,0.19,28.667166044084624,4.180583897588162,6.258856617124556,07a4c6d2aace3304493b5c3533345de0
6.5,13.13520066068391,17.558201013829503,0.8214744049915271,-10.451035258264103,0.16,28.167166044084624,4.599991092624946,6.4337385793287964,07a4c6d2aace3304493b5c3533345de0
7.0,13.482564680169732,17.855992218308884,0.8153673803162048,-10.941035258264103,0.14,27.667166044084624,5.052925275637001,6.639620932269972,07a4c6d2aace3304493b5c3533345de0
7.5,13.83119365401121,18.158111551071766,0.809066639947124,-11.42272681361004,0.13,27.167166044084624,5.479691497020764,6.84550328521115,07a4c6d2aace3304493b5c3533345de0
8.0,14.18119365401121,18.46753210136037,0.8025040559433232,-11.902726813610041,0.13,26.667166044084624,5.899691497020764,7.051385638152326,07a4c6d2aace3304493b5c3533345de0
8.5,14.54041694161627,18.784633846002585,0.7956635123298331,-12.382726813610041,0.12,26.167166044084624,6.319691497020764,7.3115226240644535,07a4c6d2aace3304493b5c3533345de0
9.0,14.91769667212425,19.109034395855694,0.7885450091066539,-12.862726813610045,0.1,25.667166044084624,6.739691497020764,7.6257635447390175,07a4c6d2aace3304493b5c3533345de0
9.5,15.29769667212425,19.44036836985364,0.7811485462737858,-13.34272681361004,0.1,25.167166044084624,7.159691497020764,7.949292956503723,07a4c6d2aace3304493b5c3533345de0
10.0,15.673918779762005,19.7767230764945,0.7735099537079406,-13.818948921247795,0.1,24.667166044084624,7.564579927571766,8.272822368268429,07a4c6d2aace3304493b5c3533345de0
10.5,16.048918779762005,20.118777909346225,0.7656075336750396,-14.293948921247795,0.1,24.167166044084624,7.964579927571766,8.596351780033135,07a4c6d2aace3304493b5c3533345de0
11.0,16.426353810296593,20.46576124753918,0.7574528016236567,-14.76717727700968,0.08,23.667166044084624,8.357493350619306,8.930018457693373,07a4c6d2aace3304493b5c3533345de0
11.5,16.816353810296594,20.816569379181722,0.7490664259083105,-15.23717727700968,0.08,23.167166044084624,8.737493350619307,9.312371398869843,07a4c6d2aace3304493b5c3533345de0
12.0,17.20380819518222,21.17144722680472,0.7404377390873189,-15.704631661895302,0.08,22.667166044084624,9.107310890161807,9.694724340046314,07a4c6d2aace3304493b5c3533345de0
12.5,17.588094150717197,21.52984917627042,0.7315753282396353,-16.168917617430278,0.08,22.167166044084624,9.464454712301706,10.077077281222785,07a4c6d2aace3304493b5c3533345de0
13.0,17.968094150717196,21.891169981761653,0.7224901502867486,-16.628917617430275,0.08,21.667166044084624,9.804454712301705,10.459430222399256,07a4c6d2aace3304493b5c3533345de0
13.5,18.348094150717195,22.2569593787609,0.7131385943745765,-17.088917617430276,0.08,21.167166044084624,10.144454712301705,10.841783163575727,07a4c6d2aace3304493b5c3533345de0
14.0,18.72861345997927,22.62261992720132,0.7036354497348228,-17.54424982677139,0.07,20.667166044084624,10.46578354966615,11.254648457228463,07a4c6d2aace3304493b5c3533345de0
14.5,19.113613459979273,22.99205693706802,0.6938768959755979,-17.99924982677139,0.07,20.167166044084624,10.785783549666151,11.695824927816698,07a4c6d2aace3304493b5c3533345de0
15.0,19.49861345997927,23.365389618496607,0.6838548596696884,-18.45424982677139,0.07,19.667166044084624,11.105783549666148,12.137001398404934,07a4c6d2aace3304493b5c3533345de0
15.5,19.88890430869481,23.742434202307912,0.6735693408170944,-18.90924982677139,0.06,19.167166044084624,11.425783549666148,12.578177868993167,07a4c6d2aace3304493b5c3533345de0
16.0,20.28195897423621,24.121718482363587,0.6630566068553172,-19.362304492312795,0.06,18.667166044084624,11.738002211831759,13.019354339581403,07a4c6d2aace3304493b5c3533345de0
16.5,20.671958974236208,24.502338807442726,0.6523393503280652,-19.812304492312794,0.06,18.167166044084624,12.038002211831758,13.460530810169638,07a4c6d2aace3304493b5c3533345de0
17.0,21.061958974236212,24.886179126716634,0.64136150666673,-20.262304492312794,0.06,17.667166044084624,12.338002211831759,13.901707280757874,07a4c6d2aace3304493b5c3533345de0
17.5,21.451958974236213,25.27309272762911,0.630123075871311,-20.712304492312793,0.06,17.167166044084624,12.638002211831758,14.34288375134611,07a4c6d2aace3304493b5c3533345de0
18.0,21.841958974236213,25.66294060530968,0.6186240579418085,-21.162304492312792,0.06,16.667166044084624,12.938002211831758,14.784060221934345,07a4c6d2aace3304493b5c3533345de0
18.5,22.231958974236214,26.055591050750795,0.6068644528782225,-21.612304492312795,0.06,16.167166044084624,13.238002211831759,15.225236692522579,07a4c6d2aace3304493b5c3533345de0
19.0,22.624297001834353,26.449158400722638,0.5948982018639293,-22.059016342427302,0.05,15.667166044084624,13.524849612289799,15.666413163110814,07a4c6d2aace3304493b5c3533345de0
19.5,23.019297001834353,26.844356882759268,0.5827018459014248,-22.504016342427303,0.05,15.167166044084624,13.8048496122898,16.10758963369905,07a4c6d2aace3304493b5c3533345de0
20.0,23.418586939671158,27.241989883108243,0.5702477982174381,-22.949016342427303,0.04,14.667166044084624,14.0848496122898,16.574001032739076,07a4c6d2aace3304493b5c3533345de0
0.0,10.012233523558692,14.299377195128624,0.8815937299674714,-2.446086772656257,0.48,44.87162179980676,3.500574497103224,5.309618767795596,37a068ea6aa1269c9e08a796b2d08abf
0.5,10.045079689516928,14.393341340398376,0.8800324732445224,-2.946086772656258,0.46,44.37162179980676,3.3451321194462698,5.280207003089714,37a068ea6aa1269c9e08a796b2d08abf
1.0,10.104206074075337,14.503942971270854,0.8781816752614805,-3.446086772656258,0.43,43.87162179980676,3.2465730213848873,5.250795238383832,37a068ea6aa1269c9e08a796b2d08abf
1.5,10.17420607407534,14.630804779181952,0.8760413360183459,-3.946086772656258,0.43,43.37162179980676,3.1865730213848873,5.22138347367795,37a068ea6aa1269c9e08a796b2d08abf
2.0,10.264252171575828,14.773507886050275,0.8736114555151184,-4.446086772656257,0.4,42.87162179980676,3.1265730213848872,5.287212465469395,37a068ea6aa1269c9e08a796b2d08abf
2.5,10.374304867719447,14.931598107096438,0.870892033751798,-4.946086772656257,0.38,42.37162179980676,3.1067838059593473,5.375447759587042,37a068ea6aa1269c9e08a796b2d08abf
3.0,10.517140073835316,15.104592308450506,0.8678830707283849,-5.446086772656257,0.33,41.87162179980676,3.156241103114376,5.529015324466584,37a068ea6aa1269c9e08a796b2d08abf
3.5,10.687140073835316,15.291984684047994,0.8645845664448789,-5.946086772656257,0.33,41.37162179980676,3.216241103114376,5.73489767740776,37a068ea6aa1269c9e08a796b2d08abf
4.0,10.864037036497603,15.493252800810252,0.8609965209012801,-6.446086772656257,0.31,40.87162179980676,3.279788499574708,5.940780030348937,37a068ea6aa1269c9e08a796b2d08abf
4.5,11.073829906135424,15.707863289527031,0.8571189340975884,-6.946086772656257,0.27,40.37162179980676,3.4349593795854,6.1466623832901135,37a068ea6aa1269c9e08a796b2d08abf
5.0,11.313730002820234,15.935236520323889,0.8529525547507095,-7.4460221467156655,0.25,39.87162179980676,3.6889906413457574,6.352544736231289,37a068ea6aa1269c9e08a796b2d08abf
5.5,11.560379007099122,16.171743415766272,0.8485552788089038,-7.941022146715666,0.23,39.37162179980676,3.928990641345757,6.558427089172466,37a068ea6aa1269c9e08a796b2d08abf
6.0,11.845588070110615,16.41992104889958,0.8438713570196061,-8.436022146715665,0.19,38.87162179980676,4.20535871963551,6.777419433583462,37a068ea6aa1269c9e08a796b2d08abf
6.5,12.157864897275099,16.679248466247248,0.8389007893828166,-8.931022146715666,0.18,38.37162179980676,4.52535871963551,7.042125315936403,37a068ea6aa1269c9e08a796b2d08abf
7.0,12.480735721791412,16.949213891668453,0.8336435758985352,-9.426022146715665,0.17,37.87162179980676,4.876842017700755,7.306831198289344,37a068ea6aa1269c9e08a796b2d08abf
7.5,12.821241510658911,17.229010816146847,0.8281058316720006,-9.920364847645006,0.14,37.37162179980676,5.266055489497422,7.571537080642285,37a068ea6aa1269c9e08a796b2d08abf
8.0,13.173225005020486,17.512851545053206,0.822395408872174,-10.402383425714824,0.13,36.87162179980676,5.693989466943724,7.836242962995226,37a068ea6aa1269c9e08a796b2d08abf
8.5,13.5236542309064,17.804840708773195,0.8164236878888903,-10.882383425714824,0.12,36.37162179980676,6.113989466943724,8.103473703500603,37a068ea6aa1269c9e08a796b2d08abf
9.0,13.8836542309064,18.105378650845775,0.8101740072959174,-11.362383425714825,0.12,35.87162179980676,6.533989466943724,8.42700311526531,37a068ea6aa1269c9e08a796b2d08abf
9.5,14.2436542309064,18.414046799012347,0.8036463670932554,-11.842383425714825,0.12,35.37162179980676,6.953989466943724,8.750532527030016,37a068ea6aa1269c9e08a796b2d08abf
10.0,14.60355727363659,18.73039142293786,0.7968418907504862,-12.322286468445013,0.12,34.87162179980676,7.373601637864478,9.07406193879472,37a068ea6aa1269c9e08a796b2d08abf
10.5,14.957102732856852,19.050823213277305,0.7898313427351171,-12.795831927665276,0.12,34.37162179980676,7.767783474745531,9.397591350559427,37a068ea6aa1269c9e08a796b2d08abf
11.0,15.306486984680404,19.376302863465654,0.782588614301423,-13.26521617948883,0.12,33.87162179980676,8.14532048203975,9.721120762324134,37a068ea6aa1269c9e08a796b2d08abf
11.5,15.651486984680405,19.70580698261901,0.775131353961969,-13.730216179488835,0.12,33.37162179980676,8.50532048203975,10.044650174088838,37a068ea6aa1269c9e08a796b2d08abf
12.0,15.996486984680406,20.041495578317623,0.7674048202506287,-14.195216179488835,0.12,32.87162179980676,8.86532048203975,10.368179585853545,37a068ea6aa1269c9e08a796b2d08abf
12.5,16.353035972123525,20.38306309648316,0.7594090131674021,-14.660216179488835,0.1,32.37162179980676,9.22532048203975,10.708261869519168,37a068ea6aa1269c9e08a796b2d08abf
13.0,16.72159446616371,20.73002595440085,0.7511485661279039,-15.124772754931291,0.09,31.87162179980676,9.583546783809584,11.090614810695639,37a068ea6aa1269c9e08a796b2d08abf
13.5,17.090605481128335,21.07930534065197,0.7426921444187571,-15.583783769895918,0.09,31.37162179980676,9.919590843668093,11.472967751872108,37a068ea6aa1269c9e08a796b2d08abf
14.0,17.45108175779645,21.42583838037521,0.734162585118205,-16.03380355555568,0.08,30.87162179980676,10.21966998630714,11.858005934274196,37a068ea6aa1269c9e08a796b2d08abf
14.5,17.830105440116405,21.777175066052877,0.7253728053018507,-16.483803555555678,0.06,30.37162179980676,10.51966998630714,12.299182404862432,37a068ea6aa1269c9e08a796b2d08abf
15.0,18.220105440116402,22.13310094435641,0.716322438351413,-16.933803555555677,0.06,29.87162179980676,10.81966998630714,12.740358875450667,37a068ea6aa1269c9e08a796b2d08abf
15.5,18.6101054401164,22.49339816409754,0.7070114842668915,-17.383803555555676,0.06,29.37162179980676,11.119669986307139,13.1815353460389,37a068ea6aa1269c9e08a796b2d08abf
16.0,19.0001054401164,22.857860016287223,0.6974399430482868,-17.83380355555568,0.06,28.87162179980676,11.41966998630714,13.622711816627136,37a068ea6aa1269c9e08a796b2d08abf
16.5,19.399489928921316,23.226290450257824,0.6876078146955984,-18.28380355555568,0.05,28.37162179980676,11.71966998630714,14.119091162538393,37a068ea6aa1269c9e08a796b2d08abf
17.0,19.799489928921318,23.598503588899305,0.6775150992088265,-18.733803555555678,0.05,27.87162179980676,12.01966998630714,14.619091162538393,37a068ea6aa1269c9e08a796b2d08abf
17.5,20.199489928921317,23.974323247817633,0.667161796587971,-19.183803555555677,0.05,27.37162179980676,12.31966998630714,15.119091162538393,37a068ea6aa1269c9e08a796b2d08abf
18.0,20.599489928921315,24.353582462266303,0.6565479068330319,-19.633803555555676,0.05,26.87162179980676,12.619669986307139,15.619091162538393,37a068ea6aa1269c9e08a796b2d08abf
18.5,20.996833645716634,24.734605329137214,0.6457169083362269,-20.081147272351,0.05,26.37162179980676,12.909044853488417,16.119091162538393,37a068ea6aa1269c9e08a796b2d08abf
19.0,21.391833645716634,25.117411253163294,0.6346659017794196,-20.526147272350997,0.05,25.87162179980676,13.189044853488417,16.619091162538393,37a068ea6aa1269c9e08a796b2d08abf
19.5,21.786833645716634,25.503195786663383,0.6233572035011299,-20.971147272350994,0.05,25.37162179980676,13.469044853488418,17.119091162538393,37a068ea6aa1269c9e08a796b2d08abf
20.0,22.181833645716633,25.891825787403178,0.6117908135013574,-21.416147272351,0.05,24.87162179980676,13.749044853488417,17.619091162538393,37a068ea6aa1269c9e08a796b2d08abf
0.0,10.722818111567928,14.911347901040147,0.8712419882625448,-3.9325415684389746,0.46,33.853974915063134,3.252212160985585,6.072971655980428,dc474d2ab1369488c85343390d0f536b
0.5,10.787452840815668,15.050941425515326,0.868819951550312,-4.432541568438975,0.41,33.353974915063134,3.0907510779765364,5.925912832451016,dc474d2ab1369488c85343390d0f536b
1.0,10.882411072543459,15.205702198936171,0.8661083735779862,-4.932541568438975,0.4,32.853974915063134,3.0307510779765363,5.808020077908612,dc474d2ab1369488c85343390d0f536b
1.5,10.98241107254346,15.375172224439352,0.8631072543455676,-5.432541568438974,0.4,32.353974915063134,2.9707510779765363,5.719784783790964,dc474d2ab1369488c85343390d0f536b
2.0,11.090241154553146,15.558870861974858,0.8598165938530562,-5.932541568438974,0.39,31.853974915063134,2.9107510779765366,5.631549489673318,dc474d2ab1369488c85343390d0f536b
2.5,11.210818840823784,15.756300456263496,0.856236392100452,-6.432541568438974,0.35,31.353974915063134,2.885436541875372,5.543314195555671,dc474d2ab1369488c85343390d0f536b
3.0,11.385901582007104,15.966951670136922,0.852366649087755,-6.932541568438974,0.3,30.853974915063134,2.9585351860487608,5.574269123908148,dc474d2ab1369488c85343390d0f536b
3.5,11.60343927476456,16.190308434521167,0.8482073648149651,-7.432541568438974,0.27,30.353974915063134,3.085501613297981,5.6625044180257955,dc474d2ab1369488c85343390d0f536b
4.0,11.847595510180247,16.42585245195409,0.8437585392820823,-7.932541568438974,0.25,29.853974915063134,3.2821265549607257,5.750739712143442,dc474d2ab1369488c85343390d0f536b
4.5,12.110872098444496,16.673067214577078,0.8390201724891068,-8.432541568438973,0.23,29.353974915063134,3.5552329080177163,5.838975006261089,dc474d2ab1369488c85343390d0f536b
5.0,12.380872098444495,16.931441518968317,0.8339922644360384,-8.932541568438973,0.23,28.853974915063134,3.855232908017716,5.927210300378737,dc474d2ab1369488c85343390d0f536b
5.5,12.653433142733347,17.197834445533147,0.8287273633075904,-9.428102884862597,0.22,28.353974915063134,4.165477085173121,6.015445594496383,dc474d2ab1369488c85343390d0f536b
6.0,12.93974836996383,17.474012490004377,0.8231822990567272,-9.923102884862596,0.2,27.853974915063134,4.485477085173121,6.147327328848202,dc474d2ab1369488c85343390d0f536b
6.5,13.234750762740703,17.759834328779412,0.817350588958372,-10.418102884862599,0.19,27.353974915063134,4.8054866562806176,6.294386152377614,dc474d2ab1369488c85343390d0f536b
7.0,13.540938628045328,18.053583924601092,0.8112585382691229,-10.909930092928763,0.16,26.853974915063134,5.161810800520882,6.443290207239218,dc474d2ab1369488c85343390d0f536b
7.5,13.872228235817966,18.354750570030816,0.8049089123532857,-11.39869253218885,0.15,26.353974915063134,5.5469692316114285,6.649172560180395,dc474d2ab1369488c85343390d0f536b
8.0,14.207228235817965,18.662477354848566,0.7983124718738256,-11.88369253218885,0.15,25.853974915063134,5.946969231611429,6.85505491312157,dc474d2ab1369488c85343390d0f536b
8.5,14.553217357266876,18.97705806580375,0.7914557457998639,-12.366502464690576,0.12,25.353974915063134,6.338208961618339,7.113621238620038,dc474d2ab1369488c85343390d0f536b
9.0,14.919459263178641,19.297803898308686,0.7843466378135454,-12.846502464690577,0.11,24.853974915063134,6.7431765852654015,7.437150650384744,dc474d2ab1369488c85343390d0f536b
9.5,15.299451407293079,19.625537897399614,0.7769595702175378,-13.326502464690577,0.1,24.353974915063134,7.1631765852654015,7.760680062149451,dc474d2ab1369488c85343390d0f536b
10.0,15.67945140729308,19.95991583717123,0.7692945430118412,-13.806502464690578,0.1,23.853974915063134,7.583176585265402,8.084209473914157,dc474d2ab1369488c85343390d0f536b
10.5,16.05708013197105,20.29800644313424,0.761412751972981,-14.280547794537217,0.09,23.353974915063134,7.979357904651964,8.407738885678862,dc474d2ab1369488c85343390d0f536b
11.0,16.444204559885964,20.64012144731848,0.7533023840595396,-14.750547794537217,0.08,22.853974915063134,8.359357904651965,8.773176696943107,dc474d2ab1369488c85343390d0f536b
11.5,16.83002170013457,20.98562337907771,0.7449741494039313,-15.216364934785823,0.08,22.353974915063134,8.722626465646384,9.155529638119576,dc474d2ab1369488c85343390d0f536b
12.0,17.21502170013457,21.336008378871586,0.7363870129260028,-15.681364934785822,0.08,21.853974915063134,9.082626465646383,9.537882579296047,dc474d2ab1369488c85343390d0f536b
12.5,17.59665089672842,21.690027841964458,0.7275663965679902,-16.14299413137967,0.08,21.353974915063134,9.429143252021772,9.920235520472518,dc474d2ab1369488c85343390d0f536b
13.0,17.97665089672842,22.048136019096333,0.7184962304527376,-16.60299413137967,0.08,20.853974915063134,9.769143252021772,10.30258846164899,dc474d2ab1369488c85343390d0f536b
13.5,18.36610373225475,22.410785261742898,0.7091596863781997,-17.062994131379668,0.07,20.353974915063134,10.109143252021772,10.74054631768624,dc474d2ab1369488c85343390d0f536b
14.0,18.75063724763262,22.773124571502358,0.6996790013854175,-17.517436713835764,0.06,19.853974915063134,10.426913581846147,11.181722788274476,dc474d2ab1369488c85343390d0f536b
14.5,19.140637247632622,23.13606793435307,0.6900300755407355,-17.967436713835763,0.06,19.353974915063134,10.726913581846148,11.622899258862711,dc474d2ab1369488c85343390d0f536b
15.0,19.530637247632622,23.502980155223636,0.6801205625619698,-18.417436713835762,0.06,18.853974915063134,11.026913581846145,12.064075729450947,dc474d2ab1369488c85343390d0f536b
15.5,19.920637247632623,23.873678243845706,0.6699504624491207,-18.867436713835765,0.06,18.353974915063134,11.326913581846146,12.50525220003918,dc474d2ab1369488c85343390d0f536b
16.0,20.31063724763262,24.247988568219583,0.659519775202188,-19.317436713835765,0.06,17.853974915063134,11.626913581846145,12.946428670627416,dc474d2ab1369488c85343390d0f536b
16.5,20.700637247632617,24.625746411395195,0.6488285008211718,-19.76743671383576,0.06,17.353974915063134,11.926913581846145,13.387605141215651,dc474d2ab1369488c85343390d0f536b
17.0,21.090637247632618,25.006795537057105,0.637876639306072,-20.21743671383576,0.06,16.853974915063134,12.226913581846144,13.828781611803887,dc474d2ab1369488c85343390d0f536b
17.5,21.480637247632618,25.390987766253104,0.6266641906568886,-20.667436713835755,0.06,16.353974915063134,12.526913581846145,14.269958082392122,dc474d2ab1369488c85343390d0f536b
18.0,21.86794544774551,25.776706567836563,0.6152352201438089,-21.114744913948652,0.06,15.853974915063134,12.816146382297722,14.711134552980358,dc474d2ab1369488c85343390d0f536b
18.5,22.25294544774551,26.164018162321646,0.6035856752598476,-21.559744913948652,0.06,15.353974915063134,13.096146382297723,15.152311023568593,dc474d2ab1369488c85343390d0f536b
19.0,22.63794544774551,26.55405978964885,0.5916784386544033,-22.004744913948652,0.06,14.853974915063134,13.376146382297723,15.593487494156829,dc474d2ab1369488c85343390d0f536b
19.5,23.02294544774551,26.946712902062735,0.5795135103274767,-22.449744913948653,0.06,14.353974915063134,13.656146382297722,16.034663964745064,dc474d2ab1369488c85343390d0f536b
20.0,23.416616258616646,27.341864990160108,0.5670908902790674,-22.894744913948653,0.05,13.853974915063134,13.936146382297723,16.4758404353333,dc474d2ab1369488c85343390d0f536b
0.0,10.089669433299397,14.036597773157595,0.8859056427622487,-2.678714601278978,0.51,37.727577715331066,3.092523591113931,5.910020144667636,77bc665d3ee1c5f41669d84adc50f19e
0.5,10.090327922153342,14.140537176737373,0.8842096753300355,-3.178714601278978,0.49,37.227577715331066,2.9031479751122875,5.780622455575632,77bc665d3ee1c5f41669d84adc50f19e
1.0,10.10667244534109,14.261258929280077,0.8822241666377295,-3.678714601278978,0.46,36.727577715331066,2.748201169559515,5.692387161457984,77bc665d3ee1c5f41669d84adc50f19e
1.5,10.168912645930169,14.398340906133933,0.8799491166853306,-4.178714601278978,0.42,36.227577715331066,2.70532735131398,5.604151867340337,77bc665d3ee1c5f41669d84adc50f19e
2.0,10.262347265339967,14.551320745916113,0.877384525472839,-4.678714601278978,0.38,35.727577715331066,2.7292602636149574,5.574969467024601,77bc665d3ee1c5f41669d84adc50f19e
2.5,10.396385093940118,14.719702784085271,0.8745303930002545,-5.178714601278979,0.35,35.227577715331066,2.8179221838246065,5.625714765970784,77bc665d3ee1c5f41669d84adc50f19e
3.0,10.568780442851757,14.902964961815037,0.8713867192675772,-5.678714601278979,0.32,34.727577715331066,2.9306281123903646,5.713950060088431,77bc665d3ee1c5f41669d84adc50f19e
3.5,10.765947053472644,15.100565527633911,0.867953504274807,-6.178714601278979,0.28,34.227577715331066,3.073446095265333,5.802185354206078,77bc665d3ee1c5f41669d84adc50f19e
4.0,11.001184791943297,15.311949381304936,0.8642307480219441,-6.678714601278979,0.26,33.727577715331066,3.2534460952653332,5.943541123599915,77bc665d3ee1c5f41669d84adc50f19e
4.5,11.243484262027307,15.536553944067636,0.8602184505089883,-7.178714601278979,0.25,33.227577715331066,3.442643975601371,6.090599947129327,77bc665d3ee1c5f41669d84adc50f19e
5.0,11.504509898213868,15.773814473937575,0.8559166117359396,-7.678714601278979,0.23,32.727577715331066,3.6720943144063574,6.2886178970429505,77bc665d3ee1c5f41669d84adc50f19e
5.5,11.776657015407963,16.023168777101535,0.8513252317027982,-8.178714601278978,0.22,32.227577715331066,3.9406827831827367,6.494500249984127,77bc665d3ee1c5f41669d84adc50f19e
6.0,12.05879258206429,16.28304448707901,0.8464634864333739,-8.677072361409609,0.2,31.727577715331066,4.245398631269546,6.706009689011344,77bc665d3ee1c5f41669d84adc50f19e
6.5,12.36750814268832,16.55180081228637,0.8413533308307681,-9.172072361409606,0.17,31.227577715331066,4.620260873765661,6.970715571364285,77bc665d3ee1c5f41669d84adc50f19e
7.0,12.688270398963606,16.829157977500827,0.8359919253708098,-9.662834617684895,0.17,30.727577715331066,5.043309898866807,7.235421453717226,77bc665d3ee1c5f41669d84adc50f19e
7.5,13.013794111712734,17.11602736762724,0.8303529155592497,-10.152834617684896,0.15,30.227577715331066,5.481086226697044,7.500127336070167,77bc665d3ee1c5f41669d84adc50f19e
8.0,13.365048552880232,17.410228748304316,0.8244707851314991,-10.638563483910179,0.13,29.727577715331066,5.924001691598201,7.7648332184231075,77bc665d3ee1c5f41669d84adc50f19e
8.5,13.73044558825611,17.712908528872166,0.8183145220969827,-11.123563483910182,0.11,29.227577715331066,6.364001691598201,8.087833102321255,77bc665d3ee1c5f41669d84adc50f19e
9.0,14.104302618875856,18.023083291940896,0.811895738191095,-11.606608576316832,0.1,28.727577715331066,6.796182061224816,8.416138621221808,77bc665d3ee1c5f41669d84adc50f19e
9.5,14.484302618875857,18.339796616226582,0.8052266714727296,-12.086608576316832,0.1,28.227577715331066,7.216182061224816,8.79849156239828,77bc665d3ee1c5f41669d84adc50f19e
10.0,14.864302618875856,18.66399604856561,0.7982796451446752,-12.566608576316833,0.1,27.727577715331066,7.636182061224816,9.18084450357475,77bc665d3ee1c5f41669d84adc50f19e
10.5,15.240719878849653,18.9937555431821,0.7910885977527424,-13.043025836290628,0.1,27.227577715331066,8.041851101119992,9.563197444751221,77bc665d3ee1c5f41669d84adc50f19e
11.0,15.614051523099471,19.328753941808586,0.7836543483404994,-13.516357480540448,0.1,26.727577715331066,8.435177678119274,9.94555038592769,77bc665d3ee1c5f41669d84adc50f19e
11.5,15.987788786356898,19.6659499242605,0.776040074813106,-13.981357480540447,0.09,26.227577715331066,8.795177678119273,10.327903327104162,77bc665d3ee1c5f41669d84adc50f19e
12.0,16.362788786356898,20.00908403460943,0.7681565279138263,-14.446357480540449,0.09,25.727577715331066,9.155177678119273,10.710256268280633,77bc665d3ee1c5f41669d84adc50f19e
12.5,16.734898579405936,20.356273762701743,0.7600410120705933,-14.908467273589487,0.09,25.227577715331066,9.503616850315431,11.092609209457104,77bc665d3ee1c5f41669d84adc50f19e
13.0,17.104898579405937,20.707639864930254,0.7516857388793868,-15.368467273589488,0.09,24.727577715331066,9.843616850315431,11.474962150633573,77bc665d3ee1c5f41669d84adc50f19e
13.5,17.476327790336985,21.060254602579665,0.743157025912392,-15.824680180345759,0.08,24.227577715331066,10.168468477340515,11.857315091810044,77bc665d3ee1c5f41669d84adc50f19e
14.0,17.851327790336985,21.416500743721503,0.7343942448776539,-16.279680180345757,0.08,23.727577715331066,10.488468477340513,12.239668032986515,77bc665d3ee1c5f41669d84adc50f19e
14.5,18.23186442372681,21.77736633034788,0.7253679812962313,-16.73468018034576,0.07,23.227577715331066,10.808468477340513,12.654589405867876,77bc665d3ee1c5f41669d84adc50f19e
15.0,18.616864423726813,22.142625509783503,0.7160782351681243,-17.189680180345757,0.07,22.727577715331066,11.128468477340515,13.095765876456111,77bc665d3ee1c5f41669d84adc50f19e
15.5,19.001864423726815,22.51206442436724,0.7065250064933327,-17.64468018034576,0.07,22.227577715331066,11.448468477340516,13.536942347044347,77bc665d3ee1c5f41669d84adc50f19e
16.0,19.383218725070318,22.88290264276649,0.6967766220690146,-18.09603448168926,0.07,21.727577715331066,11.753885682714527,13.978118817632582,77bc665d3ee1c5f41669d84adc50f19e
16.5,19.763218725070317,23.256574722861032,0.6867926403707502,-18.54603448168926,0.07,21.227577715331066,12.053885682714526,14.419295288220818,77bc665d3ee1c5f41669d84adc50f19e
17.0,20.143218725070316,23.63385923461735,0.6765480715384022,-18.99603448168926,0.07,20.727577715331066,12.353885682714527,14.860471758809053,77bc665d3ee1c5f41669d84adc50f19e
17.5,20.52321872507032,24.014585917799984,0.6660429155719705,-19.44603448168926,0.07,20.227577715331066,12.653885682714526,15.301648229397287,77bc665d3ee1c5f41669d84adc50f19e
18.0,20.903218725070325,24.39859363334466,0.6552771724714554,-19.89603448168926,0.07,19.727577715331066,12.953885682714526,15.742824699985523,77bc665d3ee1c5f41669d84adc50f19e
18.5,21.287363912758877,24.785729881663276,0.6442508422368568,-20.34603448168926,0.06,19.227577715331066,13.253885682714527,16.184001170573758,77bc665d3ee1c5f41669d84adc50f19e
19.0,21.676182620408248,25.17519065503747,0.6329831595173798,-20.794853189338642,0.06,18.727577715331066,13.549160513312033,16.625177641161994,77bc665d3ee1c5f41669d84adc50f19e
19.5,22.064733370756613,25.564681759538836,0.62153890863184,-21.23870345429664,0.05,18.227577715331066,13.824561573144015,17.094004025811195,77bc665d3ee1c5f41669d84adc50f19e
20.0,22.454733370756614,25.954607624096234,0.6099058916082636,-21.678703454296638,0.05,17.727577715331066,14.084561573144015,17.594004025811195,77bc665d3ee1c5f41669d84adc50f19e
0.0,13.613016489899623,18.506641418213505,0.8016666825437568,-5.092001455496253,0.42,41.138262727763774,5.173514750529696,10.425184148492642,6ee505ee8badf87432c58a78b38ea367
0.5,13.693016489899623,18.650409594371695,0.7985732228780726,-5.592001455496254,0.42,40.638262727763774,5.033514750529696,10.336948854374995,6ee505ee8badf87432c58a78b38ea367
1.0,13.790046860107966,18.806376032966266,0.7951902219522956,-6.092001455496254,0.39,40.138262727763774,4.926459534579031,10.248713560257347,6ee505ee8badf87432c58a78b38ea367
1.5,13.900046860107967,18.974239930727776,0.7915176797664256,-6.592001455496254,0.39,39.638262727763774,4.826459534579031,10.1604782661397,6ee505ee8badf87432c58a78b38ea367
2.0,14.010046860107966,19.15368848040295,0.787555596320463,-7.092001455496254,0.39,39.138262727763774,4.726459534579031,10.072242972022053,6ee505ee8badf87432c58a78b38ea367
2.5,14.12994318667161,19.344399289195227,0.7833039716144075,-7.592001455496254,0.37,38.638262727763774,4.655577926520423,9.999400198953195,6ee505ee8badf87432c58a78b38ea367
3.0,14.265349700515992,19.54604270217665,0.7787628056482591,-8.092001455496254,0.36,38.138262727763774,4.5955779265204235,9.969988434247313,6ee505ee8badf87432c58a78b38ea367
3.5,14.421212730987673,19.758284003698535,0.7739320984220178,-8.592001455496254,0.34,37.638262727763774,4.573926972478501,9.977492957671785,6ee505ee8badf87432c58a78b38ea367
4.0,14.60143862817208,19.980785475709045,0.7688118499356839,-9.092001455496254,0.31,37.138262727763774,4.6238056998435795,10.006904722377667,6ee505ee8badf87432c58a78b38ea367
4.5,14.791438628172079,20.213208297591002,0.7634020601892569,-9.592001455496254,0.31,36.638262727763774,4.68380569984358,10.03631648708355,6ee505ee8badf87432c58a78b38ea367
5.0,14.98067941060687,20.454953054217796,0.7577089176564031,-10.091242237931045,0.31,36.138262727763774,4.740768829582749,10.065728251789432,6ee505ee8badf87432c58a78b38ea367
5.5,15.183787774166165,20.704440265029746,0.7517624685221251,-10.586242237931044,0.27,35.638262727763774,4.820606085121982,10.143075602815825,6ee505ee8badf87432c58a78b38ea367
6.0,15.417524515619155,20.962766728800762,0.7455293735403552,-11.081242237931043,0.26,35.138262727763774,4.940606085121982,10.341527023127538,6ee505ee8badf87432c58a78b38ea367
6.5,15.667161495028635,21.229609774182073,0.7390096327110934,-11.576242237931044,0.24,34.638262727763774,5.1191540027599,10.547409376068714,6ee505ee8badf87432c58a78b38ea367
7.0,15.936232068380793,21.504652366452664,0.7322032460343397,-12.071242237931044,0.22,34.138262727763774,5.342423458765216,10.75329172900989,6ee505ee8badf87432c58a78b38ea367
7.5,16.228091919648758,21.787583978952537,0.725110213510094,-12.566242237931045,0.19,33.638262727763774,5.617826766846024,10.959174081951067,6ee505ee8badf87432c58a78b38ea367
8.0,16.539860113231576,22.076399819117356,0.7177740409736062,-13.056676943376162,0.17,33.138262727763774,5.8795655886264875,11.165056434892243,6ee505ee8badf87432c58a78b38ea367
8.5,16.868255000541886,22.371703723102392,0.7101731784065957,-13.545386349408725,0.16,32.638262727763774,6.17314513786773,11.37093878783342,6ee505ee8badf87432c58a78b38ea367
9.0,17.18804124503532,22.67019489741423,0.7023876402209255,-14.024852076919139,0.15,32.138262727763774,6.43100804790938,11.578706534792344,6ee505ee8badf87432c58a78b38ea367
9.5,17.51046059289618,22.972214704726625,0.6944050387822809,-14.49727142478,0.15,31.638262727763774,6.660685439352833,11.843412417145284,6ee505ee8badf87432c58a78b38ea367
10.0,17.83046059289618,23.279280913826316,0.6861807516532583,-14.96727142478,0.15,31.138262727763774,6.880685439352833,12.108118299498226,6ee505ee8badf87432c58a78b38ea367
10.5,18.15223883160192,23.592312122588115,0.6776842957397489,-15.437271424779999,0.14,30.638262727763774,7.107798394175789,12.372824181851167,6ee505ee8badf87432c58a78b38ea367
11.0,18.489150830193164,23.911074060242424,0.6689156710417519,-15.90727142478,0.13,30.138262727763774,7.3677983941757885,12.637530064204109,6ee505ee8badf87432c58a78b38ea367
11.5,18.841310481068994,24.23457421784506,0.6598963885169785,-16.37611477369363,0.11,29.638262727763774,7.623171789830289,12.902235946557049,6ee505ee8badf87432c58a78b38ea367
12.0,19.199009930770018,24.559191852775722,0.6507241169446462,-16.836303345661275,0.09,29.138262727763774,7.870408143412942,13.172179248353288,6ee505ee8badf87432c58a78b38ea367
12.5,19.567749722955686,24.88726756824828,0.6413301345894428,-17.2926635466686,0.08,28.638262727763774,8.12536731215561,13.495708660117993,6ee505ee8badf87432c58a78b38ea367
13.0,19.942749722955686,25.21956087167759,0.6316883159213346,-17.747663546668598,0.08,28.138262727763774,8.405367312155612,13.8192380718827,6ee505ee8badf87432c58a78b38ea367
13.5,20.317749722955686,25.556435864707733,0.621783014706542,-18.2026635466686,0.08,27.638262727763774,8.685367312155611,14.142767483647404,6ee505ee8badf87432c58a78b38ea367
14.0,20.692749722955686,25.897713753410518,0.6116142309450647,-18.657663546668598,0.08,27.138262727763774,8.96536731215561,14.46629689541211,6ee505ee8badf87432c58a78b38ea367
14.5,21.064352552782587,26.24048219786497,0.6012652571007859,-19.109266376495505,0.08,26.638262727763774,9.231778631463238,14.789826307176817,6ee505ee8badf87432c58a78b38ea367
15.0,21.434352552782588,26.586033407655307,0.5906945305233445,-19.559266376495504,0.08,26.138262727763774,9.491778631463237,15.11335571894152,6ee505ee8badf87432c58a78b38ea367
15.5,21.80435255278259,26.9355051693756,0.5798632168118196,-20.009266376495503,0.08,25.638262727763774,9.751778631463237,15.436885130706226,6ee505ee8badf87432c58a78b38ea367
16.0,22.17435255278259,27.288746858475474,0.5687713159662111,-20.459266376495506,0.08,25.138262727763774,10.011778631463237,15.760414542470933,6ee505ee8badf87432c58a78b38ea367
16.5,22.544352552782588,27.645613964649993,0.5574188279865192,-20.909266376495502,0.08,24.638262727763774,10.27177863146324,16.08394395423564,6ee505ee8badf87432c58a78b38ea367
17.0,22.92001948189298,28.005967897199092,0.5458057528727436,-21.35926637649551,0.07,24.138262727763774,10.53177863146324,16.407473366000346,6ee505ee8badf87432c58a78b38ea367
17.5,23.300019481892978,28.36967578657609,0.5339320906248847,-21.809266376495508,0.07,23.638262727763774,10.79177863146324,16.73100277776505,6ee505ee8badf87432c58a78b38ea367
18.0,23.680019481892984,28.736610283955503,0.5217978412429419,-22.259266376495507,0.07,23.138262727763774,11.05177863146324,17.054532189529755,6ee505ee8badf87432c58a78b38ea367
18.5,24.06205018507869,29.10664936038555,0.5094030047269158,-22.709266376495506,0.06,22.638262727763774,11.31990144420605,17.378061601294462,6ee505ee8badf87432c58a78b38ea367
19.0,24.452050185078683,29.479676106852466,0.49674758107680606,-23.159266376495506,0.06,22.138262727763774,11.61990144420605,17.70159101305917,6ee505ee8badf87432c58a78b38ea367
19.5,24.841067174371734,29.855115957078848,0.48384756509083005,-23.608283365788555,0.06,21.638262727763774,11.915969401378238,18.025120424823875,6ee505ee8badf87432c58a78b38ea367
20.0,25.225560467122886,30.23108397347398,0.4707658075564968,-24.05277665853971,0.06,21.138262727763774,12.193942572382861,18.348649836588578,6ee505ee8badf87432c58a78b38ea367
0.0,10.860086537388248,14.894583041237583,0.8715313513120375,-2.7001083018197147,0.48,44.9590297511631,3.8195042913507926,6.025017158445303,399899c928f3cae5fd2848c7cc3d4003
0.5,10.88886753749433,14.993288907846134,0.8698229951617992,-3.2001083018197147,0.47,44.4590297511631,3.554628291775109,5.936781864327656,399899c928f3cae5fd2848c7cc3d4003
1.0,10.94460474134828,15.107905896449104,0.8678250977514679,-3.7001083018197147,0.43,43.9590297511631,3.3337887678933806,5.886502792039813,399899c928f3cae5fd2848c7cc3d4003
1.5,11.02664262048751,15.238074972836344,0.8655376590810439,-4.200108301819714,0.41,43.4590297511631,3.177633710498792,5.892835989027317,399899c928f3cae5fd2848c7cc3d4003
2.0,11.133130813969032,15.383401352743844,0.862960679150527,-4.700108301819714,0.37,42.9590297511631,3.073563789787338,5.922247753733199,399899c928f3cae5fd2848c7cc3d4003
2.5,11.263130813969033,15.543459894161943,0.8600941579599173,-5.200108301819715,0.37,42.4590297511631,3.013563789787338,5.951659518439081,399899c928f3cae5fd2848c7cc3d4003
3.0,11.41266962953756,15.71780053898256,0.8569380955092147,-5.700108301819715,0.34,41.9590297511631,3.0317190520614328,5.9810712831449635,399899c928f3cae5fd2848c7cc3d4003
3.5,11.593848098081532,15.905953667889902,0.8534924917984194,-6.200108301819715,0.3,41.4590297511631,3.1764329262373314,6.010483047850847,399899c928f3cae5fd2848c7cc3d4003
4.0,11.794092627144288,16.1074352516743,0.8497573468275311,-6.700108301819715,0.29,40.9590297511631,3.3964329262373316,6.039894812556729,399899c928f3cae5fd2848c7cc3d4003
4.5,12.017722432092967,16.321751704051245,0.8457326605965501,-7.200108301819715,0.26,40.4590297511631,3.636915158997367,6.10757978657505,399899c928f3cae5fd2848c7cc3d4003
5.0,12.257722432092967,16.54840436388111,0.8414184331054763,-7.700108301819715,0.26,39.9590297511631,3.896915158997367,6.1958150806926975,399899c928f3cae5fd2848c7cc3d4003
5.5,12.497722432092967,16.786893556949096,0.8368146643543096,-8.200108301819716,0.26,39.4590297511631,4.156915158997367,6.284050374810344,399899c928f3cae5fd2848c7cc3d4003
6.0,12.735157543537035,17.03519732664432,0.8319514409439428,-8.697543413263785,0.26,38.9590297511631,4.40665560477364,6.372285668927992,399899c928f3cae5fd2848c7cc3d4003
6.5,12.970142604067508,17.2911935016022,0.8268627968725315,-9.188993100555525,0.24,38.4590297511631,4.638847825294672,6.471915112458667,399899c928f3cae5fd2848c7cc3d4003
7.0,13.239577864292308,17.55439733543723,0.8215517455339965,-9.673993100555526,0.21,37.9590297511631,4.942972713455145,6.6684094547215045,399899c928f3cae5fd2848c7cc3d4003
7.5,13.525495978561626,17.827320575761274,0.8159598391731713,-10.158993100555527,0.19,37.4590297511631,5.269235521140173,6.87429180766268,399899c928f3cae5fd2848c7cc3d4003
8.0,13.830984896020182,18.10827976033646,0.8101131690090491,-10.640845569298083,0.17,36.9590297511631,5.616645396110403,7.160388564815624,399899c928f3cae5fd2848c7cc3d4003
8.5,14.146230750690474,18.39729984122423,0.8040033587666903,-11.120845569298083,0.15,36.4590297511631,5.9643415937886175,7.50345800746702,399899c928f3cae5fd2848c7cc3d4003
9.0,14.476230750690474,18.69469141273017,0.7976155889146423,-11.600845569298082,0.15,35.9590297511631,6.344341593788617,7.88581094864349,399899c928f3cae5fd2848c7cc3d4003
9.5,14.816155927404457,19.000061383756247,0.7909498594529052,-12.080845569298083,0.14,35.4590297511631,6.724341593788617,8.326547282255147,399899c928f3cae5fd2848c7cc3d4003
10.0,15.156155927404457,19.31303130416878,0.7840061703814791,-12.560845569298083,0.14,34.9590297511631,7.104341593788617,8.767723752843382,399899c928f3cae5fd2848c7cc3d4003
10.5,15.493175309578781,19.631848720789822,0.7768161045883388,-13.037864951472407,0.14,34.4590297511631,7.4724191224859124,9.208900223431618,399899c928f3cae5fd2848c7cc3d4003
11.0,15.82817530957878,19.956574083430485,0.7693717874543339,-13.512864951472407,0.14,33.9590297511631,7.832419122485913,9.650076694019853,399899c928f3cae5fd2848c7cc3d4003
11.5,16.155159181849218,20.283919021931,0.7617438103674683,-13.979848823742845,0.14,33.4590297511631,8.160354611567668,10.091253164608089,399899c928f3cae5fd2848c7cc3d4003
12.0,16.48617892135738,20.615349784357004,0.7538941870704143,-14.442522239679443,0.13,32.9590297511631,8.471048275314052,10.532429635196323,399899c928f3cae5fd2848c7cc3d4003
12.5,16.82661625779243,20.951256978307242,0.7458087345037123,-14.902522239679442,0.11,32.4590297511631,8.807312480778318,10.973606105784558,399899c928f3cae5fd2848c7cc3d4003
13.0,17.18359707619645,21.29266754567749,0.737456903977725,-15.362522239679443,0.09,31.9590297511631,9.147312480778318,11.414782576372794,399899c928f3cae5fd2848c7cc3d4003
13.5,17.55691107590137,21.639321002527478,0.7288386954924524,-15.822522239679442,0.07,31.4590297511631,9.48731248077832,11.85595904696103,399899c928f3cae5fd2848c7cc3d4003
14.0,17.951202119175164,21.98759459568191,0.7200400562358267,-16.279017682677818,0.06,30.9590297511631,9.813294252771824,12.297135517549265,399899c928f3cae5fd2848c7cc3d4003
14.5,18.346176749854703,22.33920369897108,0.7110146464422541,-16.73399231335736,0.06,30.4590297511631,10.133192775489976,12.7383119881375,399899c928f3cae5fd2848c7cc3d4003
15.0,18.744894608263376,22.691827035685787,0.7018193995554265,-17.183992313357358,0.05,29.9590297511631,10.433192775489976,13.23076997877675,399899c928f3cae5fd2848c7cc3d4003
15.5,19.144894608263375,23.048817898773848,0.6923635655345153,-17.633992313357357,0.05,29.4590297511631,10.733192775489977,13.73076997877675,399899c928f3cae5fd2848c7cc3d4003
16.0,19.550482577453362,23.409976481068817,0.6826471443795205,-18.083992313357356,0.04,28.9590297511631,11.033192775489976,14.23076997877675,399899c928f3cae5fd2848c7cc3d4003
16.5,19.960482577453362,23.775112852677534,0.6726701360904421,-18.53399231335736,0.04,28.4590297511631,11.333192775489977,14.73076997877675,399899c928f3cae5fd2848c7cc3d4003
17.0,20.370482577453362,24.144046543007445,0.6624325406672803,-18.98399231335736,0.04,27.9590297511631,11.633192775489977,15.23076997877675,399899c928f3cae5fd2848c7cc3d4003
17.5,20.77562238654126,24.51378241506517,0.6520145306320997,-19.429132122445257,0.04,27.4590297511631,11.913752011841577,15.730769978776747,399899c928f3cae5fd2848c7cc3d4003
18.0,21.180622386541263,24.886887318738825,0.6413410946514991,-19.874132122445257,0.04,26.9590297511631,12.193752011841577,16.23076997877675,399899c928f3cae5fd2848c7cc3d4003
18.5,21.585622386541267,25.263289424341572,0.6304099669494159,-20.319132122445257,0.04,26.4590297511631,12.473752011841578,16.73076997877675,399899c928f3cae5fd2848c7cc3d4003
19.0,21.99062238654126,25.642843536949915,0.6192211475258502,-20.764132122445258,0.04,25.9590297511631,12.753752011841577,17.23076997877675,399899c928f3cae5fd2848c7cc3d4003
19.5,22.395622386541262,26.02541175049761,0.6077746363808019,-21.209132122445258,0.04,25.4590297511631,13.033752011841578,17.73076997877675,399899c928f3cae5fd2848c7cc3d4003
20.0,22.800622386541264,26.410863085203875,0.5960704335142707,-21.654132122445258,0.04,24.9590297511631,13.313752011841578,18.23076997877675,399899c928f3cae5fd2848c7cc3d4003
0.0,11.344173866140306,16.341042068254247,0.8453677939107533,-0.5041587330689832,0.55,57.84444299965665,3.9647957760342507,5.616693472771429,226b8f08f3315ef17f636586b8021c80
0.5,11.296801154827925,16.36410139939019,0.8449310737709876,-1.0041587330689832,0.54,57.34444299965665,3.7847957760342505,5.469634649242018,226b8f08f3315ef17f636586b8021c80
1.0,11.26553596865359,16.402377063785387,0.8442048123711292,-1.504158733068983,0.53,56.84444299965665,3.6397350313369117,5.3225758257126055,226b8f08f3315ef17f636586b8021c80
1.5,11.255185417817604,16.45576288342968,0.843189009711178,-2.004158733068983,0.49,56.34444299965665,3.523833689313783,5.237367379458746,226b8f08f3315ef17f636586b8021c80
2.0,11.278241526197741,16.524112406078906,0.8418836657911339,-2.504158733068983,0.46,55.84444299965665,3.46000452144347,5.231563852092376,226b8f08f3315ef17f636586b8021c80
2.5,11.34631886819162,16.60724087685248,0.8402887806109969,-3.0041587330689827,0.42,55.34444299965665,3.5164211129908964,5.313759111545429,226b8f08f3315ef17f636586b8021c80
3.0,11.449760637088573,16.704927664460833,0.8384043541707672,-3.5041587330689827,0.38,54.84444299965665,3.6410275675012986,5.503701201365141,226b8f08f3315ef17f636586b8021c80
3.5,11.570820969505338,16.816919070029975,0.8362303864704446,-4.004158733068983,0.37,54.34444299965665,3.785268897168363,5.768407083718082,226b8f08f3315ef17f636586b8021c80
4.0,11.705204727662169,16.942931438833327,0.8337668775100292,-4.504158733068983,0.36,53.84444299965665,3.9828039297956948,6.033112966071023,226b8f08f3315ef17f636586b8021c80
4.5,11.844891472740814,17.08059543066867,0.8310545623907101,-4.999601766529008,0.35,53.34444299965665,4.184576063635797,6.297818848423965,226b8f08f3315ef17f636586b8021c80
5.0,11.99914227308129,17.228503766511718,0.8281159492108099,-5.489601766529009,0.31,52.84444299965665,4.376117213523063,6.562524730776906,226b8f08f3315ef17f636586b8021c80
5.5,12.187924198842364,17.389247936562334,0.8248935855960187,-5.979601766529008,0.29,52.34444299965665,4.62754354367382,6.8272306131298475,226b8f08f3315ef17f636586b8021c80
6.0,12.393874857962226,17.562475496517184,0.8213874715463365,-6.469601766529008,0.27,51.84444299965665,4.8922556790848475,7.091936495482788,226b8f08f3315ef17f636586b8021c80
6.5,12.62111899658547,17.747820917856238,0.8175976070617634,-6.959601766529008,0.26,51.34444299965665,5.221232233577826,7.356642377835729,226b8f08f3315ef17f636586b8021c80
7.0,12.863910206992818,17.94428006990344,0.813537057327818,-7.448203862889497,0.24,50.84444299965665,5.555640619019783,7.671043420051677,226b8f08f3315ef17f636586b8021c80
7.5,13.133061817824276,18.150423992018016,0.8092282757829408,-7.933203862889497,0.21,50.34444299965665,5.913051514814736,8.04768724862112,226b8f08f3315ef17f636586b8021c80
8.0,13.40657501963998,18.366806612067325,0.8046525428873842,-8.416717064705205,0.21,49.84444299965665,6.267104322077562,8.430040189797591,226b8f08f3315ef17f636586b8021c80
8.5,13.68289625279408,18.592103221254586,0.7998306865846818,-8.896717064705205,0.19,49.34444299965665,6.610726021374137,8.81239313097406,226b8f08f3315ef17f636586b8021c80
9.0,13.972956886558537,18.827453870730643,0.7947308706722902,-9.376717064705206,0.18,48.84444299965665,6.990726021374137,9.194746072150531,226b8f08f3315ef17f636586b8021c80
9.5,14.281379072883308,19.072486369616197,0.7893530951502096,-9.856717064705206,0.17,48.34444299965665,7.370726021374137,9.577099013327002,226b8f08f3315ef17f636586b8021c80
10.0,14.59315446687614,19.323127066297243,0.783780292605609,-10.329535961155548,0.16,47.84444299965665,7.722001607175505,9.959451954503473,226b8f08f3315ef17f636586b8021c80
10.5,14.898819499919185,19.579237393633633,0.7780107212980867,-10.795200994198591,0.16,47.34444299965665,8.044661739347685,10.341804895679942,226b8f08f3315ef17f636586b8021c80
11.0,15.22068756732134,19.84349359136289,0.7719780127518255,-11.260200994198591,0.14,46.84444299965665,8.364661739347685,10.724157836856413,226b8f08f3315ef17f636586b8021c80
11.5,15.545687567321341,20.115838011493796,0.7656760308336781,-11.725200994198593,0.14,46.34444299965665,8.684661739347684,11.106510778032884,226b8f08f3315ef17f636586b8021c80
12.0,15.874596456021582,20.39594665365786,0.7591047755436442,-12.190200994198593,0.13,45.84444299965665,9.004661739347684,11.488863719209355,226b8f08f3315ef17f636586b8021c80
12.5,16.208640575908618,20.682531338248523,0.7522875481984093,-12.654245114085628,0.13,45.34444299965665,9.320838218895828,11.871216660385826,226b8f08f3315ef17f636586b8021c80
13.0,16.53556476909482,20.970667263506098,0.7453375254989222,-13.111169307271828,0.13,44.84444299965665,9.608534991640628,12.253569601562296,226b8f08f3315ef17f636586b8021c80
13.5,16.86710422153282,21.264702085473903,0.7381460911791149,-13.566169307271828,0.11,44.34444299965665,9.888534991640627,12.635922542738767,226b8f08f3315ef17f636586b8021c80
14.0,17.209947555670734,21.56366725913937,0.7307314080560111,-14.01901264140974,0.11,43.84444299965665,10.159908328192278,13.018275483915238,226b8f08f3315ef17f636586b8021c80
14.5,17.555463785436405,21.8667729284476,0.7231083584398678,-14.469012641409739,0.09,43.34444299965665,10.437801057398055,13.400628425091709,226b8f08f3315ef17f636586b8021c80
15.0,17.91546378543641,22.175882641863403,0.7152247216896408,-14.919012641409738,0.09,42.84444299965665,10.737801057398055,13.782981366268178,226b8f08f3315ef17f636586b8021c80
15.5,18.275463785436408,22.490748844516233,0.7070804978053302,-15.369012641409737,0.09,42.34444299965665,11.037801057398056,14.165334307444649,226b8f08f3315ef17f636586b8021c80
16.0,18.637346700923697,22.811133164060877,0.6986756867869361,-15.819012641409739,0.08,41.84444299965665,11.337801057398055,14.558763222075774,226b8f08f3315ef17f636586b8021c80
16.5,19.007346700923698,23.136806367126987,0.6900102886344586,-16.269012641409738,0.08,41.34444299965665,11.637801057398056,14.99993969266401,226b8f08f3315ef17f636586b8021c80
17.0,19.377346700923695,23.46754826374791,0.6810843033478974,-16.719012641409737,0.08,40.84444299965665,11.937801057398055,15.441116163252245,226b8f08f3315ef17f636586b8021c80
17.5,19.747346700923696,23.80314756818407,0.6718977309272527,-17.169012641409736,0.08,40.34444299965665,12.237801057398055,15.88229263384048,226b8f08f3315ef17f636586b8021c80
18.0,20.115154821845284,24.142120738381124,0.6624863893912012,-17.616820762331326,0.08,39.84444299965665,12.529033541084388,16.323469104428714,226b8f08f3315ef17f636586b8021c80
18.5,20.491460390338176,24.48389908713282,0.6528624312403766,-18.061820762331322,0.06,39.34444299965665,12.80903354108439,16.808100660826355,226b8f08f3315ef17f636586b8021c80
19.0,20.87646039033818,24.82993425829466,0.6429807813680692,-18.506820762331323,0.06,38.84444299965665,13.089033541084389,17.308100660826355,226b8f08f3315ef17f636586b8021c80
19.5,21.26146039033818,25.18005075518248,0.6328414397742794,-18.951820762331323,0.06,38.34444299965665,13.369033541084388,17.808100660826355,226b8f08f3315ef17f636586b8021c80
20.0,21.642716939631896,25.53141420345046,0.6225232575591393,-19.393077311625035,0.06,37.84444299965665,13.634059738259248,18.308100660826355,226b8f08f3315ef17f636586b8021c80
0.0,9.688136306295508,13.138146954782565,0.9000440418862765,0.5985750928232274,0.61,37.482696858955805,3.2851714367576847,9.009841759667458,a0f534b1f9e95faf884488db1b38a229
0.5,9.600498406712724,13.124874487500412,0.9002458956295025,0.09857509282322738,0.58,36.982696858955805,3.042386168137416,8.745135877314517,a0f534b1f9e95faf884488db1b38a229
1.0,9.533043991217339,13.130641843406435,0.9001582081126357,-0.4014249071767726,0.56,36.482696858955805,2.822386168137416,8.480429994961575,a0f534b1f9e95faf884488db1b38a229
1.5,9.482434308677655,13.155423981270719,0.8997809793356761,-0.9014249071767726,0.54,35.982696858955805,2.639947437978687,8.215724112608635,a0f534b1f9e95faf884488db1b38a229
2.0,9.475835903551486,13.19911379730357,0.8991142092986236,-1.4014249071767724,0.47,35.482696858955805,2.5771399440836937,7.984077551653252,a0f534b1f9e95faf884488db1b38a229
2.5,9.523490757818672,13.261524419965689,0.8981578980014784,-1.9014249071767724,0.45,34.982696858955805,2.669996480880231,7.778195198712076,a0f534b1f9e95faf884488db1b38a229
3.0,9.573490757818671,13.342393145478926,0.8969120454442402,-2.401424907176772,0.45,34.482696858955805,2.769996480880231,7.5723128457709,a0f534b1f9e95faf884488db1b38a229
3.5,9.631728257957423,13.44138682412272,0.8953766516269093,-2.9014249071767724,0.44,33.982696858955805,2.902946481435232,7.366430492829724,a0f534b1f9e95faf884488db1b38a229
4.0,9.715202949278316,13.558108447083486,0.8935517165494855,-3.4014249071767724,0.39,33.482696858955805,3.0903330975968504,7.1799267547377505,a0f534b1f9e95faf884488db1b38a229
4.5,9.835344502524906,13.692104643554744,0.8914372402119689,-3.9014249071767724,0.37,32.982696858955805,3.361523155316908,7.076068159541136,a0f534b1f9e95faf884488db1b38a229
5.0,9.971030095543,13.84287377957446,0.8890332226143595,-4.401424907176772,0.36,32.482696858955805,3.6842655273892797,6.987832865423489,a0f534b1f9e95faf884488db1b38a229
5.5,10.111030095543,14.00987435291291,0.8863396637566572,-4.901424907176772,0.36,31.982696858955805,4.02426552738928,6.899597571305842,a0f534b1f9e95faf884488db1b38a229
6.0,10.25343587476378,14.192533399347125,0.8833565636388621,-5.401424907176773,0.35,31.482696858955805,4.364265527389279,6.82551391966337,a0f534b1f9e95faf884488db1b38a229
6.5,10.40433213503129,14.390254660663947,0.8800839222609741,-5.901424907176773,0.34,30.982696858955805,4.704265527389279,6.801374274178133,a0f534b1f9e95faf884488db1b38a229
7.0,10.56848674756828,14.602220265379293,0.8765252242099497,-6.400996402487019,0.31,30.482696858955805,5.042551508630261,6.849241272376022,a0f534b1f9e95faf884488db1b38a229
7.5,10.755802320467604,14.825765851420318,0.8727157319341652,-6.895996402487019,0.29,29.982696858955805,5.371813800227554,6.937476566493669,a0f534b1f9e95faf884488db1b38a229
8.0,10.967353104348886,15.061373068990171,0.8686380496110984,-7.389415362901604,0.27,29.482696858955805,5.781610254051507,7.025711860611317,a0f534b1f9e95faf884488db1b38a229
8.5,11.200708442729054,15.305893642506142,0.8643381178314159,-7.877014277320519,0.24,28.982696858955805,6.215286470057721,7.113947154728963,a0f534b1f9e95faf884488db1b38a229
9.0,11.468889729674329,15.560844915139743,0.8597810196710681,-8.362014277320519,0.2,28.482696858955805,6.655286470057721,7.255402618382959,a0f534b1f9e95faf884488db1b38a229
9.5,11.754959179724175,15.826534346171673,0.8549518797420769,-8.846068657315524,0.18,27.982696858955805,7.091503990037742,7.406406398675151,a0f534b1f9e95faf884488db1b38a229
10.0,12.054596952090696,16.100604004348586,0.8498847571902095,-9.325706429682045,0.18,27.482696858955805,7.5100550795038306,7.612288751616327,a0f534b1f9e95faf884488db1b38a229
10.5,12.366459854991767,16.38238858452966,0.8445842953431297,-9.800706429682045,0.16,26.982696858955805,7.910055079503831,7.8588911002480835,a0f534b1f9e95faf884488db1b38a229
11.0,12.679700267508174,16.672221710013766,0.8390364989065449,-10.273084325605566,0.15,26.482696858955805,8.299566663197915,8.128670609617993,a0f534b1f9e95faf884488db1b38a229
11.5,13.00697626498292,16.969710105757844,0.8332409922130426,-10.743084325605563,0.14,25.982696858955805,8.679566663197914,8.49500000652827,a0f534b1f9e95faf884488db1b38a229
12.0,13.335554510001792,17.274851899820163,0.8271899000592052,-11.211662570624435,0.14,25.482696858955805,9.053879643273394,8.877352947704741,a0f534b1f9e95faf884488db1b38a229
12.5,13.65933869040472,17.58481210256479,0.8209328505855281,-11.675446751027364,0.14,24.982696858955805,9.409016364885115,9.259705888881212,a0f534b1f9e95faf884488db1b38a229
13.0,13.97584605099552,17.896731699210612,0.814523919169386,-12.131954111618164,0.14,24.482696858955805,9.735045807248309,9.642058830057682,a0f534b1f9e95faf884488db1b38a229
13.5,14.301868521629308,18.214896640528817,0.8078705771268728,-12.586954111618162,0.12,23.982696858955805,10.055045807248309,10.024411771234153,a0f534b1f9e95faf884488db1b38a229
14.0,14.636868521629308,18.53987361706563,0.800953752537675,-13.04195411161816,0.12,23.482696858955805,10.375045807248307,10.406764712410624,a0f534b1f9e95faf884488db1b38a229
14.5,14.981282395138146,18.871310708278433,0.7937734454017927,-13.496954111618162,0.11,22.982696858955805,10.695045807248308,10.789117653587095,a0f534b1f9e95faf884488db1b38a229
15.0,15.332747220480169,19.20887352137034,0.786329655719226,-13.951954111618162,0.1,22.482696858955805,11.015045807248306,11.171470594763564,a0f534b1f9e95faf884488db1b38a229
15.5,15.68982031800764,19.548542053776615,0.7787062228507162,-14.402203355776782,0.09,21.982696858955805,11.316042783882786,11.59396384987447,a0f534b1f9e95faf884488db1b38a229
16.0,16.05479094793327,19.893534120011193,0.7708265292387743,-14.852203355776783,0.08,21.482696858955805,11.616042783882785,12.035140320462704,a0f534b1f9e95faf884488db1b38a229
16.5,16.420666172292243,20.239440733021613,0.7627875543205495,-15.298078580135757,0.08,20.982696858955805,11.899543681318683,12.47631679105094,a0f534b1f9e95faf884488db1b38a229
17.0,16.79033696544664,20.589452148263444,0.7545121300614532,-15.743078580135757,0.07,20.482696858955805,12.179543681318682,12.917493261639175,a0f534b1f9e95faf884488db1b38a229
17.5,17.16533696544664,20.944238309037782,0.7459790140808744,-16.188078580135755,0.07,19.982696858955805,12.459543681318683,13.358669732227414,a0f534b1f9e95faf884488db1b38a229
18.0,17.5403328510149,21.301909980323863,0.7372289321615126,-16.630588997496172,0.05,19.482696858955805,12.729585350760349,13.79984620281565,a0f534b1f9e95faf884488db1b38a229
18.5,17.935374886000037,21.662224211915948,0.7282643936708841,-17.070588997496174,0.04,18.982696858955805,12.989585350760349,14.241022673403885,a0f534b1f9e95faf884488db1b38a229
19.0,18.335374886000036,22.02663267058344,0.719045058871374,-17.51058899749617,0.04,18.482696858955805,13.249585350760348,14.68219914399212,a0f534b1f9e95faf884488db1b38a229
19.5,18.737150891693226,22.394935494488703,0.7095709277629821,-17.950588997496173,0.03,17.982696858955805,13.509585350760348,15.123375614580354,a0f534b1f9e95faf884488db1b38a229
20.0,19.147150891693226,22.766943685962904,0.6998420003457086,-18.390588997496174,0.03,17.482696858955805,13.769585350760348,15.56455208516859,a0f534b1f9e95faf884488db1b38a229
0.0,11.576187418456787,15.26849783685379,0.8650002141481853,-5.0489398419201175,0.4,31.390296990954994,5.256715755750041,7.840676802914571,5cdd91d56d4a0a46392f8a5ce2435067
0.5,11.695615928518068,15.44104808735239,0.861931690710214,-5.548939841920116,0.37,30.890296990954994,5.2367157557500414,7.776689235034396,5cdd91d56d4a0a46392f8a5ce2435067
1.0,11.83560374983697,15.627696755371504,0.8585736260121499,-6.048939841920116,0.36,30.390296990954994,5.216715755750041,7.747277470328513,5cdd91d56d4a0a46392f8a5ce2435067
1.5,11.977662126871529,15.827945088348303,0.854926020053993,-6.548939841920116,0.35,29.890296990954994,5.204949263888259,7.717865705622631,5cdd91d56d4a0a46392f8a5ce2435067
2.0,12.138385879796674,16.04128378782974,0.8509888728357431,-7.048939841920116,0.33,29.390296990954994,5.236590330542551,7.734415624808357,5cdd91d56d4a0a46392f8a5ce2435067
2.5,12.308385879796674,16.26719783501785,0.8467621843574005,-7.548939841920116,0.33,28.890296990954994,5.29659033054255,7.7638273895142405,5cdd91d56d4a0a46392f8a5ce2435067
3.0,12.496274881235253,16.505170863869587,0.8422459546189651,-8.048939841920115,0.3,28.390296990954994,5.40339945874444,7.829631621209004,5cdd91d56d4a0a46392f8a5ce2435067
3.5,12.706145504513975,16.75468904776957,0.8374401836204368,-8.548939841920115,0.29,27.890296990954994,5.54339945874444,7.975929405201479,5cdd91d56d4a0a46392f8a5ce2435067
4.0,12.936335760355172,17.013905566220497,0.8323712557009117,-9.045757718891267,0.25,27.390296990954994,5.751977659229271,8.122988228730891,5cdd91d56d4a0a46392f8a5ce2435067
4.5,13.207006364158223,17.282830796346996,0.8270302283767343,-9.540757718891268,0.22,26.890296990954994,5.9919776592292715,8.270047052260303,5cdd91d56d4a0a46392f8a5ce2435067
5.0,13.499674556104123,17.56173391365589,0.821402555205065,-10.035757718891267,0.2,26.390296990954994,6.231977659229272,8.417105875789716,5cdd91d56d4a0a46392f8a5ce2435067
5.5,13.796323126563234,17.8501472199235,0.8154882361859038,-10.530757718891268,0.19,25.890296990954994,6.47197765922927,8.573862172608013,5cdd91d56d4a0a46392f8a5ce2435067
6.0,14.104061769802902,18.146227620808418,0.8093164782875382,-11.023266908296193,0.17,25.390296990954994,6.720750033582021,8.78295364114614,5cdd91d56d4a0a46392f8a5ce2435067
6.5,14.428284062478129,18.447259178445393,0.8029374243447578,-11.508783033528852,0.16,24.890296990954994,6.962814534512662,9.09887227316124,5cdd91d56d4a0a46392f8a5ce2435067
7.0,14.753651215777266,18.752070665136337,0.7963713332898634,-11.988783033528852,0.15,24.390296990954994,7.182814534512662,9.422401684925946,5cdd91d56d4a0a46392f8a5ce2435067
7.5,15.089758657707462,19.062200044183207,0.7895802494152087,-12.463837431243268,0.13,23.890296990954994,7.411600211441463,9.745931096690652,5cdd91d56d4a0a46392f8a5ce2435067
8.0,15.434758657707462,19.379597724300204,0.7825146681858887,-12.938837431243268,0.13,23.390296990954994,7.651600211441463,10.069460508455357,5cdd91d56d4a0a46392f8a5ce2435067
8.5,15.789049666645589,19.703937306714742,0.7751740227594806,-13.41383743124327,0.12,22.890296990954994,7.928764247193981,10.392989920220064,5cdd91d56d4a0a46392f8a5ce2435067
9.0,16.14404966664559,20.03488165221318,0.7675583131359841,-13.88883743124327,0.12,22.390296990954994,8.208764247193981,10.71651933198477,5cdd91d56d4a0a46392f8a5ce2435067
9.5,16.497606211905886,20.371395209913306,0.7596843775589779,-14.362393976503565,0.12,21.890296990954994,8.482990428235162,11.040048743749475,5cdd91d56d4a0a46392f8a5ce2435067
10.0,16.8461510785741,20.711534054733182,0.7515923362711507,-14.83093884317178,0.12,21.390296990954994,8.737169894908016,11.363578155514181,5cdd91d56d4a0a46392f8a5ce2435067
10.5,17.195030598761814,21.055903726592792,0.7432631382569104,-15.295938843171779,0.11,20.890296990954994,8.977169894908016,11.70992827426545,5cdd91d56d4a0a46392f8a5ce2435067
11.0,17.550030598761815,21.405595543845912,0.7346646668707839,-15.760938843171779,0.11,20.390296990954994,9.217169894908016,12.09228121544192,5cdd91d56d4a0a46392f8a5ce2435067
11.5,17.911051966115515,21.756670950017206,0.7258897076957503,-16.222157913185846,0.1,19.890296990954994,9.48125536432282,12.474634156618391,5cdd91d56d4a0a46392f8a5ce2435067
12.0,18.276047167750804,22.11141987165249,0.7168779340718554,-16.682157913185847,0.09,19.390296990954994,9.74125536432282,12.85698709779486,5cdd91d56d4a0a46392f8a5ce2435067
12.5,18.646047167750805,22.47080431701755,0.707599782488675,-17.142157913185848,0.09,18.890296990954994,10.00125536432282,13.239340038971331,5cdd91d56d4a0a46392f8a5ce2435067
13.0,19.016047167750802,22.834605417367744,0.6980552529462095,-17.60215791318585,0.09,18.390296990954994,10.26125536432282,13.621692980147802,5cdd91d56d4a0a46392f8a5ce2435067
13.5,19.386047167750803,23.20261542326783,0.6882443454444584,-18.062157913185846,0.09,17.890296990954994,10.521255364322819,14.004045921324273,5cdd91d56d4a0a46392f8a5ce2435067
14.0,19.7550353217032,23.574162920387273,0.6781800100036723,-18.521146067138243,0.09,17.390296990954994,10.777207980132403,14.386398862500743,5cdd91d56d4a0a46392f8a5ce2435067
14.5,20.122498919112942,23.947647138374588,0.6679020793092306,-18.97614606713824,0.08,16.890296990954994,11.027062369771375,14.768751803677214,5cdd91d56d4a0a46392f8a5ce2435067
15.0,20.49936128559268,24.32474973213987,0.6573606660681044,-19.431146067138243,0.07,16.390296990954994,11.307062369771375,15.162059841793333,5cdd91d56d4a0a46392f8a5ce2435067
15.5,20.879761086316513,24.70353741902294,0.6466063442120547,-19.881545867862073,0.07,15.890296990954994,11.568661572666702,15.603236312381568,5cdd91d56d4a0a46392f8a5ce2435067
16.0,21.254761086316506,25.08283889197809,0.6356709233395916,-20.326545867862073,0.07,15.390296990954994,11.8086615726667,16.044412782969804,5cdd91d56d4a0a46392f8a5ce2435067
16.5,21.629761086316506,25.4652283074154,0.6244778107456459,-20.771545867862073,0.07,14.890296990954994,12.0486615726667,16.48558925355804,5cdd91d56d4a0a46392f8a5ce2435067
17.0,22.014211723753245,25.85056863236576,0.6130270064302176,-21.21654586786207,0.06,14.390296990954994,12.326464122413636,16.926765724146275,5cdd91d56d4a0a46392f8a5ce2435067
17.5,22.399211723753247,26.238729856540598,0.6013185103933064,-21.66154586786207,0.06,13.890296990954994,12.606464122413636,17.36794219473451,5cdd91d56d4a0a46392f8a5ce2435067
18.0,22.784211723753245,26.6295886252938,0.5893523226349129,-22.106545867862067,0.06,13.390296990954994,12.886464122413635,17.809118665322746,5cdd91d56d4a0a46392f8a5ce2435067
18.5,23.169211723753246,27.0230278877153,0.5771284431550368,-22.551545867862067,0.06,12.890296990954994,13.166464122413636,18.25029513591098,5cdd91d56d4a0a46392f8a5ce2435067
19.0,23.548129293208106,27.414452657436847,0.5647892495722628,-22.99046343731693,0.06,12.390296990954994,13.422134400233084,18.691471606499217,5cdd91d56d4a0a46392f8a5ce2435067
19.5,23.923129293208106,27.805398359745958,0.5522880372993054,-23.42546343731693,0.06,11.890296990954994,13.662134400233082,19.132648077087453,5cdd91d56d4a0a46392f8a5ce2435067
20.0,24.30621799430181,28.198637225608618,0.5395349241300673,-23.86046343731693,0.05,11.390296990954994,13.902134400233082,19.573824547675684,5cdd91d56d4a0a46392f8a5ce2435067
0.0,14.289497609319374,19.155449122584116,0.7875165379667877,-2.297968731471291,0.45,48.88643568611579,4.8293200242677505,17.91285426190502,701e03961942f740efef19f1b7e16fe7
0.5,14.339497609319373,19.221841738485413,0.786041053812413,-2.7979687314712907,0.45,48.38643568611579,4.689320024267751,17.589324850140315,701e03961942f740efef19f1b7e16fe7
1.0,14.389945326554784,19.300962891805455,0.7842760283979455,-3.2979687314712907,0.44,47.88643568611579,4.551110893209397,17.26579543837561,701e03961942f740efef19f1b7e16fe7
1.5,14.450554443494347,19.392656787617383,0.7822214617233851,-3.7979687314712907,0.43,47.38643568611579,4.451110893209396,16.945849067431855,701e03961942f740efef19f1b7e16fe7
2.0,14.533136131530428,19.496746036551684,0.779877353788732,-4.297968731471291,0.41,46.88643568611579,4.3511108932093965,16.755153114702924,701e03961942f740efef19f1b7e16fe7
2.5,14.6367904333129,19.613033287721333,0.7772437045939861,-4.797968731471291,0.38,46.38643568611579,4.299690952424084,16.60809429117351,701e03961942f740efef19f1b7e16fe7
3.0,14.768660598987362,19.741302983256613,0.7743205141391473,-5.297968731471291,0.36,45.88643568611579,4.304521876564269,16.494343906699502,701e03961942f740efef19f1b7e16fe7
3.5,14.914546531145483,19.88132320063752,0.7711077824242156,-5.797968731471291,0.35,45.38643568611579,4.348065605196748,16.406108612581853,701e03961942f740efef19f1b7e16fe7
4.0,15.064546531145483,20.032847549454345,0.7676055094491911,-6.297968731471291,0.35,44.88643568611579,4.4080656051967475,16.31787331846421,701e03961942f740efef19f1b7e16fe7
4.5,15.219369547636843,20.195617090625134,0.7638136952140739,-6.797968731471293,0.34,44.38643568611579,4.487357671162183,16.22963802434656,701e03961942f740efef19f1b7e16fe7
5.0,15.389103956700001,20.36936224830374,0.7597323397188638,-7.297968731471293,0.33,43.88643568611579,4.626295307414819,16.141402730228915,701e03961942f740efef19f1b7e16fe7
5.5,15.559103956700001,20.553804687553416,0.7553614429635609,-7.797968731471293,0.33,43.38643568611579,4.766295307414818,16.053167436111266,701e03961942f740efef19f1b7e16fe7
6.0,15.727126117254574,20.747903427179498,0.750719164537052,-8.295990892025866,0.33,42.88643568611579,4.8983839496331205,15.96493214199362,701e03961942f740efef19f1b7e16fe7
6.5,15.887748252879556,20.94914049586743,0.7458600883844427,-8.785990892025866,0.32,42.38643568611579,4.99838394963312,15.876696847875973,701e03961942f740efef19f1b7e16fe7
7.0,16.062004063117314,21.159682410016458,0.7407261325969487,-9.27503998025198,0.3,41.88643568611579,5.115407190584167,15.788461553758324,701e03961942f740efef19f1b7e16fe7
7.5,16.25344785520651,21.3753877081332,0.7354130273223803,-9.755039980251981,0.27,41.38643568611579,5.30118235894094,15.700226259640678,701e03961942f740efef19f1b7e16fe7
8.0,16.475233001310404,21.600051843763335,0.7298219624381227,-10.235039980251978,0.25,40.88643568611579,5.608322943356525,15.611990965523031,701e03961942f740efef19f1b7e16fe7
8.5,16.717369795401424,21.833398261230798,0.723952937944176,-10.715039980251982,0.23,40.38643568611579,5.971328361826944,15.523755671405384,701e03961942f740efef19f1b7e16fe7
9.0,16.96714593678372,22.075070393197308,0.717808030864278,-11.194816121634275,0.23,39.88643568611579,6.350432927356121,15.435520377287737,701e03961942f740efef19f1b7e16fe7
9.5,17.212145936783717,22.323105719998974,0.7114309910914809,-11.669816121634277,0.23,39.38643568611579,6.710432927356121,15.34728508317009,701e03961942f740efef19f1b7e16fe7
10.0,17.455814527768272,22.57834271293133,0.7047944096864178,-12.143484712618829,0.23,38.88643568611579,7.065107291294327,15.259049789052442,701e03961942f740efef19f1b7e16fe7
10.5,17.70087725687479,22.839440544268992,0.6979273684734514,-12.61348471261883,0.22,38.38643568611579,7.4051072912943265,15.170814494934795,701e03961942f740efef19f1b7e16fe7
11.0,17.95087725687479,23.107759066768395,0.6907881584759977,-13.083484712618828,0.22,37.88643568611579,7.745107291294326,15.082579200817149,701e03961942f740efef19f1b7e16fe7
11.5,18.207208885264787,23.38304971128522,0.6833767796940569,-13.553484712618829,0.21,37.38643568611579,8.085107291294326,14.994343906699502,701e03961942f740efef19f1b7e16fe7
12.0,18.463550936889856,23.661425844610253,0.6757930807282784,-14.019418706138008,0.2,36.88643568611579,8.408843265371054,14.908508954381178,701e03961942f740efef19f1b7e16fe7
12.5,18.731196947505122,23.944334449129524,0.6679939514762603,-14.481475740058949,0.19,36.38643568611579,8.717071401054817,14.879097189675296,701e03961942f740efef19f1b7e16fe7
13.0,19.00119694750512,24.232676863108413,0.659949640695609,-14.94147574005895,0.19,35.88643568611579,9.017071401054816,14.849685424969413,701e03961942f740efef19f1b7e16fe7
13.5,19.2806302568161,24.52675600995298,0.6516460997565973,-15.401090475145866,0.18,35.38643568611579,9.315530341402473,14.820273660263531,701e03961942f740efef19f1b7e16fe7
14.0,19.56228211782009,24.823584568851263,0.6431633570670822,-15.856090475145866,0.17,34.88643568611579,9.595530341402473,14.790861895557649,701e03961942f740efef19f1b7e16fe7
14.5,19.84487060957441,25.124990141688432,0.6344453978343583,-16.308678966900185,0.17,34.38643568611579,9.865884308419755,14.761450130851767,701e03961942f740efef19f1b7e16fe7
15.0,20.12487060957441,25.43066669568144,0.6254964424720655,-16.758678966900185,0.17,33.88643568611579,10.125884308419755,14.732038366145884,701e03961942f740efef19f1b7e16fe7
15.5,20.40578090748736,25.741454651082584,0.6162868999756893,-17.208678966900184,0.16,33.38643568611579,10.385884308419755,14.702626601440002,701e03961942f740efef19f1b7e16fe7
16.0,20.695780907487364,26.057171115081573,0.6068167703452296,-17.658678966900183,0.16,32.88643568611579,10.645884308419754,14.673214836734118,701e03961942f740efef19f1b7e16fe7
16.5,20.991141883018162,26.3754579088515,0.5971526860501816,-18.104628087487928,0.14,32.38643568611579,10.904343784998732,14.643803072028236,701e03961942f740efef19f1b7e16fe7
17.0,21.302712272227854,26.697788447530357,0.5872462472041401,-18.54962808748793,0.12,31.88643568611579,11.184343784998733,14.628830626989615,701e03961942f740efef19f1b7e16fe7
17.5,21.6236004487368,27.021823288355844,0.5771661428129082,-18.990516263996867,0.12,31.38643568611579,11.44789649103448,14.658242391695497,701e03961942f740efef19f1b7e16fe7
18.0,21.938600448736796,27.346241973827535,0.5669522759036774,-19.425516263996865,0.12,30.88643568611579,11.687896491034481,14.68765415640138,701e03961942f740efef19f1b7e16fe7
18.5,22.253600448736798,27.674717096207573,0.5564865080981658,-19.860516263996864,0.12,30.38643568611579,11.927896491034481,14.717065921107261,701e03961942f740efef19f1b7e16fe7
19.0,22.5686004487368,28.007105930801217,0.5457688393963731,-20.295516263996866,0.12,29.88643568611579,12.16789649103448,14.746477685813144,701e03961942f740efef19f1b7e16fe7
19.5,22.888583093918804,28.34327078661031,0.5347992697983,-20.73051626399686,0.11,29.38643568611579,12.40789649103448,14.805199128060258,701e03961942f740efef19f1b7e16fe7
20.0,23.211548005569867,28.680375420732144,0.5236676039267025,-21.163481175647927,0.11,28.88643568611579,12.64789649103448,14.881463314242986,701e03961942f740efef19f1b7e16fe7
0.0,17.09616435932102,23.587949550907613,0.6778034867159843,2.7475605587590777,0.56,65.44657818789388,4.500468661404494,12.871395399796151,57c35bd4df3a428bf23e081e0d374b4c
0.5,17.04458250969577,23.53494855438192,0.6792497803786668,2.2475605587590777,0.54,64.94657818789388,4.394141262903497,12.665513046854974,57c35bd4df3a428bf23e081e0d374b4c
1.0,17.010776245349007,23.492472047416477,0.6804065327812566,1.747560558759077,0.53,64.44657818789388,4.334141262903497,12.49606443305048,57c35bd4df3a428bf23e081e0d374b4c
1.5,16.98576198699036,23.46057719536937,0.6812737439237535,1.247560558759077,0.51,63.94657818789388,4.2741412629034965,12.370356212311714,57c35bd4df3a428bf23e081e0d374b4c
2.0,16.978306114877388,23.439307194990352,0.6818514138061573,0.747560558759077,0.48,63.44657818789388,4.2183217989500275,12.287493586874273,57c35bd4df3a428bf23e081e0d374b4c
2.5,17.002238714687607,23.428690983970217,0.6821395424284686,0.2475605587590771,0.47,62.94657818789388,4.214052198190894,12.258081822168391,57c35bd4df3a428bf23e081e0d374b4c
3.0,17.03478477933864,23.428743044892702,0.682138129790687,-0.25243944124092293,0.46,62.44657818789388,4.244236456795035,12.228670057462509,57c35bd4df3a428bf23e081e0d374b4c
3.5,17.07478477933864,23.439463306672554,0.6818471758928124,-0.752439441240923,0.46,61.94657818789388,4.304236456795035,12.199258292756625,57c35bd4df3a428bf23e081e0d374b4c
4.0,17.12986129883515,23.460837145040028,0.6812666807348453,-1.252439441240923,0.44,61.44657818789388,4.403278891650516,12.201116591478034,57c35bd4df3a428bf23e081e0d374b4c
4.5,17.19523486341032,23.492835482064123,0.680396644316785,-1.752439441240923,0.43,60.94657818789388,4.503278891650517,12.230528356183916,57c35bd4df3a428bf23e081e0d374b4c
5.0,17.264251673924402,23.535120503401135,0.6792450934861483,-2.251456251755004,0.43,60.44657818789388,4.599346133706842,12.259940120889798,57c35bd4df3a428bf23e081e0d374b4c
5.5,17.35384729050673,23.586666855691323,0.6778385273784612,-2.746456251755003,0.4,59.94657818789388,4.777728600036155,12.28935188559568,57c35bd4df3a428bf23e081e0d374b4c
6.0,17.44884729050673,23.648568870295776,0.6761453154232824,-3.241456251755003,0.4,59.44657818789388,4.977728600036155,12.318763650301563,57c35bd4df3a428bf23e081e0d374b4c
6.5,17.556409947981756,23.720745474476082,0.6741654576206115,-3.736456251755003,0.38,58.94657818789388,5.177728600036155,12.348175415007447,57c35bd4df3a428bf23e081e0d374b4c
7.0,17.689071416912135,23.803103203503372,0.6718989539704487,-4.231456251755003,0.34,58.44657818789388,5.417385571516108,12.423159097715624,57c35bd4df3a428bf23e081e0d374b4c
7.5,17.85236255079488,23.895536787617633,0.6693458044727942,-4.726456251755003,0.33,57.94657818789388,5.7305501070470815,12.570217921245035,57c35bd4df3a428bf23e081e0d374b4c
8.0,18.01480224268632,23.997062615508685,0.666530110801276,-5.218895943646446,0.33,57.44657818789388,6.040308874612849,12.717276744774448,57c35bd4df3a428bf23e081e0d374b4c
8.5,18.18238439950768,24.107164812907435,0.6634630690605228,-5.708078412655615,0.32,56.94657818789388,6.370637501898277,12.86433556830386,57c35bd4df3a428bf23e081e0d374b4c
9.0,18.343524819591053,24.222946975944936,0.6602226594298493,-6.187396907931776,0.31,56.44657818789388,6.675199182231795,13.01139439183327,57c35bd4df3a428bf23e081e0d374b4c
9.5,18.520821864604528,24.345814717002106,0.6567669647814771,-6.661037997481071,0.29,55.94657818789388,6.989763540428976,13.238782365151964,57c35bd4df3a428bf23e081e0d374b4c
10.0,18.701611543862732,24.4762074724022,0.6530805034542981,-7.131037997481071,0.28,55.44657818789388,7.289763540428976,13.503488247504905,57c35bd4df3a428bf23e081e0d374b4c
10.5,18.899962055573244,24.61545795287097,0.6491218733426318,-7.601037997481071,0.27,54.94657818789388,7.623165587271023,13.768194129857847,57c35bd4df3a428bf23e081e0d374b4c
11.0,19.1069085899493,24.76291789909911,0.6449053808825385,-8.070267809028218,0.26,54.44657818789388,7.960084833459619,14.078292499439646,57c35bd4df3a428bf23e081e0d374b4c
11.5,19.311908589949297,24.916156820154896,0.6404969601140982,-8.53526780902822,0.26,53.94657818789388,8.280084833459618,14.401821911204351,57c35bd4df3a428bf23e081e0d374b4c
12.0,19.51202828559236,25.076127529760388,0.6358658627792122,-8.995387504671285,0.26,53.44657818789388,8.580563616031878,14.725351322969058,57c35bd4df3a428bf23e081e0d374b4c
12.5,19.71202828559236,25.24415891634099,0.6309694956738607,-9.455387504671284,0.26,52.94657818789388,8.880563616031877,15.048880734733764,57c35bd4df3a428bf23e081e0d374b4c
13.0,19.910755253266842,25.419624784612946,0.6258215882713385,-9.914114472345766,0.26,52.44657818789388,9.175471486729807,15.372410146498469,57c35bd4df3a428bf23e081e0d374b4c
13.5,20.102928646341283,25.599012133309166,0.6205217682902576,-10.366287865420205,0.26,51.94657818789388,9.444165059027558,15.695939558263175,57c35bd4df3a428bf23e081e0d374b4c
14.0,20.292928646341284,25.784117399413347,0.6150139477429388,-10.816287865420204,0.26,51.44657818789388,9.704165059027558,16.01946897002788,57c35bd4df3a428bf23e081e0d374b4c
14.5,20.482928646341282,25.976566322979455,0.6092455400615364,-11.266287865420203,0.26,50.94657818789388,9.964165059027557,16.342998381792587,57c35bd4df3a428bf23e081e0d374b4c
15.0,20.672928646341283,26.176196931517204,0.6032165452460505,-11.716287865420204,0.26,50.44657818789388,10.224165059027557,16.666527793557293,57c35bd4df3a428bf23e081e0d374b4c
15.5,20.872613018939276,26.38284620095017,0.5969269632964811,-12.166287865420204,0.25,49.94657818789388,10.484165059027557,16.990057205322,57c35bd4df3a428bf23e081e0d374b4c
16.0,21.08156475775602,26.596350530259055,0.5903767942128282,-12.616287865420205,0.24,49.44657818789388,10.779972014294513,17.313586617086706,57c35bd4df3a428bf23e081e0d374b4c
16.5,21.291564757756017,26.81654618689422,0.5835660379950918,-13.066287865420204,0.24,48.94657818789388,11.079972014294512,17.63711602885141,57c35bd4df3a428bf23e081e0d374b4c
17.0,21.510185576988025,27.043269722044545,0.5764946946432715,-13.516287865420203,0.22,48.44657818789388,11.379972014294513,17.960645440616116,57c35bd4df3a428bf23e081e0d374b4c
17.5,21.740185576988026,27.27635835526201,0.569162764157368,-13.966287865420204,0.22,47.94657818789388,11.679972014294513,18.284174852380822,57c35bd4df3a428bf23e081e0d374b4c
18.0,21.972536418489177,27.513213744190317,0.5616478913442549,-14.412963433622426,0.21,47.44657818789388,11.966674287103404,18.60770426414553,57c35bd4df3a428bf23e081e0d374b4c
18.5,22.215783127143183,27.75486252834132,0.5539139759208656,-14.857963433622427,0.2,46.94657818789388,12.246674287103403,18.931233675910235,57c35bd4df3a428bf23e081e0d374b4c
19.0,22.469375207981752,28.00237235308373,0.5459223687759933,-15.302963433622427,0.19,46.44657818789388,12.526674287103404,19.25476308767494,57c35bd4df3a428bf23e081e0d374b4c
19.5,22.72437520798175,28.255589196376178,0.5376730699096386,-15.747963433622425,0.19,45.94657818789388,12.806674287103403,19.578292499439645,57c35bd4df3a428bf23e081e0d374b4c
20.0,22.979375207981754,28.514361018055318,0.5291660793218012,-16.192963433622428,0.19,45.44657818789388,13.086674287103403,19.90182191120435,57c35bd4df3a428bf23e081e0d374b4c
0.0,14.048130203120024,18.002493546927933,0.8123252769594288,-2.5728507423790807,0.56,41.31907816802979,8.303597032656485,12.310532752309019,2523459e880bdf90906b57b0942f0da2
0.5,13.991580203120025,18.08072522465736,0.810690613437424,-3.0728507423790807,0.55,40.81907816802979,7.977397032656484,12.104650399367843,2523459e880bdf90906b57b0942f0da2
1.0,13.950196451361517,18.172382215657365,0.8087664086553263,-3.5728507423790807,0.53,40.31907816802979,7.677397032656484,11.898768046426667,2523459e880bdf90906b57b0942f0da2
1.5,13.924608641021273,18.277262544875782,0.8065526626131359,-4.072850742379081,0.51,39.81907816802979,7.386342487201939,11.70568467009368,2523459e880bdf90906b57b0942f0da2
2.0,13.92932526298889,18.395140034169305,0.8040493753108525,-4.572850742379081,0.48,39.31907816802979,7.160457459729412,11.558625846564269,2523459e880bdf90906b57b0942f0da2
2.5,13.9602060234784,18.525766586543114,0.8012565467484764,-5.07285074237908,0.46,38.81907816802979,7.023980501687454,11.411567023034857,2523459e880bdf90906b57b0942f0da2
3.0,14.0002060234784,18.668874587437145,0.7981741769260073,-5.57285074237908,0.46,38.31907816802979,6.923980501687454,11.264508199505444,2523459e880bdf90906b57b0942f0da2
3.5,14.046966933757144,18.824179373981632,0.7948022658434455,-6.07285074237908,0.45,37.81907816802979,6.823980501687454,11.157219436439243,2523459e880bdf90906b57b0942f0da2
4.0,14.112912273115919,18.991381725567376,0.7911408135007909,-6.57285074237908,0.43,37.31907816802979,6.723980501687453,11.068984142321597,2523459e880bdf90906b57b0942f0da2
4.5,14.194214698292084,19.17017033280074,0.7871898198980435,-7.07285074237908,0.41,36.81907816802979,6.623980501687454,10.98074884820395,2523459e880bdf90906b57b0942f0da2
5.0,14.288260525451658,19.360224206629756,0.7829492850352031,-7.57285074237908,0.4,36.31907816802979,6.523980501687454,10.892513554086303,2523459e880bdf90906b57b0942f0da2
5.5,14.412364781740257,19.5612149948144,0.7784192089122701,-8.07285074237908,0.37,35.81907816802979,6.4806871683541205,10.804278259968655,2523459e880bdf90906b57b0942f0da2
6.0,14.556442853203036,19.772330923207697,0.7736105435310023,-8.571677305905352,0.35,35.31907816802979,6.5169994542052425,10.716042965851008,2523459e880bdf90906b57b0942f0da2
6.5,14.710319328208598,19.992104627645904,0.7685498387123493,-9.066677305905353,0.33,34.81907816802979,6.5569994542052426,10.627807671733361,2523459e880bdf90906b57b0942f0da2
7.0,14.88212179998364,20.220557937344598,0.7632299721429402,-9.559125401880586,0.31,34.31907816802979,6.586791838106171,10.539572377615714,2523459e880bdf90906b57b0942f0da2
7.5,15.05712179998364,20.45513599806636,0.7577045836585516,-10.044125401880585,0.31,33.81907816802979,6.586791838106171,10.451337083498068,2523459e880bdf90906b57b0942f0da2
8.0,15.249799583236861,20.698773251119757,0.7518983401518732,-10.529125401880583,0.29,33.31907816802979,6.621101361915696,10.363101789380421,2523459e880bdf90906b57b0942f0da2
8.5,15.454268523303005,20.951153655661813,0.7458112416229046,-11.014125401880584,0.28,32.81907816802979,6.698977122180274,10.274866495262772,2523459e880bdf90906b57b0942f0da2
9.0,15.666818523303004,21.21196513539073,0.7394432880716459,-11.499125401880583,0.27,32.31907816802979,6.809177122180274,10.186631201145126,2523459e880bdf90906b57b0942f0da2
9.5,15.881818523303004,21.480900593478676,0.7327944794980972,-11.984125401880583,0.27,31.81907816802979,6.929177122180274,10.098395907027479,2523459e880bdf90906b57b0942f0da2
10.0,16.11035626139824,21.7576587828009,0.7258648159022585,-12.469125401880582,0.25,31.31907816802979,7.067328074561228,10.063101789380422,2523459e880bdf90906b57b0942f0da2
10.5,16.34535626139824,22.041945039190022,0.7186542972841298,-12.954125401880583,0.25,30.81907816802979,7.227328074561228,10.03369002467454,2523459e880bdf90906b57b0942f0da2
11.0,16.580356261398244,22.3334718866672,0.7111629236437109,-13.439125401880583,0.25,30.31907816802979,7.387328074561228,10.004278259968657,2523459e880bdf90906b57b0942f0da2
11.5,16.8117224152444,22.63048524004465,0.7034293369922786,-13.920491555726738,0.25,29.81907816802979,7.532792689945843,9.974866495262775,2523459e880bdf90906b57b0942f0da2
12.0,17.058792326777365,22.933585715182122,0.6954319227371855,-14.400491555726738,0.22,29.31907816802979,7.711441782373881,9.945454730556893,2523459e880bdf90906b57b0942f0da2
12.5,17.331151218540164,23.242275884107645,0.6871776605060556,-14.878685021635828,0.19,28.81907816802979,7.956501011863904,9.951890521088032,2523459e880bdf90906b57b0942f0da2
13.0,17.633921081847788,23.55566966347184,0.6786847291222177,-15.35368502163583,0.17,28.31907816802979,8.196501011863905,10.04012581520568,2523459e880bdf90906b57b0942f0da2
13.5,17.94801067588816,23.874898079703787,0.6699167335412914,-15.82868502163583,0.15,27.81907816802979,8.436501011863903,10.13516257991156,2523459e880bdf90906b57b0942f0da2
14.0,18.276688565649327,24.199730232750102,0.660873673763277,-16.30368502163583,0.14,27.31907816802979,8.676501011863904,10.303856049094902,2523459e880bdf90906b57b0942f0da2
14.5,18.611688565649327,24.52994350502086,0.6515555497881744,-16.77868502163583,0.14,26.81907816802979,8.916501011863904,10.509738402036078,2523459e880bdf90906b57b0942f0da2
15.0,18.950435791310284,24.865323512497294,0.6419623616159836,-17.253685021635828,0.12,26.31907816802979,9.158623168726649,10.715620754977254,2523459e880bdf90906b57b0942f0da2
15.5,19.302752457976954,25.20458513263692,0.6321256036307881,-17.726001688302496,0.12,25.81907816802979,9.427889835393316,10.921503107918431,2523459e880bdf90906b57b0942f0da2
16.0,19.646766208598414,25.54457525214357,0.622133990422655,-18.188662997826306,0.11,25.31907816802979,9.658535073488554,11.127385460859607,2523459e880bdf90906b57b0942f0da2
16.5,19.996766208598416,25.88771886069246,0.6119139581759663,-18.648662997826303,0.11,24.81907816802979,9.878535073488553,11.333267813800784,2523459e880bdf90906b57b0942f0da2
17.0,20.34810847342818,26.234744641508158,0.6014396070177266,-19.10816776265607,0.1,24.31907816802979,10.103904132807614,11.53915016674196,2523459e880bdf90906b57b0942f0da2
17.5,20.710309205068608,26.58227782128155,0.5908101606700371,-19.56316776265607,0.09,23.81907816802979,10.343904132807614,11.745032519683136,2523459e880bdf90906b57b0942f0da2
18.0,21.081358744322078,26.93304948516809,0.5799398202559629,-20.016953391090137,0.08,23.31907816802979,10.579046646543878,11.993643759797283,2523459e880bdf90906b57b0942f0da2
18.5,21.45135874432208,27.285364354569346,0.5688782129457814,-20.466953391090136,0.08,22.81907816802979,10.799046646543877,12.258349642150225,2523459e880bdf90906b57b0942f0da2
19.0,21.82135874432208,27.641328863726752,0.5575560185015164,-20.916953391090143,0.08,22.31907816802979,11.019046646543877,12.523055524503166,2523459e880bdf90906b57b0942f0da2
19.5,22.19867398241732,28.000803823172358,0.5459732369231679,-21.36695339109014,0.07,21.81907816802979,11.239046646543876,12.830792219181038,2523459e880bdf90906b57b0942f0da2
20.0,22.57498875514459,28.362592378139645,0.5341647994680634,-21.813268163817412,0.07,21.31907816802979,11.44430573745297,13.154321630945745,2523459e880bdf90906b57b0942f0da2
0.0,14.92518843121155,20.278147870034907,0.7618793677073235,-0.036551159196809416,0.54,53.223355547230526,9.839103278633987,19.30051707594953,dbe89deb994fbf24e8d3cd7b5f9399ca
0.5,14.88518843121155,20.285212155612225,0.7617134309398936,-0.5365511591968094,0.54,52.723355547230526,9.459103278633988,19.153458252420116,dbe89deb994fbf24e8d3cd7b5f9399ca
1.0,14.868834032105024,20.304590204123667,0.7612579529123711,-1.0365511591968093,0.49,52.223355547230526,9.140852853405624,19.006399428890706,dbe89deb994fbf24e8d3cd7b5f9399ca
1.5,14.882866852654356,20.336246814901507,0.7605129336247556,-1.5365511591968093,0.47,51.723355547230526,8.884509166814437,18.859340605361293,dbe89deb994fbf24e8d3cd7b5f9399ca
2.0,14.912866852654355,20.380124770859194,0.7594783730770474,-2.0365511591968093,0.47,51.223355547230526,8.664509166814439,18.71228178183188,dbe89deb994fbf24e8d3cd7b5f9399ca
2.5,14.949249359265393,20.43614535167983,0.7581542712692462,-2.5365511591968093,0.46,50.723355547230526,8.470039193258582,18.56522295830247,dbe89deb994fbf24e8d3cd7b5f9399ca
3.0,15.005235776831734,20.504209031176554,0.7565406282013523,-3.036551159196809,0.44,50.223355547230526,8.329472001347465,18.418164134773058,dbe89deb994fbf24e8d3cd7b5f9399ca
3.5,15.07329417692429,20.584196344608134,0.7546374438733654,-3.536551159196809,0.42,49.723355547230526,8.19781346783849,18.271105311243645,dbe89deb994fbf24e8d3cd7b5f9399ca
4.0,15.15329417692429,20.675968908676946,0.7524447182852858,-4.036551159196809,0.42,49.223355547230526,8.09781346783849,18.124046487714235,dbe89deb994fbf24e8d3cd7b5f9399ca
4.5,15.255745174444357,20.779370574484986,0.7499624514371134,-4.536551159196808,0.39,48.723355547230526,8.058841839940245,17.976987664184822,dbe89deb994fbf24e8d3cd7b5f9399ca
5.0,15.394040122860213,20.89422869193714,0.7471906433288482,-5.036551159196809,0.35,48.223355547230526,8.102600202264194,17.829928840655413,dbe89deb994fbf24e8d3cd7b5f9399ca
5.5,15.555453418500136,21.02035546298316,0.74412929396049,-5.536551159196808,0.32,47.723355547230526,8.16632801750451,17.682870017126,dbe89deb994fbf24e8d3cd7b5f9399ca
6.0,15.735453418500136,21.157549360674142,0.7407784033320391,-6.03655115919681,0.32,47.223355547230526,8.26632801750451,17.535811193596587,dbe89deb994fbf24e8d3cd7b5f9399ca
6.5,15.923220414420882,21.305596591237705,0.7371379714434954,-6.53655115919681,0.31,46.723355547230526,8.397396001187493,17.388752370067177,dbe89deb994fbf24e8d3cd7b5f9399ca
7.0,16.120129468625226,21.46427257718641,0.7332079982948587,-7.03655115919681,0.3,46.223355547230526,8.537396001187494,17.241693546537764,dbe89deb994fbf24e8d3cd7b5f9399ca
7.5,16.320129468625225,21.633343440784955,0.7289884838861294,-7.53655115919681,0.3,45.723355547230526,8.677396001187493,17.09463472300835,dbe89deb994fbf24e8d3cd7b5f9399ca
8.0,16.525178915713997,21.812567468919152,0.724479428217307,-8.03655115919681,0.29,45.223355547230526,8.817396001187493,16.94757589947894,dbe89deb994fbf24e8d3cd7b5f9399ca
8.5,16.735178915714,22.00169654243388,0.719680831288392,-8.536551159196808,0.29,44.723355547230526,8.957396001187494,16.80051707594953,dbe89deb994fbf24e8d3cd7b5f9399ca
9.0,16.945178915714,22.200477515237004,0.714592693099384,-9.036551159196808,0.29,44.223355547230526,9.097396001187493,16.653458252420116,dbe89deb994fbf24e8d3cd7b5f9399ca
9.5,17.155602326851476,22.408489898885247,0.7092192603608042,-9.536094120020707,0.28,43.723355547230526,9.239089645737389,16.506399428890706,dbe89deb994fbf24e8d3cd7b5f9399ca
10.0,17.370602326851476,22.623969891874918,0.703600078622924,-10.031094120020708,0.28,43.223355547230526,9.399089645737389,16.359340605361293,dbe89deb994fbf24e8d3cd7b5f9399ca
10.5,17.5845596435401,22.847929917243604,0.6977027671902525,-10.52505143670933,0.28,42.723355547230526,9.554918912491877,16.21228178183188,dbe89deb994fbf24e8d3cd7b5f9399ca
11.0,17.801242823346403,23.079167076391315,0.6915528810397815,-11.01505143670933,0.27,42.223355547230526,9.721651631717094,16.06522295830247,dbe89deb994fbf24e8d3cd7b5f9399ca
11.5,18.03055771314734,23.318619263942157,0.6851192444544195,-11.50505143670933,0.25,41.723355547230526,9.901651631717094,15.937856219432918,dbe89deb994fbf24e8d3cd7b5f9399ca
12.0,18.26890305967581,23.565257894816654,0.6784230959597535,-11.993396783237802,0.25,41.223355547230526,10.07503301783098,15.849620925315271,dbe89deb994fbf24e8d3cd7b5f9399ca
12.5,18.516015468451677,23.816641932828823,0.671525613192461,-12.475205529932284,0.23,40.723355547230526,10.283482652934438,15.761385631197625,dbe89deb994fbf24e8d3cd7b5f9399ca
13.0,18.758738000833507,24.071908472061594,0.6644467089539876,-12.94723573464179,0.22,40.223355547230526,10.471603471772465,15.677222852799543,dbe89deb994fbf24e8d3cd7b5f9399ca
13.5,19.008738000833507,24.333495704932172,0.6571142295735863,-13.41723573464179,0.22,39.723355547230526,10.651603471772464,15.647811088093661,dbe89deb994fbf24e8d3cd7b5f9399ca
14.0,19.260401254295733,24.601854583681174,0.6495095814086979,-13.88723573464179,0.21,39.223355547230526,10.831603471772462,15.618399323387777,dbe89deb994fbf24e8d3cd7b5f9399ca
14.5,19.52141180138549,24.873915982319915,0.6417148716408522,-14.352387793181698,0.2,38.723355547230526,10.992211705932096,15.623449256033947,dbe89deb994fbf24e8d3cd7b5f9399ca
15.0,19.783060781641346,25.150230298919567,0.6337105684825931,-14.8123877931817,0.19,38.223355547230526,11.138807626955519,15.652861020739829,dbe89deb994fbf24e8d3cd7b5f9399ca
15.5,20.05993188046083,25.43258681066229,0.6254398873650485,-15.2723877931817,0.18,37.723355547230526,11.318807626955518,15.722691013795608,dbe89deb994fbf24e8d3cd7b5f9399ca
16.0,20.339931880460828,25.72078652909073,0.6169028282882185,-15.732387793181699,0.18,37.223355547230526,11.498807626955518,15.810926307913254,dbe89deb994fbf24e8d3cd7b5f9399ca
16.5,20.619931880460825,26.014635255337268,0.6080993912521033,-16.192387793181698,0.18,36.723355547230526,11.678807626955518,15.899161602030901,dbe89deb994fbf24e8d3cd7b5f9399ca
17.0,20.90901643844459,26.30894704293395,0.5991818406509077,-16.644111206474093,0.15,36.223355547230526,11.825701280125104,15.98739689614855,dbe89deb994fbf24e8d3cd7b5f9399ca
17.5,21.20797812969043,26.603708495515757,0.5901501157271067,-17.089111206474094,0.14,35.723355547230526,11.961548045108486,16.075632190266194,dbe89deb994fbf24e8d3cd7b5f9399ca
18.0,21.51297812969043,26.903511237770644,0.5808606990818233,-17.534111206474094,0.14,35.223355547230526,12.121548045108486,16.163867484383843,dbe89deb994fbf24e8d3cd7b5f9399ca
18.5,21.823356724344514,27.208188622679856,0.571313590715057,-17.979111206474094,0.13,34.723355547230526,12.281548045108487,16.25210277850149,dbe89deb994fbf24e8d3cd7b5f9399ca
19.0,22.13332027721525,27.511328600784147,0.5617079590836945,-18.419074759344834,0.13,34.223355547230526,12.437049299825992,16.317327714921277,dbe89deb994fbf24e8d3cd7b5f9399ca
19.5,22.438320277215254,27.814740267341506,0.551987147066768,-18.854074759344837,0.13,33.723355547230526,12.577049299825992,16.376151244333045,dbe89deb994fbf24e8d3cd7b5f9399ca
20.0,22.743320277215254,28.12261280356101,0.542014434153561,-19.289074759344835,0.13,33.223355547230526,12.717049299825993,16.43497477374481,dbe89deb994fbf24e8d3cd7b5f9399ca
0.0,10.024658725018336,14.241583179960159,0.8825489246717158,-2.3293647823204173,0.5,44.24613659912737,3.4673282133048575,5.382865161503208,279244f39ffce5a97a8855b4d0b63c41
0.5,10.065030532892417,14.331854599250043,0.8810552596130914,-2.829364782320417,0.44,43.74613659912737,3.336561453717713,5.337331457342992,279244f39ffce5a97a8855b4d0b63c41
1.0,10.125030532892417,14.438885726965395,0.8792720532943744,-3.329364782320417,0.44,43.24613659912737,3.2365614537177128,5.3079196926371095,279244f39ffce5a97a8855b4d0b63c41
1.5,10.186603299843602,14.562307022538887,0.8771993057155645,-3.829364782320417,0.43,42.74613659912737,3.142852521522458,5.278507927931227,279244f39ffce5a97a8855b4d0b63c41
2.0,10.274185425729604,14.701705703795248,0.8748370168766618,-4.329364782320416,0.4,42.24613659912737,3.082852521522458,5.332422645805554,279244f39ffce5a97a8855b4d0b63c41
2.5,10.384391675162947,14.856632033651712,0.8721851867776662,-4.829364782320416,0.37,41.74613659912737,3.059966765270628,5.426114931077902,279244f39ffce5a97a8855b4d0b63c41
3.0,10.517139750172129,15.026605743335608,0.8692438154185778,-5.329364782320418,0.36,41.24613659912737,3.079966765270628,5.573173754607314,279244f39ffce5a97a8855b4d0b63c41
3.5,10.661672016940447,15.211122409209883,0.8660129027993966,-5.829364782320418,0.35,40.74613659912737,3.118095832343904,5.720232578136725,279244f39ffce5a97a8855b4d0b63c41
4.0,10.825137535900197,15.409659624089285,0.8624924489201226,-6.329364782320418,0.33,40.24613659912737,3.217311576069562,5.888830125362212,279244f39ffce5a97a8855b4d0b63c41
4.5,11.02695162308766,15.6216828322882,0.8586824537807557,-6.829364782320418,0.28,39.74613659912737,3.3902283839177416,6.094712478303388,279244f39ffce5a97a8855b4d0b63c41
5.0,11.254206022255742,15.846650727990705,0.854582917381296,-7.329364782320418,0.27,39.24613659912737,3.6392459805900743,6.300594831244565,279244f39ffce5a97a8855b4d0b63c41
5.5,11.498167154947225,16.082125402200955,0.8502291328470214,-7.826362518989387,0.24,38.74613659912737,3.8954259194472565,6.506477184185742,279244f39ffce5a97a8855b4d0b63c41
6.0,11.766929502114857,16.328154212007757,0.845611608443911,-8.321362518989387,0.22,38.24613659912737,4.199560099074819,6.712359537126918,279244f39ffce5a97a8855b4d0b63c41
6.5,12.057713327707063,16.585459972219525,0.8407074381933088,-8.816362518989386,0.2,37.74613659912737,4.51956009907482,6.9698443271829476,279244f39ffce5a97a8855b4d0b63c41
7.0,12.371053859868937,16.853526189171372,0.8355166220952147,-9.311362518989387,0.17,37.24613659912737,4.877954270856771,7.234550209535889,279244f39ffce5a97a8855b4d0b63c41
7.5,12.701191759483551,17.12781848773081,0.8301190974995138,-9.797372640807007,0.14,36.74613659912737,5.235543517489154,7.49925609188883,279244f39ffce5a97a8855b4d0b63c41
8.0,13.046191759483552,17.41126183794444,0.8244499533783787,-10.282372640807006,0.14,36.24613659912737,5.635543517489153,7.763961974241772,279244f39ffce5a97a8855b4d0b63c41
8.5,13.394825509112048,17.701963824334523,0.8185389775591346,-10.763266268145996,0.13,35.74613659912737,6.050078516003129,8.028667856594712,279244f39ffce5a97a8855b4d0b63c41
9.0,13.744825509112047,18.000910796573436,0.8123582756299641,-11.243266268145996,0.13,35.24613659912737,6.47007851600313,8.293373738947654,279244f39ffce5a97a8855b4d0b63c41
9.5,14.10209903109875,18.30808716863507,0.8058996140911043,-11.723266268145997,0.12,34.74613659912737,6.89007851600313,8.60086504475177,279244f39ffce5a97a8855b4d0b63c41
10.0,14.462099031098749,18.623085728269793,0.7991629929425557,-12.203266268145997,0.12,34.24613659912737,7.31007851600313,8.924394456516476,279244f39ffce5a97a8855b4d0b63c41
10.5,14.81482843615093,18.941949234054913,0.7922266737537602,-12.675995673198178,0.12,33.74613659912737,7.7009961362118675,9.24792386828118,279244f39ffce5a97a8855b4d0b63c41
11.0,15.162755969109364,19.264539369132812,0.7850894606605686,-13.142595525321578,0.11,33.24613659912737,8.067395544705466,9.571453280045887,279244f39ffce5a97a8855b4d0b63c41
11.5,15.517755969109365,19.59279389546549,0.7777032077985565,-13.607595525321578,0.11,32.74613659912737,8.427395544705467,9.894982691810593,279244f39ffce5a97a8855b4d0b63c41
12.0,15.872755969109365,19.927309606555305,0.7700476815646582,-14.072595525321578,0.11,32.24613659912737,8.787395544705467,10.218512103575298,279244f39ffce5a97a8855b4d0b63c41
12.5,16.230061589722347,20.267776485861315,0.7621228819588735,-14.537595525321578,0.1,31.746136599127368,9.147395544705466,10.542041515340005,279244f39ffce5a97a8855b4d0b63c41
13.0,16.590159621756637,20.61170106647625,0.753981296066722,-14.997693557355872,0.1,31.246136599127368,9.487787672842638,10.865570927104711,279244f39ffce5a97a8855b4d0b63c41
13.5,16.953654845308762,20.958351844708282,0.7456365483261811,-15.45515174112794,0.09,30.746136599127368,9.817620407930907,11.224612337575616,279244f39ffce5a97a8855b4d0b63c41
14.0,17.329654770138188,21.307631585601317,0.7370877547513055,-15.91015174112794,0.07,30.246136599127368,10.137620407930905,11.662277170204895,279244f39ffce5a97a8855b4d0b63c41
14.5,17.709815617008875,21.658153681429177,0.7283665072982903,-16.360312587998628,0.07,29.746136599127368,10.438263795413661,12.10345364079313,279244f39ffce5a97a8855b4d0b63c41
15.0,18.089815617008874,22.013199074110123,0.7193876518085658,-16.810312587998627,0.07,29.246136599127368,10.738263795413662,12.544630111381366,279244f39ffce5a97a8855b4d0b63c41
15.5,18.47569017835567,22.3726673882307,0.7101482091847575,-17.260312587998627,0.06,28.746136599127368,11.03826379541366,12.985806581969602,279244f39ffce5a97a8855b4d0b63c41
16.0,18.866454874732216,22.736348841720385,0.7006481794268659,-17.71031258799863,0.05,28.246136599127368,11.338263795413662,13.43148126653754,279244f39ffce5a97a8855b4d0b63c41
16.5,19.26645487473222,23.10404447797828,0.6908875625348905,-18.16031258799863,0.05,27.746136599127368,11.63826379541366,13.93148126653754,279244f39ffce5a97a8855b4d0b63c41
17.0,19.66645487473222,23.475565676430403,0.6808663585088316,-18.610312587998628,0.05,27.246136599127368,11.938263795413661,14.43148126653754,279244f39ffce5a97a8855b4d0b63c41
17.5,20.06645487473222,23.850733666208175,0.6705845673486892,-19.060312587998627,0.05,26.746136599127368,12.238263795413662,14.93148126653754,279244f39ffce5a97a8855b4d0b63c41
18.0,20.466454874732218,24.229379047024597,0.6600421890544632,-19.510312587998627,0.05,26.246136599127368,12.53826379541366,15.43148126653754,279244f39ffce5a97a8855b4d0b63c41
18.5,20.866454874732216,24.611341320464295,0.6492392236261538,-19.96031258799863,0.05,25.746136599127368,12.838263795413662,15.93148126653754,279244f39ffce5a97a8855b4d0b63c41
19.0,21.262827675148177,24.994410513840016,0.6382352454786646,-20.406685388414587,0.05,25.246136599127368,13.123754997077496,16.43148126653754,279244f39ffce5a97a8855b4d0b63c41
19.5,21.657827675148177,25.379711234030438,0.6269957254891909,-20.851685388414584,0.05,24.746136599127368,13.403754997077497,16.93148126653754,279244f39ffce5a97a8855b4d0b63c41
20.0,22.05282767514818,25.767885588677732,0.6154985137782345,-21.296685388414588,0.05,24.246136599127368,13.683754997077497,17.43148126653754,279244f39ffce5a97a8855b4d0b63c41
